{
  "boundary": {
    "mc_stage1_to_stage2_to_9_raw_ratio": {
      "reflect": 1.3328398161185704,
      "wrap": 1.2413248495239266
    },
    "mc_stage1_to_stage2_to_9_scaled_ratio": {
      "reflect": 3.0942839323234788,
      "wrap": 2.8829972502915595
    },
    "reflect_stage1_domain_exact_single_rms": 0.02561250444565108,
    "reflect_stage1_endpoint_to_center_sd_ratio": 1.4106736924814076,
    "reflect_to_wrap_stage1_domain_rms_ratio": 1.067181993761319,
    "wrap_stage1_domain_exact_single_rms": 0.024000127996330733
  },
  "linear_exact": {
    "recursive_scaled_stage1": 0.020181621597744833,
    "recursive_scaled_stage2_to_9_mean": 0.006776132450609711,
    "recursive_scaled_stage3_to_9_mean": 0.0065615400727757674,
    "single_pass_scaled_cv": 0.006541386191638399,
    "single_pass_scaled_mean": 0.020265660781302288,
    "stage1_to_stage2_to_9_scaled_ratio": 2.978339302669461,
    "stage1_to_stage3_to_9_scaled_ratio": 3.0757446230465955,
    "stage2_to_9_scaled_cv": 0.09000272473147793,
    "stage3_to_9_scaled_cv": 0.036282642483938206
  },
  "robust_mc": {
    "robust_gaussian_only": {
      "stage1_scaled_mean": 0.01880720686807485,
      "stage1_to_stage2_to_9_scaled_ratio": 2.837868797302797,
      "stage2_to_9_scaled_mean": 0.006627229167870563
    },
    "robust_gaussian_plus_contamination": {
      "stage1_scaled_mean": 0.023112371443976605,
      "stage1_to_stage2_to_9_scaled_ratio": 2.8167864546137276,
      "stage2_to_9_scaled_mean": 0.008205226706525773
    }
  },
  "run": {
    "H_robust": 0.8,
    "a": 1.4142135623730951,
    "boundary_mc_reps": 400,
    "elapsed_seconds": 160.24327004200313,
    "linear_mc_reps": 5000,
    "linear_notebook_recursive_rmse": [
      0.024079832232637165,
      0.010586087097483673,
      0.009926873348599173,
      0.010339217086393503,
      0.013394006939448526,
      0.01892882872933152,
      0.0249595097421255,
      0.026528910007645724,
      0.033172993469566696
    ],
    "linear_notebook_single_pass_rmse": [
      0.02407983223263717,
      0.02802814433718771,
      0.03245415536537532,
      0.03720815072542948,
      0.042870814331423694,
      0.05127696741415614,
      0.06434068998560505,
      0.07965342325073992,
      0.09907136221427261
    ],
    "max_abs_contamination": 4.043117580001594,
    "n": 1000,
    "realized_contamination_fraction": 0.175,
    "robust_mc_reps": 120,
    "sigma": 0.4,
    "window_sizes": [
      501,
      355,
      251,
      177,
      125,
      89,
      63,
      45,
      31
    ]
  },
  "seed777": {
    "linear_recursive_rmse": [
      0.024079832232637165,
      0.010586087097483673,
      0.009926873348599173,
      0.010339217086393503,
      0.013394006939448526,
      0.01892882872933152,
      0.0249595097421255,
      0.026528910007645724,
      0.033172993469566696
    ],
    "linear_recursive_scaled_rmse": [
      0.020248644604335442,
      0.007485493972862121,
      0.005902554207942511,
      0.005169608543196751,
      0.00563148621063282,
      0.006692351577214527,
      0.007420506643078843,
      0.006632227501911429,
      0.006973762822948377
    ],
    "robust_contaminated_recursive_rmse": [
      0.03456662459634053,
      0.011223601899319854,
      0.012277682243442998,
      0.01346664046384963,
      0.015742425406866246,
      0.019772111295455325,
      0.025637415747796342,
      0.029976870008602646,
      0.038812637476133734
    ],
    "robust_contaminated_recursive_scaled_rmse": [
      0.02906695071048363,
      0.007936285012347282,
      0.007300353539822491,
      0.006733320231924814,
      0.006618874546016411,
      0.0069904969876957955,
      0.007622049304390552,
      0.00749421750215066,
      0.008159351930055707
    ],
    "robust_gaussian_recursive_rmse": [
      0.025286147712426193,
      0.010270354148201696,
      0.009879891981889327,
      0.010325614789677128,
      0.013690600450868996,
      0.01932047189006118,
      0.02527450281123949,
      0.02671336662283043,
      0.03333883746899153
    ],
    "robust_gaussian_recursive_scaled_rmse": [
      0.0212630309669551,
      0.007262237063380807,
      0.0058746189201605604,
      0.005162807394838563,
      0.005756188420903312,
      0.0068308183445931646,
      0.007514154642820568,
      0.006678341655707605,
      0.007008627229100298
    ]
  }
}
