model,method,sigma,contamination_probability,contamination_scale,scale_ratio,repeat,stage,window_size,rmse
additive,linear,0.4,0.1,1,2.5,0,1,501,0.0302656754063
additive,linear,0.4,0.1,1,2.5,0,2,355,0.0227312925539
additive,linear,0.4,0.1,1,2.5,0,3,251,0.023209605314
additive,linear,0.4,0.1,1,2.5,0,4,177,0.0213590521541
additive,linear,0.4,0.1,1,2.5,0,5,125,0.026933861941
additive,linear,0.4,0.1,1,2.5,0,6,89,0.0318486613752
additive,linear,0.4,0.1,1,2.5,0,7,63,0.0354961925449
additive,linear,0.4,0.1,1,2.5,0,8,45,0.0429612881029
additive,linear,0.4,0.1,1,2.5,0,9,31,0.0537952857899
additive,robust,0.4,0.1,1,2.5,0,1,501,0.0198421276946
additive,robust,0.4,0.1,1,2.5,0,2,355,0.0153935001559
additive,robust,0.4,0.1,1,2.5,0,3,251,0.017303443989
additive,robust,0.4,0.1,1,2.5,0,4,177,0.0161858292838
additive,robust,0.4,0.1,1,2.5,0,5,125,0.021058276349
additive,robust,0.4,0.1,1,2.5,0,6,89,0.0267522180571
additive,robust,0.4,0.1,1,2.5,0,7,63,0.0292559382572
additive,robust,0.4,0.1,1,2.5,0,8,45,0.0329399795385
additive,robust,0.4,0.1,1,2.5,0,9,31,0.0400295771067
additive,linear,0.4,0.1,1,2.5,1,1,501,0.0227189732377
additive,linear,0.4,0.1,1,2.5,1,2,355,0.0173808543413
additive,linear,0.4,0.1,1,2.5,1,3,251,0.0186651051105
additive,linear,0.4,0.1,1,2.5,1,4,177,0.0227495729794
additive,linear,0.4,0.1,1,2.5,1,5,125,0.0283922820478
additive,linear,0.4,0.1,1,2.5,1,6,89,0.029172332612
additive,linear,0.4,0.1,1,2.5,1,7,63,0.0320813390936
additive,linear,0.4,0.1,1,2.5,1,8,45,0.0379584963849
additive,linear,0.4,0.1,1,2.5,1,9,31,0.0462142504711
additive,robust,0.4,0.1,1,2.5,1,1,501,0.0196153940781
additive,robust,0.4,0.1,1,2.5,1,2,355,0.0125245883041
additive,robust,0.4,0.1,1,2.5,1,3,251,0.0141124640877
additive,robust,0.4,0.1,1,2.5,1,4,177,0.0168215321185
additive,robust,0.4,0.1,1,2.5,1,5,125,0.020604979849
additive,robust,0.4,0.1,1,2.5,1,6,89,0.0226821456947
additive,robust,0.4,0.1,1,2.5,1,7,63,0.0260777234603
additive,robust,0.4,0.1,1,2.5,1,8,45,0.0312972688081
additive,robust,0.4,0.1,1,2.5,1,9,31,0.0375536567125
additive,linear,0.4,0.1,1,2.5,2,1,501,0.0368830368205
additive,linear,0.4,0.1,1,2.5,2,2,355,0.0128190070575
additive,linear,0.4,0.1,1,2.5,2,3,251,0.0159070634493
additive,linear,0.4,0.1,1,2.5,2,4,177,0.0186452988768
additive,linear,0.4,0.1,1,2.5,2,5,125,0.0202655175602
additive,linear,0.4,0.1,1,2.5,2,6,89,0.0242343133541
additive,linear,0.4,0.1,1,2.5,2,7,63,0.0274809464374
additive,linear,0.4,0.1,1,2.5,2,8,45,0.0294478531901
additive,linear,0.4,0.1,1,2.5,2,9,31,0.0416573717085
additive,robust,0.4,0.1,1,2.5,2,1,501,0.0294161565273
additive,robust,0.4,0.1,1,2.5,2,2,355,0.0106421669456
additive,robust,0.4,0.1,1,2.5,2,3,251,0.0125215195331
additive,robust,0.4,0.1,1,2.5,2,4,177,0.0143829902787
additive,robust,0.4,0.1,1,2.5,2,5,125,0.0157628349125
additive,robust,0.4,0.1,1,2.5,2,6,89,0.0207734211211
additive,robust,0.4,0.1,1,2.5,2,7,63,0.0242166552822
additive,robust,0.4,0.1,1,2.5,2,8,45,0.0250179420009
additive,robust,0.4,0.1,1,2.5,2,9,31,0.0333602082159
additive,linear,0.4,0.1,1.5,3.75,0,1,501,0.0402866933301
additive,linear,0.4,0.1,1.5,3.75,0,2,355,0.0306868141491
additive,linear,0.4,0.1,1.5,3.75,0,3,251,0.031534252148
additive,linear,0.4,0.1,1.5,3.75,0,4,177,0.028706313998
additive,linear,0.4,0.1,1.5,3.75,0,5,125,0.0341511968376
additive,linear,0.4,0.1,1.5,3.75,0,6,89,0.0395425507648
additive,linear,0.4,0.1,1.5,3.75,0,7,63,0.0461934006438
additive,linear,0.4,0.1,1.5,3.75,0,8,45,0.0574820634487
additive,linear,0.4,0.1,1.5,3.75,0,9,31,0.0717228660781
additive,robust,0.4,0.1,1.5,3.75,0,1,501,0.0185952298336
additive,robust,0.4,0.1,1.5,3.75,0,2,355,0.0159492258386
additive,robust,0.4,0.1,1.5,3.75,0,3,251,0.0176591214163
additive,robust,0.4,0.1,1.5,3.75,0,4,177,0.0166270442195
additive,robust,0.4,0.1,1.5,3.75,0,5,125,0.0223915148872
additive,robust,0.4,0.1,1.5,3.75,0,6,89,0.0285069156423
additive,robust,0.4,0.1,1.5,3.75,0,7,63,0.0312228537364
additive,robust,0.4,0.1,1.5,3.75,0,8,45,0.0350280620741
additive,robust,0.4,0.1,1.5,3.75,0,9,31,0.042459688685
additive,linear,0.4,0.1,1.5,3.75,1,1,501,0.0319041383545
additive,linear,0.4,0.1,1.5,3.75,1,2,355,0.0253623008328
additive,linear,0.4,0.1,1.5,3.75,1,3,251,0.0242532433226
additive,linear,0.4,0.1,1.5,3.75,1,4,177,0.0294416475466
additive,linear,0.4,0.1,1.5,3.75,1,5,125,0.0383112894752
additive,linear,0.4,0.1,1.5,3.75,1,6,89,0.0392420647245
additive,linear,0.4,0.1,1.5,3.75,1,7,63,0.0421283512399
additive,linear,0.4,0.1,1.5,3.75,1,8,45,0.0495738439515
additive,linear,0.4,0.1,1.5,3.75,1,9,31,0.0612320904639
additive,robust,0.4,0.1,1.5,3.75,1,1,501,0.0221245328836
additive,robust,0.4,0.1,1.5,3.75,1,2,355,0.013748684392
additive,robust,0.4,0.1,1.5,3.75,1,3,251,0.014510054678
additive,robust,0.4,0.1,1.5,3.75,1,4,177,0.0173402914731
additive,robust,0.4,0.1,1.5,3.75,1,5,125,0.0216639751091
additive,robust,0.4,0.1,1.5,3.75,1,6,89,0.0240254510399
additive,robust,0.4,0.1,1.5,3.75,1,7,63,0.0273615056445
additive,robust,0.4,0.1,1.5,3.75,1,8,45,0.0331667297176
additive,robust,0.4,0.1,1.5,3.75,1,9,31,0.0406315261868
additive,linear,0.4,0.1,1.5,3.75,2,1,501,0.0415232361627
additive,linear,0.4,0.1,1.5,3.75,2,2,355,0.0179003274496
additive,linear,0.4,0.1,1.5,3.75,2,3,251,0.0218020881699
additive,linear,0.4,0.1,1.5,3.75,2,4,177,0.0248412420678
additive,linear,0.4,0.1,1.5,3.75,2,5,125,0.0270247612614
additive,linear,0.4,0.1,1.5,3.75,2,6,89,0.0301410232973
additive,linear,0.4,0.1,1.5,3.75,2,7,63,0.0331851555508
additive,linear,0.4,0.1,1.5,3.75,2,8,45,0.037146430446
additive,linear,0.4,0.1,1.5,3.75,2,9,31,0.054477542955
additive,robust,0.4,0.1,1.5,3.75,2,1,501,0.0301974719969
additive,robust,0.4,0.1,1.5,3.75,2,2,355,0.0118069781805
additive,robust,0.4,0.1,1.5,3.75,2,3,251,0.0135282902763
additive,robust,0.4,0.1,1.5,3.75,2,4,177,0.0151256789979
additive,robust,0.4,0.1,1.5,3.75,2,5,125,0.0165394373037
additive,robust,0.4,0.1,1.5,3.75,2,6,89,0.0214489519513
additive,robust,0.4,0.1,1.5,3.75,2,7,63,0.02473474631
additive,robust,0.4,0.1,1.5,3.75,2,8,45,0.0259446553086
additive,robust,0.4,0.1,1.5,3.75,2,9,31,0.0356615205718
additive,linear,0.4,0.1,2,5,0,1,501,0.0512827871332
additive,linear,0.4,0.1,2,5,0,2,355,0.0389808934051
additive,linear,0.4,0.1,2,5,0,3,251,0.0402667067357
additive,linear,0.4,0.1,2,5,0,4,177,0.0366182260176
additive,linear,0.4,0.1,2,5,0,5,125,0.0419031097634
additive,linear,0.4,0.1,2,5,0,6,89,0.0478280510089
additive,linear,0.4,0.1,2,5,0,7,63,0.0576982179295
additive,linear,0.4,0.1,2,5,0,8,45,0.0728769235915
additive,linear,0.4,0.1,2,5,0,9,31,0.0908181774993
additive,robust,0.4,0.1,2,5,0,1,501,0.01764896281
additive,robust,0.4,0.1,2,5,0,2,355,0.0163304886221
additive,robust,0.4,0.1,2,5,0,3,251,0.0177597590107
additive,robust,0.4,0.1,2,5,0,4,177,0.0167580894896
additive,robust,0.4,0.1,2,5,0,5,125,0.0231395413095
additive,robust,0.4,0.1,2,5,0,6,89,0.0295578497901
additive,robust,0.4,0.1,2,5,0,7,63,0.0324001763459
additive,robust,0.4,0.1,2,5,0,8,45,0.0362834875904
additive,robust,0.4,0.1,2,5,0,9,31,0.0439876840638
additive,linear,0.4,0.1,2,5,1,1,501,0.0418179158401
additive,linear,0.4,0.1,2,5,1,2,355,0.0339776011208
additive,linear,0.4,0.1,2,5,1,3,251,0.0304345148522
additive,linear,0.4,0.1,2,5,1,4,177,0.0365954205039
additive,linear,0.4,0.1,2,5,1,5,125,0.0487231399149
additive,linear,0.4,0.1,2,5,1,6,89,0.04998587094
additive,linear,0.4,0.1,2,5,1,7,63,0.053166108501
additive,linear,0.4,0.1,2,5,1,8,45,0.0622707366806
additive,linear,0.4,0.1,2,5,1,9,31,0.0774693949179
additive,robust,0.4,0.1,2,5,1,1,501,0.0237650378667
additive,robust,0.4,0.1,2,5,1,2,355,0.014558854707
additive,robust,0.4,0.1,2,5,1,3,251,0.0146594431806
additive,robust,0.4,0.1,2,5,1,4,177,0.0175229132323
additive,robust,0.4,0.1,2,5,1,5,125,0.0222155998446
additive,robust,0.4,0.1,2,5,1,6,89,0.0248411998479
additive,robust,0.4,0.1,2,5,1,7,63,0.0281947682561
additive,robust,0.4,0.1,2,5,1,8,45,0.0341688267241
additive,robust,0.4,0.1,2,5,1,9,31,0.042388522986
additive,linear,0.4,0.1,2,5,2,1,501,0.0475283259333
additive,linear,0.4,0.1,2,5,2,2,355,0.023444158262
additive,linear,0.4,0.1,2,5,2,3,251,0.0281910345352
additive,linear,0.4,0.1,2,5,2,4,177,0.0315737363638
additive,linear,0.4,0.1,2,5,2,5,125,0.0343808352801
additive,linear,0.4,0.1,2,5,2,6,89,0.0370140378426
additive,linear,0.4,0.1,2,5,2,7,63,0.0401839224313
additive,linear,0.4,0.1,2,5,2,8,45,0.046358066103
additive,linear,0.4,0.1,2,5,2,9,31,0.0687111741054
additive,robust,0.4,0.1,2,5,2,1,501,0.0309918856217
additive,robust,0.4,0.1,2,5,2,2,355,0.0124656661078
additive,robust,0.4,0.1,2,5,2,3,251,0.0141585892595
additive,robust,0.4,0.1,2,5,2,4,177,0.0155644032029
additive,robust,0.4,0.1,2,5,2,5,125,0.0169058759004
additive,robust,0.4,0.1,2,5,2,6,89,0.0217265833564
additive,robust,0.4,0.1,2,5,2,7,63,0.0249669400474
additive,robust,0.4,0.1,2,5,2,8,45,0.0266729168599
additive,robust,0.4,0.1,2,5,2,9,31,0.0372787846339
additive,linear,0.4,0.1,2.5,6.25,0,1,501,0.062743373338
additive,linear,0.4,0.1,2.5,6.25,0,2,355,0.0474362743614
additive,linear,0.4,0.1,2.5,6.25,0,3,251,0.0491902593735
additive,linear,0.4,0.1,2.5,6.25,0,4,177,0.0447965975148
additive,linear,0.4,0.1,2.5,6.25,0,5,125,0.0499412855888
additive,linear,0.4,0.1,2.5,6.25,0,6,89,0.0564452359226
additive,linear,0.4,0.1,2.5,6.25,0,7,63,0.0696113636757
additive,linear,0.4,0.1,2.5,6.25,0,8,45,0.0886918677049
additive,linear,0.4,0.1,2.5,6.25,0,9,31,0.110477365604
additive,robust,0.4,0.1,2.5,6.25,0,1,501,0.0172200260433
additive,robust,0.4,0.1,2.5,6.25,0,2,355,0.0166799097587
additive,robust,0.4,0.1,2.5,6.25,0,3,251,0.0178441823203
additive,robust,0.4,0.1,2.5,6.25,0,4,177,0.0168232564116
additive,robust,0.4,0.1,2.5,6.25,0,5,125,0.0235832698784
additive,robust,0.4,0.1,2.5,6.25,0,6,89,0.030221654409
additive,robust,0.4,0.1,2.5,6.25,0,7,63,0.0331447591384
additive,robust,0.4,0.1,2.5,6.25,0,8,45,0.0371653893248
additive,robust,0.4,0.1,2.5,6.25,0,9,31,0.0451659515161
additive,linear,0.4,0.1,2.5,6.25,1,1,501,0.0520455941284
additive,linear,0.4,0.1,2.5,6.25,1,2,355,0.0428460887457
additive,linear,0.4,0.1,2.5,6.25,1,3,251,0.0369121361702
additive,linear,0.4,0.1,2.5,6.25,1,4,177,0.043986198353
additive,linear,0.4,0.1,2.5,6.25,1,5,125,0.0593691002596
additive,linear,0.4,0.1,2.5,6.25,1,6,89,0.0610488979375
additive,linear,0.4,0.1,2.5,6.25,1,7,63,0.0646894401188
additive,linear,0.4,0.1,2.5,6.25,1,8,45,0.0755055188424
additive,linear,0.4,0.1,2.5,6.25,1,9,31,0.0942983122104
additive,robust,0.4,0.1,2.5,6.25,1,1,501,0.024732518149
additive,robust,0.4,0.1,2.5,6.25,1,2,355,0.0150449995362
additive,robust,0.4,0.1,2.5,6.25,1,3,251,0.014714171284
additive,robust,0.4,0.1,2.5,6.25,1,4,177,0.0175960863861
additive,robust,0.4,0.1,2.5,6.25,1,5,125,0.0225380756057
additive,robust,0.4,0.1,2.5,6.25,1,6,89,0.0253723912105
additive,robust,0.4,0.1,2.5,6.25,1,7,63,0.0287753224689
additive,robust,0.4,0.1,2.5,6.25,1,8,45,0.0347046708244
additive,robust,0.4,0.1,2.5,6.25,1,9,31,0.043393285838
additive,linear,0.4,0.1,2.5,6.25,2,1,501,0.0544485654438
additive,linear,0.4,0.1,2.5,6.25,2,2,355,0.0291881387444
additive,linear,0.4,0.1,2.5,6.25,2,3,251,0.0348029424959
additive,linear,0.4,0.1,2.5,6.25,2,4,177,0.0385627765039
additive,linear,0.4,0.1,2.5,6.25,2,5,125,0.0420214652521
additive,linear,0.4,0.1,2.5,6.25,2,6,89,0.0444069260335
additive,linear,0.4,0.1,2.5,6.25,2,7,63,0.0479132720256
additive,linear,0.4,0.1,2.5,6.25,2,8,45,0.0563454971698
additive,linear,0.4,0.1,2.5,6.25,2,9,31,0.0836397327783
additive,robust,0.4,0.1,2.5,6.25,2,1,501,0.031757460911
additive,robust,0.4,0.1,2.5,6.25,2,2,355,0.0128962621858
additive,robust,0.4,0.1,2.5,6.25,2,3,251,0.0146171571587
additive,robust,0.4,0.1,2.5,6.25,2,4,177,0.0158667835345
additive,robust,0.4,0.1,2.5,6.25,2,5,125,0.0170997142644
additive,robust,0.4,0.1,2.5,6.25,2,6,89,0.0218803449236
additive,robust,0.4,0.1,2.5,6.25,2,7,63,0.0251322989998
additive,robust,0.4,0.1,2.5,6.25,2,8,45,0.0272879672165
additive,robust,0.4,0.1,2.5,6.25,2,9,31,0.0385197520076
additive,linear,0.4,0.1,3,7.5,0,1,501,0.0744542650527
additive,linear,0.4,0.1,3,7.5,0,2,355,0.0559799141345
additive,linear,0.4,0.1,3,7.5,0,3,251,0.0582171014069
additive,linear,0.4,0.1,3,7.5,0,4,177,0.0531184947078
additive,linear,0.4,0.1,3,7.5,0,5,125,0.058147127536
additive,linear,0.4,0.1,3,7.5,0,6,89,0.0652628524211
additive,linear,0.4,0.1,3,7.5,0,7,63,0.0817545293221
additive,linear,0.4,0.1,3,7.5,0,8,45,0.104736774023
additive,linear,0.4,0.1,3,7.5,0,9,31,0.130445737216
additive,robust,0.4,0.1,3,7.5,0,1,501,0.0171115998069
additive,robust,0.4,0.1,3,7.5,0,2,355,0.0169860007793
additive,robust,0.4,0.1,3,7.5,0,3,251,0.0179307413643
additive,robust,0.4,0.1,3,7.5,0,4,177,0.0168660997106
additive,robust,0.4,0.1,3,7.5,0,5,125,0.0238714611404
additive,robust,0.4,0.1,3,7.5,0,6,89,0.0306846393077
additive,robust,0.4,0.1,3,7.5,0,7,63,0.033653373108
additive,robust,0.4,0.1,3,7.5,0,8,45,0.037834681679
additive,robust,0.4,0.1,3,7.5,0,9,31,0.0461304450877
additive,linear,0.4,0.1,3,7.5,1,1,501,0.0624330953344
additive,linear,0.4,0.1,3,7.5,1,2,355,0.0518379796305
additive,linear,0.4,0.1,3,7.5,1,3,251,0.0435540826875
additive,linear,0.4,0.1,3,7.5,1,4,177,0.0515120679193
additive,linear,0.4,0.1,3,7.5,1,5,125,0.070142654702
additive,linear,0.4,0.1,3,7.5,1,6,89,0.0722847257803
additive,linear,0.4,0.1,3,7.5,1,7,63,0.0764791715921
additive,linear,0.4,0.1,3,7.5,1,8,45,0.089038655599
additive,linear,0.4,0.1,3,7.5,1,9,31,0.111451166494
additive,robust,0.4,0.1,3,7.5,1,1,501,0.0253821287247
additive,robust,0.4,0.1,3,7.5,1,2,355,0.0153612624907
additive,robust,0.4,0.1,3,7.5,1,3,251,0.0147560783819
additive,robust,0.4,0.1,3,7.5,1,4,177,0.0176459028299
additive,robust,0.4,0.1,3,7.5,1,5,125,0.0227585275027
additive,robust,0.4,0.1,3,7.5,1,6,89,0.0257635785833
additive,robust,0.4,0.1,3,7.5,1,7,63,0.0292232581692
additive,robust,0.4,0.1,3,7.5,1,8,45,0.0350213468221
additive,robust,0.4,0.1,3,7.5,1,9,31,0.0440010931628
additive,linear,0.4,0.1,3,7.5,2,1,501,0.0619781629287
additive,linear,0.4,0.1,3,7.5,2,2,355,0.035033960425
additive,linear,0.4,0.1,3,7.5,2,3,251,0.0415314601621
additive,linear,0.4,0.1,3,7.5,2,4,177,0.0456907870214
additive,linear,0.4,0.1,3,7.5,2,5,125,0.0498158894669
additive,linear,0.4,0.1,3,7.5,2,6,89,0.0520988438683
additive,linear,0.4,0.1,3,7.5,2,7,63,0.0560718877123
additive,linear,0.4,0.1,3,7.5,2,8,45,0.0667614527282
additive,linear,0.4,0.1,3,7.5,2,9,31,0.0989491841465
additive,robust,0.4,0.1,3,7.5,2,1,501,0.0325187360204
additive,robust,0.4,0.1,3,7.5,2,2,355,0.0132382589728
additive,robust,0.4,0.1,3,7.5,2,3,251,0.0149958013238
additive,robust,0.4,0.1,3,7.5,2,4,177,0.0161091311255
additive,robust,0.4,0.1,3,7.5,2,5,125,0.0172357494171
additive,robust,0.4,0.1,3,7.5,2,6,89,0.0220231806996
additive,robust,0.4,0.1,3,7.5,2,7,63,0.0253219587307
additive,robust,0.4,0.1,3,7.5,2,8,45,0.0278473598012
additive,robust,0.4,0.1,3,7.5,2,9,31,0.0395831401449
additive,linear,0.4,0.15,1,2.5,0,1,501,0.0313435927528
additive,linear,0.4,0.15,1,2.5,0,2,355,0.0234235917526
additive,linear,0.4,0.15,1,2.5,0,3,251,0.0240339993952
additive,linear,0.4,0.15,1,2.5,0,4,177,0.0226004655285
additive,linear,0.4,0.15,1,2.5,0,5,125,0.0291713570617
additive,linear,0.4,0.15,1,2.5,0,6,89,0.0328084416782
additive,linear,0.4,0.15,1,2.5,0,7,63,0.0339870023184
additive,linear,0.4,0.15,1,2.5,0,8,45,0.0413418610092
additive,linear,0.4,0.15,1,2.5,0,9,31,0.054872070856
additive,robust,0.4,0.15,1,2.5,0,1,501,0.0199517316074
additive,robust,0.4,0.15,1,2.5,0,2,355,0.0162667031632
additive,robust,0.4,0.15,1,2.5,0,3,251,0.0187178291093
additive,robust,0.4,0.15,1,2.5,0,4,177,0.0171322191042
additive,robust,0.4,0.15,1,2.5,0,5,125,0.0215250081397
additive,robust,0.4,0.15,1,2.5,0,6,89,0.0263476596919
additive,robust,0.4,0.15,1,2.5,0,7,63,0.0281335036208
additive,robust,0.4,0.15,1,2.5,0,8,45,0.0324133704947
additive,robust,0.4,0.15,1,2.5,0,9,31,0.0421294707971
additive,linear,0.4,0.15,1,2.5,1,1,501,0.020515518516
additive,linear,0.4,0.15,1,2.5,1,2,355,0.0174260000979
additive,linear,0.4,0.15,1,2.5,1,3,251,0.0204808303953
additive,linear,0.4,0.15,1,2.5,1,4,177,0.0246091065477
additive,linear,0.4,0.15,1,2.5,1,5,125,0.0299432470567
additive,linear,0.4,0.15,1,2.5,1,6,89,0.0311754506481
additive,linear,0.4,0.15,1,2.5,1,7,63,0.0354082417193
additive,linear,0.4,0.15,1,2.5,1,8,45,0.040144528853
additive,linear,0.4,0.15,1,2.5,1,9,31,0.0500382808104
additive,robust,0.4,0.15,1,2.5,1,1,501,0.0180996309075
additive,robust,0.4,0.15,1,2.5,1,2,355,0.0121347600699
additive,robust,0.4,0.15,1,2.5,1,3,251,0.0151307187424
additive,robust,0.4,0.15,1,2.5,1,4,177,0.0182993788082
additive,robust,0.4,0.15,1,2.5,1,5,125,0.0221770030048
additive,robust,0.4,0.15,1,2.5,1,6,89,0.0245967883786
additive,robust,0.4,0.15,1,2.5,1,7,63,0.0285567275464
additive,robust,0.4,0.15,1,2.5,1,8,45,0.0331576979765
additive,robust,0.4,0.15,1,2.5,1,9,31,0.0405937570159
additive,linear,0.4,0.15,1,2.5,2,1,501,0.035424950385
additive,linear,0.4,0.15,1,2.5,2,2,355,0.01617642733
additive,linear,0.4,0.15,1,2.5,2,3,251,0.0202095900147
additive,linear,0.4,0.15,1,2.5,2,4,177,0.0227074115821
additive,linear,0.4,0.15,1,2.5,2,5,125,0.0233352464192
additive,linear,0.4,0.15,1,2.5,2,6,89,0.027200480449
additive,linear,0.4,0.15,1,2.5,2,7,63,0.0327864335573
additive,linear,0.4,0.15,1,2.5,2,8,45,0.0374739955582
additive,linear,0.4,0.15,1,2.5,2,9,31,0.0525962692347
additive,robust,0.4,0.15,1,2.5,2,1,501,0.0313809088013
additive,robust,0.4,0.15,1,2.5,2,2,355,0.0119351815075
additive,robust,0.4,0.15,1,2.5,2,3,251,0.0155410737786
additive,robust,0.4,0.15,1,2.5,2,4,177,0.0177962956559
additive,robust,0.4,0.15,1,2.5,2,5,125,0.0185767928566
additive,robust,0.4,0.15,1,2.5,2,6,89,0.022881217368
additive,robust,0.4,0.15,1,2.5,2,7,63,0.0265269871949
additive,robust,0.4,0.15,1,2.5,2,8,45,0.0283452678053
additive,robust,0.4,0.15,1,2.5,2,9,31,0.038993097532
additive,linear,0.4,0.15,1.5,3.75,0,1,501,0.0435916345762
additive,linear,0.4,0.15,1.5,3.75,0,2,355,0.0319968587898
additive,linear,0.4,0.15,1.5,3.75,0,3,251,0.0323408308543
additive,linear,0.4,0.15,1.5,3.75,0,4,177,0.0305053155507
additive,linear,0.4,0.15,1.5,3.75,0,5,125,0.0378823265851
additive,linear,0.4,0.15,1.5,3.75,0,6,89,0.041492954418
additive,linear,0.4,0.15,1.5,3.75,0,7,63,0.0442866275682
additive,linear,0.4,0.15,1.5,3.75,0,8,45,0.0551334378233
additive,linear,0.4,0.15,1.5,3.75,0,9,31,0.0731392565786
additive,robust,0.4,0.15,1.5,3.75,0,1,501,0.0196854755295
additive,robust,0.4,0.15,1.5,3.75,0,2,355,0.0173203091035
additive,robust,0.4,0.15,1.5,3.75,0,3,251,0.0194091686489
additive,robust,0.4,0.15,1.5,3.75,0,4,177,0.0177356741824
additive,robust,0.4,0.15,1.5,3.75,0,5,125,0.0226177470903
additive,robust,0.4,0.15,1.5,3.75,0,6,89,0.0276398148648
additive,robust,0.4,0.15,1.5,3.75,0,7,63,0.0297788607603
additive,robust,0.4,0.15,1.5,3.75,0,8,45,0.0348044926728
additive,robust,0.4,0.15,1.5,3.75,0,9,31,0.045920953179
additive,linear,0.4,0.15,1.5,3.75,1,1,501,0.0290456409983
additive,linear,0.4,0.15,1.5,3.75,1,2,355,0.0259260128455
additive,linear,0.4,0.15,1.5,3.75,1,3,251,0.0278646190388
additive,linear,0.4,0.15,1.5,3.75,1,4,177,0.0327370546722
additive,linear,0.4,0.15,1.5,3.75,1,5,125,0.0406741969962
additive,linear,0.4,0.15,1.5,3.75,1,6,89,0.0425053649953
additive,linear,0.4,0.15,1.5,3.75,1,7,63,0.0480330917424
additive,linear,0.4,0.15,1.5,3.75,1,8,45,0.0537290652688
additive,linear,0.4,0.15,1.5,3.75,1,9,31,0.0680694880463
additive,robust,0.4,0.15,1.5,3.75,1,1,501,0.0207368321766
additive,robust,0.4,0.15,1.5,3.75,1,2,355,0.0132744922342
additive,robust,0.4,0.15,1.5,3.75,1,3,251,0.0157395829563
additive,robust,0.4,0.15,1.5,3.75,1,4,177,0.0190351404228
additive,robust,0.4,0.15,1.5,3.75,1,5,125,0.023383254392
additive,robust,0.4,0.15,1.5,3.75,1,6,89,0.0263623798143
additive,robust,0.4,0.15,1.5,3.75,1,7,63,0.0307917543129
additive,robust,0.4,0.15,1.5,3.75,1,8,45,0.0360535986139
additive,robust,0.4,0.15,1.5,3.75,1,9,31,0.0450693741824
additive,linear,0.4,0.15,1.5,3.75,2,1,501,0.0383971336858
additive,linear,0.4,0.15,1.5,3.75,2,2,355,0.0221878479581
additive,linear,0.4,0.15,1.5,3.75,2,3,251,0.0279951570012
additive,linear,0.4,0.15,1.5,3.75,2,4,177,0.0313216942186
additive,linear,0.4,0.15,1.5,3.75,2,5,125,0.0322178060845
additive,linear,0.4,0.15,1.5,3.75,2,6,89,0.0352928519719
additive,linear,0.4,0.15,1.5,3.75,2,7,63,0.0424139065735
additive,linear,0.4,0.15,1.5,3.75,2,8,45,0.0512603984274
additive,linear,0.4,0.15,1.5,3.75,2,9,31,0.0724201096869
additive,robust,0.4,0.15,1.5,3.75,2,1,501,0.0334017767671
additive,robust,0.4,0.15,1.5,3.75,2,2,355,0.0135473747542
additive,robust,0.4,0.15,1.5,3.75,2,3,251,0.0176306206675
additive,robust,0.4,0.15,1.5,3.75,2,4,177,0.0197486660021
additive,robust,0.4,0.15,1.5,3.75,2,5,125,0.0203849121793
additive,robust,0.4,0.15,1.5,3.75,2,6,89,0.0245920933649
additive,robust,0.4,0.15,1.5,3.75,2,7,63,0.0282355401466
additive,robust,0.4,0.15,1.5,3.75,2,8,45,0.0308070692696
additive,robust,0.4,0.15,1.5,3.75,2,9,31,0.0434610654909
additive,linear,0.4,0.15,2,5,0,1,501,0.0568888335257
additive,linear,0.4,0.15,2,5,0,2,355,0.0409217118159
additive,linear,0.4,0.15,2,5,0,3,251,0.0409987852662
additive,linear,0.4,0.15,2,5,0,4,177,0.0389333890079
additive,linear,0.4,0.15,2,5,0,5,125,0.0471329052694
additive,linear,0.4,0.15,2,5,0,6,89,0.050841725872
additive,linear,0.4,0.15,2,5,0,7,63,0.0554864372464
additive,linear,0.4,0.15,2,5,0,8,45,0.0698482678911
additive,linear,0.4,0.15,2,5,0,9,31,0.0925260439863
additive,robust,0.4,0.15,2,5,0,1,501,0.019670084204
additive,robust,0.4,0.15,2,5,0,2,355,0.0180625572187
additive,robust,0.4,0.15,2,5,0,3,251,0.0197255705863
additive,robust,0.4,0.15,2,5,0,4,177,0.0179878036269
additive,robust,0.4,0.15,2,5,0,5,125,0.0231750218425
additive,robust,0.4,0.15,2,5,0,6,89,0.0283957412195
additive,robust,0.4,0.15,2,5,0,7,63,0.0307926760863
additive,robust,0.4,0.15,2,5,0,8,45,0.0363700288301
additive,robust,0.4,0.15,2,5,0,9,31,0.0484603308999
additive,linear,0.4,0.15,2,5,1,1,501,0.038401421243
additive,linear,0.4,0.15,2,5,1,2,355,0.0350490064116
additive,linear,0.4,0.15,2,5,1,3,251,0.0358610603746
additive,linear,0.4,0.15,2,5,1,4,177,0.0413461694574
additive,linear,0.4,0.15,2,5,1,5,125,0.0518718231262
additive,linear,0.4,0.15,2,5,1,6,89,0.0544811611437
additive,linear,0.4,0.15,2,5,1,7,63,0.0616218497257
additive,linear,0.4,0.15,2,5,1,8,45,0.0684165941135
additive,linear,0.4,0.15,2,5,1,9,31,0.0873093661456
additive,robust,0.4,0.15,2,5,1,1,501,0.0224938753923
additive,robust,0.4,0.15,2,5,1,2,355,0.0139921654138
additive,robust,0.4,0.15,2,5,1,3,251,0.0159305963728
additive,robust,0.4,0.15,2,5,1,4,177,0.0192300432906
additive,robust,0.4,0.15,2,5,1,5,125,0.0239092618374
additive,robust,0.4,0.15,2,5,1,6,89,0.0273254602359
additive,robust,0.4,0.15,2,5,1,7,63,0.0321340688734
additive,robust,0.4,0.15,2,5,1,8,45,0.0376424654461
additive,robust,0.4,0.15,2,5,1,9,31,0.0477588933655
additive,linear,0.4,0.15,2,5,2,1,501,0.0424684154827
additive,linear,0.4,0.15,2,5,2,2,355,0.0285179330022
additive,linear,0.4,0.15,2,5,2,3,251,0.0361433638641
additive,linear,0.4,0.15,2,5,2,4,177,0.0403918970033
additive,linear,0.4,0.15,2,5,2,5,125,0.0416503894507
additive,linear,0.4,0.15,2,5,2,6,89,0.0443154027172
additive,linear,0.4,0.15,2,5,2,7,63,0.0532517148118
additive,linear,0.4,0.15,2,5,2,8,45,0.0663491632234
additive,linear,0.4,0.15,2,5,2,9,31,0.0934388349447
additive,robust,0.4,0.15,2,5,2,1,501,0.0351043872882
additive,robust,0.4,0.15,2,5,2,2,355,0.0147842828485
additive,robust,0.4,0.15,2,5,2,3,251,0.0192034561811
additive,robust,0.4,0.15,2,5,2,4,177,0.0211019086518
additive,robust,0.4,0.15,2,5,2,5,125,0.0214761415969
additive,robust,0.4,0.15,2,5,2,6,89,0.0255620198186
additive,robust,0.4,0.15,2,5,2,7,63,0.0293097073589
additive,robust,0.4,0.15,2,5,2,8,45,0.0325337090606
additive,robust,0.4,0.15,2,5,2,9,31,0.0463328286746
additive,linear,0.4,0.15,2.5,6.25,0,1,501,0.070645220159
additive,linear,0.4,0.15,2.5,6.25,0,2,355,0.0500102712167
additive,linear,0.4,0.15,2.5,6.25,0,3,251,0.0498251571578
additive,linear,0.4,0.15,2.5,6.25,0,4,177,0.047607610216
additive,linear,0.4,0.15,2.5,6.25,0,5,125,0.0566594065246
additive,linear,0.4,0.15,2.5,6.25,0,6,89,0.0605478431926
additive,linear,0.4,0.15,2.5,6.25,0,7,63,0.0671374287368
additive,linear,0.4,0.15,2.5,6.25,0,8,45,0.0850082534535
additive,linear,0.4,0.15,2.5,6.25,0,9,31,0.112454871165
additive,robust,0.4,0.15,2.5,6.25,0,1,501,0.0199628452241
additive,robust,0.4,0.15,2.5,6.25,0,2,355,0.0187206220573
additive,robust,0.4,0.15,2.5,6.25,0,3,251,0.0199830302459
additive,robust,0.4,0.15,2.5,6.25,0,4,177,0.0181500871792
additive,robust,0.4,0.15,2.5,6.25,0,5,125,0.0234672832966
additive,robust,0.4,0.15,2.5,6.25,0,6,89,0.028887109172
additive,robust,0.4,0.15,2.5,6.25,0,7,63,0.0315055878784
additive,robust,0.4,0.15,2.5,6.25,0,8,45,0.0375240445692
additive,robust,0.4,0.15,2.5,6.25,0,9,31,0.0503355815401
additive,linear,0.4,0.15,2.5,6.25,1,1,501,0.0481034944408
additive,linear,0.4,0.15,2.5,6.25,1,2,355,0.0444127189503
additive,linear,0.4,0.15,2.5,6.25,1,3,251,0.0441384229977
additive,linear,0.4,0.15,2.5,6.25,1,4,177,0.0501894517369
additive,linear,0.4,0.15,2.5,6.25,1,5,125,0.0632889030063
additive,linear,0.4,0.15,2.5,6.25,1,6,89,0.0667561332139
additive,linear,0.4,0.15,2.5,6.25,1,7,63,0.0756569029601
additive,linear,0.4,0.15,2.5,6.25,1,8,45,0.0836279671112
additive,linear,0.4,0.15,2.5,6.25,1,9,31,0.107108543954
additive,robust,0.4,0.15,2.5,6.25,1,1,501,0.0235004540038
additive,robust,0.4,0.15,2.5,6.25,1,2,355,0.01440052296
additive,robust,0.4,0.15,2.5,6.25,1,3,251,0.0160045283914
additive,robust,0.4,0.15,2.5,6.25,1,4,177,0.0192889179767
additive,robust,0.4,0.15,2.5,6.25,1,5,125,0.0242113572501
additive,robust,0.4,0.15,2.5,6.25,1,6,89,0.0279449008411
additive,robust,0.4,0.15,2.5,6.25,1,7,63,0.0330067983791
additive,robust,0.4,0.15,2.5,6.25,1,8,45,0.0384887937611
additive,robust,0.4,0.15,2.5,6.25,1,9,31,0.049331431522
additive,linear,0.4,0.15,2.5,6.25,2,1,501,0.0473561656469
additive,linear,0.4,0.15,2.5,6.25,2,2,355,0.0349941783484
additive,linear,0.4,0.15,2.5,6.25,2,3,251,0.0444552509411
additive,linear,0.4,0.15,2.5,6.25,2,4,177,0.0496688734035
additive,linear,0.4,0.15,2.5,6.25,2,5,125,0.0513306678598
additive,linear,0.4,0.15,2.5,6.25,2,6,89,0.0538021810867
additive,linear,0.4,0.15,2.5,6.25,2,7,63,0.0646944140102
additive,linear,0.4,0.15,2.5,6.25,2,8,45,0.0820246876473
additive,linear,0.4,0.15,2.5,6.25,2,9,31,0.114999123056
additive,robust,0.4,0.15,2.5,6.25,2,1,501,0.0366444552113
additive,robust,0.4,0.15,2.5,6.25,2,2,355,0.0157337927072
additive,robust,0.4,0.15,2.5,6.25,2,3,251,0.0204024239944
additive,robust,0.4,0.15,2.5,6.25,2,4,177,0.0220907786095
additive,robust,0.4,0.15,2.5,6.25,2,5,125,0.0222172587936
additive,robust,0.4,0.15,2.5,6.25,2,6,89,0.0261714429585
additive,robust,0.4,0.15,2.5,6.25,2,7,63,0.0300441152377
additive,robust,0.4,0.15,2.5,6.25,2,8,45,0.0338542833392
additive,robust,0.4,0.15,2.5,6.25,2,9,31,0.0484079156967
additive,linear,0.4,0.15,3,7.5,0,1,501,0.0846371895755
additive,linear,0.4,0.15,3,7.5,0,2,355,0.05918717057
additive,linear,0.4,0.15,3,7.5,0,3,251,0.0587440807048
additive,linear,0.4,0.15,3,7.5,0,4,177,0.0564145512201
additive,linear,0.4,0.15,3,7.5,0,5,125,0.0663430737399
additive,linear,0.4,0.15,3,7.5,0,6,89,0.0704637917177
additive,linear,0.4,0.15,3,7.5,0,7,63,0.0790403329867
additive,linear,0.4,0.15,3,7.5,0,8,45,0.100411970649
additive,linear,0.4,0.15,3,7.5,0,9,31,0.132681718981
additive,robust,0.4,0.15,3,7.5,0,1,501,0.0204219006804
additive,robust,0.4,0.15,3,7.5,0,2,355,0.0193016456163
additive,robust,0.4,0.15,3,7.5,0,3,251,0.0202264209621
additive,robust,0.4,0.15,3,7.5,0,4,177,0.0182675053142
additive,robust,0.4,0.15,3,7.5,0,5,125,0.0236251846352
additive,robust,0.4,0.15,3,7.5,0,6,89,0.0292279438902
additive,robust,0.4,0.15,3,7.5,0,7,63,0.0320245888938
additive,robust,0.4,0.15,3,7.5,0,8,45,0.0384070445503
additive,robust,0.4,0.15,3,7.5,0,9,31,0.0517540335957
additive,linear,0.4,0.15,3,7.5,1,1,501,0.0579782746623
additive,linear,0.4,0.15,3,7.5,1,2,355,0.0538918213126
additive,linear,0.4,0.15,3,7.5,1,3,251,0.0525641626469
additive,linear,0.4,0.15,3,7.5,1,4,177,0.059161987451
additive,linear,0.4,0.15,3,7.5,1,5,125,0.0748250488085
additive,linear,0.4,0.15,3,7.5,1,6,89,0.0791912827254
additive,linear,0.4,0.15,3,7.5,1,7,63,0.0899295374613
additive,linear,0.4,0.15,3,7.5,1,8,45,0.0991223085578
additive,linear,0.4,0.15,3,7.5,1,9,31,0.127206130028
additive,robust,0.4,0.15,3,7.5,1,1,501,0.0241674292806
additive,robust,0.4,0.15,3,7.5,1,2,355,0.014644595326
additive,robust,0.4,0.15,3,7.5,1,3,251,0.016061517797
additive,robust,0.4,0.15,3,7.5,1,4,177,0.0193433858086
additive,robust,0.4,0.15,3,7.5,1,5,125,0.0244425233452
additive,robust,0.4,0.15,3,7.5,1,6,89,0.0284161325376
additive,robust,0.4,0.15,3,7.5,1,7,63,0.0336451358392
additive,robust,0.4,0.15,3,7.5,1,8,45,0.0389688653298
additive,robust,0.4,0.15,3,7.5,1,9,31,0.0502640833603
additive,linear,0.4,0.15,3,7.5,2,1,501,0.0528342711577
additive,linear,0.4,0.15,3,7.5,2,2,355,0.0415482929096
additive,linear,0.4,0.15,3,7.5,2,3,251,0.0528536523808
additive,linear,0.4,0.15,3,7.5,2,4,177,0.0590552576293
additive,linear,0.4,0.15,3,7.5,2,5,125,0.0611411039605
additive,linear,0.4,0.15,3,7.5,2,6,89,0.0635456112994
additive,linear,0.4,0.15,3,7.5,2,7,63,0.0764709467184
additive,linear,0.4,0.15,3,7.5,2,8,45,0.098005827462
additive,linear,0.4,0.15,3,7.5,2,9,31,0.136845239488
additive,robust,0.4,0.15,3,7.5,2,1,501,0.0381140055133
additive,robust,0.4,0.15,3,7.5,2,2,355,0.016485570462
additive,robust,0.4,0.15,3,7.5,2,3,251,0.0213436269938
additive,robust,0.4,0.15,3,7.5,2,4,177,0.0228518857619
additive,robust,0.4,0.15,3,7.5,2,5,125,0.0227880289081
additive,robust,0.4,0.15,3,7.5,2,6,89,0.0266515740221
additive,robust,0.4,0.15,3,7.5,2,7,63,0.0306571779988
additive,robust,0.4,0.15,3,7.5,2,8,45,0.0349714361984
additive,robust,0.4,0.15,3,7.5,2,9,31,0.0501306861635
additive,linear,0.4,0.2,1,2.5,0,1,501,0.0352410212586
additive,linear,0.4,0.2,1,2.5,0,2,355,0.0264982643108
additive,linear,0.4,0.2,1,2.5,0,3,251,0.024159053336
additive,linear,0.4,0.2,1,2.5,0,4,177,0.0238487931179
additive,linear,0.4,0.2,1,2.5,0,5,125,0.033484925042
additive,linear,0.4,0.2,1,2.5,0,6,89,0.038547291958
additive,linear,0.4,0.2,1,2.5,0,7,63,0.0394764476786
additive,linear,0.4,0.2,1,2.5,0,8,45,0.0445058318154
additive,linear,0.4,0.2,1,2.5,0,9,31,0.0573393969401
additive,robust,0.4,0.2,1,2.5,0,1,501,0.020334360575
additive,robust,0.4,0.2,1,2.5,0,2,355,0.0165100064796
additive,robust,0.4,0.2,1,2.5,0,3,251,0.0187757956718
additive,robust,0.4,0.2,1,2.5,0,4,177,0.0178000299526
additive,robust,0.4,0.2,1,2.5,0,5,125,0.0231013795222
additive,robust,0.4,0.2,1,2.5,0,6,89,0.0271119837188
additive,robust,0.4,0.2,1,2.5,0,7,63,0.0283267077009
additive,robust,0.4,0.2,1,2.5,0,8,45,0.0327302719577
additive,robust,0.4,0.2,1,2.5,0,9,31,0.043436480162
additive,linear,0.4,0.2,1,2.5,1,1,501,0.024346763711
additive,linear,0.4,0.2,1,2.5,1,2,355,0.0207516647599
additive,linear,0.4,0.2,1,2.5,1,3,251,0.0256828837765
additive,linear,0.4,0.2,1,2.5,1,4,177,0.0280757560414
additive,linear,0.4,0.2,1,2.5,1,5,125,0.0330965601565
additive,linear,0.4,0.2,1,2.5,1,6,89,0.0361421088903
additive,linear,0.4,0.2,1,2.5,1,7,63,0.0422464093232
additive,linear,0.4,0.2,1,2.5,1,8,45,0.0495913914659
additive,linear,0.4,0.2,1,2.5,1,9,31,0.0611178071885
additive,robust,0.4,0.2,1,2.5,1,1,501,0.0218682341755
additive,robust,0.4,0.2,1,2.5,1,2,355,0.0156605302521
additive,robust,0.4,0.2,1,2.5,1,3,251,0.0207935530355
additive,robust,0.4,0.2,1,2.5,1,4,177,0.0218408287071
additive,robust,0.4,0.2,1,2.5,1,5,125,0.0249975777618
additive,robust,0.4,0.2,1,2.5,1,6,89,0.0272484781615
additive,robust,0.4,0.2,1,2.5,1,7,63,0.0311893899686
additive,robust,0.4,0.2,1,2.5,1,8,45,0.0374501182856
additive,robust,0.4,0.2,1,2.5,1,9,31,0.0466046904003
additive,linear,0.4,0.2,1,2.5,2,1,501,0.0504944966604
additive,linear,0.4,0.2,1,2.5,2,2,355,0.0199428063452
additive,linear,0.4,0.2,1,2.5,2,3,251,0.0221268152005
additive,linear,0.4,0.2,1,2.5,2,4,177,0.0230483891425
additive,linear,0.4,0.2,1,2.5,2,5,125,0.0261295575778
additive,linear,0.4,0.2,1,2.5,2,6,89,0.0304518609497
additive,linear,0.4,0.2,1,2.5,2,7,63,0.0375831194601
additive,linear,0.4,0.2,1,2.5,2,8,45,0.0428293405972
additive,linear,0.4,0.2,1,2.5,2,9,31,0.0574478916991
additive,robust,0.4,0.2,1,2.5,2,1,501,0.0407049104694
additive,robust,0.4,0.2,1,2.5,2,2,355,0.0139279156162
additive,robust,0.4,0.2,1,2.5,2,3,251,0.0160659480356
additive,robust,0.4,0.2,1,2.5,2,4,177,0.0175390231701
additive,robust,0.4,0.2,1,2.5,2,5,125,0.0186226388449
additive,robust,0.4,0.2,1,2.5,2,6,89,0.0235779296416
additive,robust,0.4,0.2,1,2.5,2,7,63,0.0285997029109
additive,robust,0.4,0.2,1,2.5,2,8,45,0.0307707796689
additive,robust,0.4,0.2,1,2.5,2,9,31,0.0421557392825
additive,linear,0.4,0.2,1.5,3.75,0,1,501,0.049755578787
additive,linear,0.4,0.2,1.5,3.75,0,2,355,0.0375061060634
additive,linear,0.4,0.2,1.5,3.75,0,3,251,0.0327830845284
additive,linear,0.4,0.2,1.5,3.75,0,4,177,0.0325425531282
additive,linear,0.4,0.2,1.5,3.75,0,5,125,0.0445920308502
additive,linear,0.4,0.2,1.5,3.75,0,6,89,0.050859092423
additive,linear,0.4,0.2,1.5,3.75,0,7,63,0.0533447749083
additive,linear,0.4,0.2,1.5,3.75,0,8,45,0.0610749134852
additive,linear,0.4,0.2,1.5,3.75,0,9,31,0.0788560857038
additive,robust,0.4,0.2,1.5,3.75,0,1,501,0.0219535409382
additive,robust,0.4,0.2,1.5,3.75,0,2,355,0.0183223202045
additive,robust,0.4,0.2,1.5,3.75,0,3,251,0.0196211973634
additive,robust,0.4,0.2,1.5,3.75,0,4,177,0.0184019854733
additive,robust,0.4,0.2,1.5,3.75,0,5,125,0.024364747376
additive,robust,0.4,0.2,1.5,3.75,0,6,89,0.028508984016
additive,robust,0.4,0.2,1.5,3.75,0,7,63,0.0301164938673
additive,robust,0.4,0.2,1.5,3.75,0,8,45,0.0357666005556
additive,robust,0.4,0.2,1.5,3.75,0,9,31,0.0484223131847
additive,linear,0.4,0.2,1.5,3.75,1,1,501,0.0364374390785
additive,linear,0.4,0.2,1.5,3.75,1,2,355,0.0298954179644
additive,linear,0.4,0.2,1.5,3.75,1,3,251,0.035321612768
additive,linear,0.4,0.2,1.5,3.75,1,4,177,0.0385274907744
additive,linear,0.4,0.2,1.5,3.75,1,5,125,0.0457965233767
additive,linear,0.4,0.2,1.5,3.75,1,6,89,0.0507966650987
additive,linear,0.4,0.2,1.5,3.75,1,7,63,0.0599379795125
additive,linear,0.4,0.2,1.5,3.75,1,8,45,0.0690496636078
additive,linear,0.4,0.2,1.5,3.75,1,9,31,0.0852427890222
additive,robust,0.4,0.2,1.5,3.75,1,1,501,0.0253286366191
additive,robust,0.4,0.2,1.5,3.75,1,2,355,0.0174838470614
additive,robust,0.4,0.2,1.5,3.75,1,3,251,0.0230185130104
additive,robust,0.4,0.2,1.5,3.75,1,4,177,0.0240825595001
additive,robust,0.4,0.2,1.5,3.75,1,5,125,0.0272435380051
additive,robust,0.4,0.2,1.5,3.75,1,6,89,0.0299148783188
additive,robust,0.4,0.2,1.5,3.75,1,7,63,0.0344460513984
additive,robust,0.4,0.2,1.5,3.75,1,8,45,0.041635566758
additive,robust,0.4,0.2,1.5,3.75,1,9,31,0.0530837575954
additive,linear,0.4,0.2,1.5,3.75,2,1,501,0.0618441602375
additive,linear,0.4,0.2,1.5,3.75,2,2,355,0.0278819822171
additive,linear,0.4,0.2,1.5,3.75,2,3,251,0.031543790607
additive,linear,0.4,0.2,1.5,3.75,2,4,177,0.0332482187756
additive,linear,0.4,0.2,1.5,3.75,2,5,125,0.0380153791323
additive,linear,0.4,0.2,1.5,3.75,2,6,89,0.0418960279192
additive,linear,0.4,0.2,1.5,3.75,2,7,63,0.0511480223619
additive,linear,0.4,0.2,1.5,3.75,2,8,45,0.0604578434342
additive,linear,0.4,0.2,1.5,3.75,2,9,31,0.0810107565655
additive,robust,0.4,0.2,1.5,3.75,2,1,501,0.0442640527093
additive,robust,0.4,0.2,1.5,3.75,2,2,355,0.0155737815162
additive,robust,0.4,0.2,1.5,3.75,2,3,251,0.0182868616008
additive,robust,0.4,0.2,1.5,3.75,2,4,177,0.0198763289543
additive,robust,0.4,0.2,1.5,3.75,2,5,125,0.0209164839287
additive,robust,0.4,0.2,1.5,3.75,2,6,89,0.0257254622318
additive,robust,0.4,0.2,1.5,3.75,2,7,63,0.0308698941436
additive,robust,0.4,0.2,1.5,3.75,2,8,45,0.033868494814
additive,robust,0.4,0.2,1.5,3.75,2,9,31,0.0478313534693
additive,linear,0.4,0.2,2,5,0,1,501,0.0652049630699
additive,linear,0.4,0.2,2,5,0,2,355,0.0488742314021
additive,linear,0.4,0.2,2,5,0,3,251,0.041780980999
additive,linear,0.4,0.2,2,5,0,4,177,0.0417415496058
additive,linear,0.4,0.2,2,5,0,5,125,0.0561840068189
additive,linear,0.4,0.2,2,5,0,6,89,0.0638161425852
additive,linear,0.4,0.2,2,5,0,7,63,0.0680477029143
additive,linear,0.4,0.2,2,5,0,8,45,0.0785922319041
additive,linear,0.4,0.2,2,5,0,9,31,0.101609520479
additive,robust,0.4,0.2,2,5,0,1,501,0.0240710723449
additive,robust,0.4,0.2,2,5,0,2,355,0.0195896140708
additive,robust,0.4,0.2,2,5,0,3,251,0.0199787642755
additive,robust,0.4,0.2,2,5,0,4,177,0.018569400545
additive,robust,0.4,0.2,2,5,0,5,125,0.024967823848
additive,robust,0.4,0.2,2,5,0,6,89,0.0293618117081
additive,robust,0.4,0.2,2,5,0,7,63,0.0312966089447
additive,robust,0.4,0.2,2,5,0,8,45,0.0378860200948
additive,robust,0.4,0.2,2,5,0,9,31,0.0519873468424
additive,linear,0.4,0.2,2,5,1,1,501,0.0492105635201
additive,linear,0.4,0.2,2,5,1,2,355,0.0395648196912
additive,linear,0.4,0.2,2,5,1,3,251,0.0454114706362
additive,linear,0.4,0.2,2,5,1,4,177,0.0494432329283
additive,linear,0.4,0.2,2,5,1,5,125,0.058942917643
additive,linear,0.4,0.2,2,5,1,6,89,0.0660486990568
additive,linear,0.4,0.2,2,5,1,7,63,0.0785042076626
additive,linear,0.4,0.2,2,5,1,8,45,0.089451108254
additive,linear,0.4,0.2,2,5,1,9,31,0.110366749846
additive,robust,0.4,0.2,2,5,1,1,501,0.0267093060949
additive,robust,0.4,0.2,2,5,1,2,355,0.0185046185255
additive,robust,0.4,0.2,2,5,1,3,251,0.0242684575139
additive,robust,0.4,0.2,2,5,1,4,177,0.0252654885221
additive,robust,0.4,0.2,2,5,1,5,125,0.0284503015416
additive,robust,0.4,0.2,2,5,1,6,89,0.0315233345364
additive,robust,0.4,0.2,2,5,1,7,63,0.0364794504185
additive,robust,0.4,0.2,2,5,1,8,45,0.0442376536367
additive,robust,0.4,0.2,2,5,1,9,31,0.0576407434417
additive,linear,0.4,0.2,2,5,2,1,501,0.0740382304021
additive,linear,0.4,0.2,2,5,2,2,355,0.0360759377256
additive,linear,0.4,0.2,2,5,2,3,251,0.0413209914482
additive,linear,0.4,0.2,2,5,2,4,177,0.0439547874033
additive,linear,0.4,0.2,2,5,2,5,125,0.0504394048174
additive,linear,0.4,0.2,2,5,2,6,89,0.0542967175278
additive,linear,0.4,0.2,2,5,2,7,63,0.0658772527741
additive,linear,0.4,0.2,2,5,2,8,45,0.0792601224454
additive,linear,0.4,0.2,2,5,2,9,31,0.105725516356
additive,robust,0.4,0.2,2,5,2,1,501,0.046746062844
additive,robust,0.4,0.2,2,5,2,2,355,0.0169392118532
additive,robust,0.4,0.2,2,5,2,3,251,0.0201459002313
additive,robust,0.4,0.2,2,5,2,4,177,0.0215620353142
additive,robust,0.4,0.2,2,5,2,5,125,0.0222751737307
additive,robust,0.4,0.2,2,5,2,6,89,0.0269592138688
additive,robust,0.4,0.2,2,5,2,7,63,0.0322610261118
additive,robust,0.4,0.2,2,5,2,8,45,0.0359387556982
additive,robust,0.4,0.2,2,5,2,9,31,0.0514703453691
additive,linear,0.4,0.2,2.5,6.25,0,1,501,0.0810563899078
additive,linear,0.4,0.2,2.5,6.25,0,2,355,0.0603995490116
additive,linear,0.4,0.2,2.5,6.25,0,3,251,0.0509550692692
additive,linear,0.4,0.2,2.5,6.25,0,4,177,0.0511740415774
additive,linear,0.4,0.2,2.5,6.25,0,5,125,0.0680133841659
additive,linear,0.4,0.2,2.5,6.25,0,6,89,0.0770937872617
additive,linear,0.4,0.2,2.5,6.25,0,7,63,0.0831436378022
additive,linear,0.4,0.2,2.5,6.25,0,8,45,0.0965429989222
additive,linear,0.4,0.2,2.5,6.25,0,9,31,0.124925752509
additive,robust,0.4,0.2,2.5,6.25,0,1,501,0.0261033505311
additive,robust,0.4,0.2,2.5,6.25,0,2,355,0.0205966607844
additive,robust,0.4,0.2,2.5,6.25,0,3,251,0.0202803351739
additive,robust,0.4,0.2,2.5,6.25,0,4,177,0.0186418869744
additive,robust,0.4,0.2,2.5,6.25,0,5,125,0.0252623578949
additive,robust,0.4,0.2,2.5,6.25,0,6,89,0.0299837465706
additive,robust,0.4,0.2,2.5,6.25,0,7,63,0.0321955562407
additive,robust,0.4,0.2,2.5,6.25,0,8,45,0.039493696822
additive,robust,0.4,0.2,2.5,6.25,0,9,31,0.054780290503
additive,linear,0.4,0.2,2.5,6.25,1,1,501,0.0622474311865
additive,linear,0.4,0.2,2.5,6.25,1,2,355,0.0494524864501
additive,linear,0.4,0.2,2.5,6.25,1,3,251,0.0557078677523
additive,linear,0.4,0.2,2.5,6.25,1,4,177,0.06057264472
additive,linear,0.4,0.2,2.5,6.25,1,5,125,0.0722926016602
additive,linear,0.4,0.2,2.5,6.25,1,6,89,0.081563720004
additive,linear,0.4,0.2,2.5,6.25,1,7,63,0.0974464304055
additive,linear,0.4,0.2,2.5,6.25,1,8,45,0.110273479487
additive,linear,0.4,0.2,2.5,6.25,1,9,31,0.135936917464
additive,robust,0.4,0.2,2.5,6.25,1,1,501,0.0270666466963
additive,robust,0.4,0.2,2.5,6.25,1,2,355,0.0190200982048
additive,robust,0.4,0.2,2.5,6.25,1,3,251,0.0250249912347
additive,robust,0.4,0.2,2.5,6.25,1,4,177,0.0259596621127
additive,robust,0.4,0.2,2.5,6.25,1,5,125,0.0292129607522
additive,robust,0.4,0.2,2.5,6.25,1,6,89,0.0326178873432
additive,robust,0.4,0.2,2.5,6.25,1,7,63,0.0377891432377
additive,robust,0.4,0.2,2.5,6.25,1,8,45,0.0458347670106
additive,robust,0.4,0.2,2.5,6.25,1,9,31,0.060883538764
additive,linear,0.4,0.2,2.5,6.25,2,1,501,0.0867212339035
additive,linear,0.4,0.2,2.5,6.25,2,2,355,0.0443837873126
additive,linear,0.4,0.2,2.5,6.25,2,3,251,0.0512526757949
additive,linear,0.4,0.2,2.5,6.25,2,4,177,0.0548722707185
additive,linear,0.4,0.2,2.5,6.25,2,5,125,0.0630844458046
additive,linear,0.4,0.2,2.5,6.25,2,6,89,0.0671258889844
additive,linear,0.4,0.2,2.5,6.25,2,7,63,0.0811391865435
additive,linear,0.4,0.2,2.5,6.25,2,8,45,0.0985667334756
additive,linear,0.4,0.2,2.5,6.25,2,9,31,0.13094153905
additive,robust,0.4,0.2,2.5,6.25,2,1,501,0.0486559656244
additive,robust,0.4,0.2,2.5,6.25,2,2,355,0.0180630112104
additive,robust,0.4,0.2,2.5,6.25,2,3,251,0.0217098315696
additive,robust,0.4,0.2,2.5,6.25,2,4,177,0.0228832114161
additive,robust,0.4,0.2,2.5,6.25,2,5,125,0.0231743554509
additive,robust,0.4,0.2,2.5,6.25,2,6,89,0.0277226357568
additive,robust,0.4,0.2,2.5,6.25,2,7,63,0.0331881984888
additive,robust,0.4,0.2,2.5,6.25,2,8,45,0.0374480395691
additive,robust,0.4,0.2,2.5,6.25,2,9,31,0.0540146471706
additive,linear,0.4,0.2,3,7.5,0,1,501,0.0971131866857
additive,linear,0.4,0.2,3,7.5,0,2,355,0.0720066182306
additive,linear,0.4,0.2,3,7.5,0,3,251,0.0602248849244
additive,linear,0.4,0.2,3,7.5,0,4,177,0.0607313301987
additive,linear,0.4,0.2,3,7.5,0,5,125,0.0799748874697
additive,linear,0.4,0.2,3,7.5,0,6,89,0.0905511083412
additive,linear,0.4,0.2,3,7.5,0,7,63,0.0984519624754
additive,linear,0.4,0.2,3,7.5,0,8,45,0.114723930516
additive,linear,0.4,0.2,3,7.5,0,9,31,0.148539991976
additive,robust,0.4,0.2,3,7.5,0,1,501,0.027853439436
additive,robust,0.4,0.2,3,7.5,0,2,355,0.021388776503
additive,robust,0.4,0.2,3,7.5,0,3,251,0.0205781141479
additive,robust,0.4,0.2,3,7.5,0,4,177,0.018667489753
additive,robust,0.4,0.2,3,7.5,0,5,125,0.0253845123178
additive,robust,0.4,0.2,3,7.5,0,6,89,0.0304687623035
additive,robust,0.4,0.2,3,7.5,0,7,63,0.032897174322
additive,robust,0.4,0.2,3,7.5,0,8,45,0.0407319374443
additive,robust,0.4,0.2,3,7.5,0,9,31,0.0569965963494
additive,linear,0.4,0.2,3,7.5,1,1,501,0.0754113807633
additive,linear,0.4,0.2,3,7.5,1,2,355,0.0594496122104
additive,linear,0.4,0.2,3,7.5,1,3,251,0.0661143775667
additive,linear,0.4,0.2,3,7.5,1,4,177,0.0718164574683
additive,linear,0.4,0.2,3,7.5,1,5,125,0.0857506833617
additive,linear,0.4,0.2,3,7.5,1,6,89,0.0972158963674
additive,linear,0.4,0.2,3,7.5,1,7,63,0.116581516212
additive,linear,0.4,0.2,3,7.5,1,8,45,0.131316695721
additive,linear,0.4,0.2,3,7.5,1,9,31,0.161741804288
additive,robust,0.4,0.2,3,7.5,1,1,501,0.0271464064976
additive,robust,0.4,0.2,3,7.5,1,2,355,0.0193021176376
additive,robust,0.4,0.2,3,7.5,1,3,251,0.0255402420379
additive,robust,0.4,0.2,3,7.5,1,4,177,0.0264414408192
additive,robust,0.4,0.2,3,7.5,1,5,125,0.0297825780066
additive,robust,0.4,0.2,3,7.5,1,6,89,0.0334498040625
additive,robust,0.4,0.2,3,7.5,1,7,63,0.038708357004
additive,robust,0.4,0.2,3,7.5,1,8,45,0.0468565963315
additive,robust,0.4,0.2,3,7.5,1,9,31,0.0631722245356
additive,linear,0.4,0.2,3,7.5,2,1,501,0.0997067635695
additive,linear,0.4,0.2,3,7.5,2,2,355,0.0527517470102
additive,linear,0.4,0.2,3,7.5,2,3,251,0.0612637580587
additive,linear,0.4,0.2,3,7.5,2,4,177,0.0658959204061
additive,linear,0.4,0.2,3,7.5,2,5,125,0.0758400308743
additive,linear,0.4,0.2,3,7.5,2,6,89,0.0801781233778
additive,linear,0.4,0.2,3,7.5,2,7,63,0.0966818787115
additive,linear,0.4,0.2,3,7.5,2,8,45,0.118130659215
additive,linear,0.4,0.2,3,7.5,2,9,31,0.156416585436
additive,robust,0.4,0.2,3,7.5,2,1,501,0.0503467791674
additive,robust,0.4,0.2,3,7.5,2,2,355,0.0189730331841
additive,robust,0.4,0.2,3,7.5,2,3,251,0.0230298154111
additive,robust,0.4,0.2,3,7.5,2,4,177,0.0240014701312
additive,robust,0.4,0.2,3,7.5,2,5,125,0.0238840684993
additive,robust,0.4,0.2,3,7.5,2,6,89,0.0283154936628
additive,robust,0.4,0.2,3,7.5,2,7,63,0.0339451270206
additive,robust,0.4,0.2,3,7.5,2,8,45,0.0386943566697
additive,robust,0.4,0.2,3,7.5,2,9,31,0.056091432682
additive,linear,0.4,0.25,1,2.5,0,1,501,0.0295207706668
additive,linear,0.4,0.25,1,2.5,0,2,355,0.0233208967288
additive,linear,0.4,0.25,1,2.5,0,3,251,0.0249662609201
additive,linear,0.4,0.25,1,2.5,0,4,177,0.0301615177903
additive,linear,0.4,0.25,1,2.5,0,5,125,0.0373640233193
additive,linear,0.4,0.25,1,2.5,0,6,89,0.0404154663545
additive,linear,0.4,0.25,1,2.5,0,7,63,0.0435049269454
additive,linear,0.4,0.25,1,2.5,0,8,45,0.0501019545947
additive,linear,0.4,0.25,1,2.5,0,9,31,0.0650708222588
additive,robust,0.4,0.25,1,2.5,0,1,501,0.0163015709694
additive,robust,0.4,0.25,1,2.5,0,2,355,0.0147932417726
additive,robust,0.4,0.25,1,2.5,0,3,251,0.0190495510638
additive,robust,0.4,0.25,1,2.5,0,4,177,0.0200530696865
additive,robust,0.4,0.25,1,2.5,0,5,125,0.0246205663492
additive,robust,0.4,0.25,1,2.5,0,6,89,0.0291255679192
additive,robust,0.4,0.25,1,2.5,0,7,63,0.0322695455261
additive,robust,0.4,0.25,1,2.5,0,8,45,0.0375905680285
additive,robust,0.4,0.25,1,2.5,0,9,31,0.0498370088696
additive,linear,0.4,0.25,1,2.5,1,1,501,0.0308981571607
additive,linear,0.4,0.25,1,2.5,1,2,355,0.0210943757076
additive,linear,0.4,0.25,1,2.5,1,3,251,0.0265832518393
additive,linear,0.4,0.25,1,2.5,1,4,177,0.0287688706711
additive,linear,0.4,0.25,1,2.5,1,5,125,0.033942155669
additive,linear,0.4,0.25,1,2.5,1,6,89,0.0395359399106
additive,linear,0.4,0.25,1,2.5,1,7,63,0.0476043116464
additive,linear,0.4,0.25,1,2.5,1,8,45,0.0533960141215
additive,linear,0.4,0.25,1,2.5,1,9,31,0.0685247210599
additive,robust,0.4,0.25,1,2.5,1,1,501,0.0181683626154
additive,robust,0.4,0.25,1,2.5,1,2,355,0.0148236038978
additive,robust,0.4,0.25,1,2.5,1,3,251,0.0207740294099
additive,robust,0.4,0.25,1,2.5,1,4,177,0.0217167617898
additive,robust,0.4,0.25,1,2.5,1,5,125,0.025167696564
additive,robust,0.4,0.25,1,2.5,1,6,89,0.0281074460353
additive,robust,0.4,0.25,1,2.5,1,7,63,0.0327696587151
additive,robust,0.4,0.25,1,2.5,1,8,45,0.0388753114061
additive,robust,0.4,0.25,1,2.5,1,9,31,0.0488470375518
additive,linear,0.4,0.25,1,2.5,2,1,501,0.0428926397126
additive,linear,0.4,0.25,1,2.5,2,2,355,0.0213491071606
additive,linear,0.4,0.25,1,2.5,2,3,251,0.0205765277342
additive,linear,0.4,0.25,1,2.5,2,4,177,0.0248146869487
additive,linear,0.4,0.25,1,2.5,2,5,125,0.0357036103328
additive,linear,0.4,0.25,1,2.5,2,6,89,0.0399522286096
additive,linear,0.4,0.25,1,2.5,2,7,63,0.042917553463
additive,linear,0.4,0.25,1,2.5,2,8,45,0.0481176235798
additive,linear,0.4,0.25,1,2.5,2,9,31,0.0644262763474
additive,robust,0.4,0.25,1,2.5,2,1,501,0.035643131211
additive,robust,0.4,0.25,1,2.5,2,2,355,0.0147788597967
additive,robust,0.4,0.25,1,2.5,2,3,251,0.0147848985968
additive,robust,0.4,0.25,1,2.5,2,4,177,0.0181962126163
additive,robust,0.4,0.25,1,2.5,2,5,125,0.0245611905585
additive,robust,0.4,0.25,1,2.5,2,6,89,0.0294494803199
additive,robust,0.4,0.25,1,2.5,2,7,63,0.0314446075376
additive,robust,0.4,0.25,1,2.5,2,8,45,0.0331947130749
additive,robust,0.4,0.25,1,2.5,2,9,31,0.0455874640105
additive,linear,0.4,0.25,1.5,3.75,0,1,501,0.0420601534839
additive,linear,0.4,0.25,1.5,3.75,0,2,355,0.0324209851785
additive,linear,0.4,0.25,1.5,3.75,0,3,251,0.0345896699424
additive,linear,0.4,0.25,1.5,3.75,0,4,177,0.043248216013
additive,linear,0.4,0.25,1.5,3.75,0,5,125,0.0513248410954
additive,linear,0.4,0.25,1.5,3.75,0,6,89,0.0538276642338
additive,linear,0.4,0.25,1.5,3.75,0,7,63,0.059261915221
additive,linear,0.4,0.25,1.5,3.75,0,8,45,0.0693315411618
additive,linear,0.4,0.25,1.5,3.75,0,9,31,0.0902397048718
additive,robust,0.4,0.25,1.5,3.75,0,1,501,0.0174762662303
additive,robust,0.4,0.25,1.5,3.75,0,2,355,0.0162182268664
additive,robust,0.4,0.25,1.5,3.75,0,3,251,0.0204240960013
additive,robust,0.4,0.25,1.5,3.75,0,4,177,0.0217647605105
additive,robust,0.4,0.25,1.5,3.75,0,5,125,0.0265825534199
additive,robust,0.4,0.25,1.5,3.75,0,6,89,0.0315884331286
additive,robust,0.4,0.25,1.5,3.75,0,7,63,0.0356903354633
additive,robust,0.4,0.25,1.5,3.75,0,8,45,0.0421032456024
additive,robust,0.4,0.25,1.5,3.75,0,9,31,0.0568479827365
additive,linear,0.4,0.25,1.5,3.75,1,1,501,0.045656054337
additive,linear,0.4,0.25,1.5,3.75,1,2,355,0.0287569749039
additive,linear,0.4,0.25,1.5,3.75,1,3,251,0.0365679223857
additive,linear,0.4,0.25,1.5,3.75,1,4,177,0.0401985961758
additive,linear,0.4,0.25,1.5,3.75,1,5,125,0.0476329069642
additive,linear,0.4,0.25,1.5,3.75,1,6,89,0.0563828041104
additive,linear,0.4,0.25,1.5,3.75,1,7,63,0.0688667620606
additive,linear,0.4,0.25,1.5,3.75,1,8,45,0.0755360321031
additive,linear,0.4,0.25,1.5,3.75,1,9,31,0.0971613774979
additive,robust,0.4,0.25,1.5,3.75,1,1,501,0.0204799578594
additive,robust,0.4,0.25,1.5,3.75,1,2,355,0.0163421784109
additive,robust,0.4,0.25,1.5,3.75,1,3,251,0.0228879525027
additive,robust,0.4,0.25,1.5,3.75,1,4,177,0.0239235305813
additive,robust,0.4,0.25,1.5,3.75,1,5,125,0.0276639638339
additive,robust,0.4,0.25,1.5,3.75,1,6,89,0.0311459042209
additive,robust,0.4,0.25,1.5,3.75,1,7,63,0.0363368804724
additive,robust,0.4,0.25,1.5,3.75,1,8,45,0.0433549715359
additive,robust,0.4,0.25,1.5,3.75,1,9,31,0.0559536274846
additive,linear,0.4,0.25,1.5,3.75,2,1,501,0.0494148625156
additive,linear,0.4,0.25,1.5,3.75,2,2,355,0.029790082132
additive,linear,0.4,0.25,1.5,3.75,2,3,251,0.0296544823966
additive,linear,0.4,0.25,1.5,3.75,2,4,177,0.0361712796883
additive,linear,0.4,0.25,1.5,3.75,2,5,125,0.0522331259868
additive,linear,0.4,0.25,1.5,3.75,2,6,89,0.056121456743
additive,linear,0.4,0.25,1.5,3.75,2,7,63,0.0589639471968
additive,linear,0.4,0.25,1.5,3.75,2,8,45,0.0684992145847
additive,linear,0.4,0.25,1.5,3.75,2,9,31,0.092315400616
additive,robust,0.4,0.25,1.5,3.75,2,1,501,0.038005356102
additive,robust,0.4,0.25,1.5,3.75,2,2,355,0.0169372533368
additive,robust,0.4,0.25,1.5,3.75,2,3,251,0.0171092849368
additive,robust,0.4,0.25,1.5,3.75,2,4,177,0.020528839472
additive,robust,0.4,0.25,1.5,3.75,2,5,125,0.0276725308388
additive,robust,0.4,0.25,1.5,3.75,2,6,89,0.0324114120313
additive,robust,0.4,0.25,1.5,3.75,2,7,63,0.0341514971412
additive,robust,0.4,0.25,1.5,3.75,2,8,45,0.0368027146796
additive,robust,0.4,0.25,1.5,3.75,2,9,31,0.0521540623228
additive,linear,0.4,0.25,2,5,0,1,501,0.0557533102863
additive,linear,0.4,0.25,2,5,0,2,355,0.0419171107154
additive,linear,0.4,0.25,2,5,0,3,251,0.0446196602651
additive,linear,0.4,0.25,2,5,0,4,177,0.0567816899794
additive,linear,0.4,0.25,2,5,0,5,125,0.0657958166107
additive,linear,0.4,0.25,2,5,0,6,89,0.0678689034865
additive,linear,0.4,0.25,2,5,0,7,63,0.0757544582136
additive,linear,0.4,0.25,2,5,0,8,45,0.0893818332705
additive,linear,0.4,0.25,2,5,0,9,31,0.116468061159
additive,robust,0.4,0.25,2,5,0,1,501,0.018637983975
additive,robust,0.4,0.25,2,5,0,2,355,0.0171661706583
additive,robust,0.4,0.25,2,5,0,3,251,0.021002481324
additive,robust,0.4,0.25,2,5,0,4,177,0.0225720492364
additive,robust,0.4,0.25,2,5,0,5,125,0.0276415467412
additive,robust,0.4,0.25,2,5,0,6,89,0.0334152499011
additive,robust,0.4,0.25,2,5,0,7,63,0.0383533259547
additive,robust,0.4,0.25,2,5,0,8,45,0.0455393794774
additive,robust,0.4,0.25,2,5,0,9,31,0.0620954349072
additive,linear,0.4,0.25,2,5,1,1,501,0.060958341124
additive,linear,0.4,0.25,2,5,1,2,355,0.0368596392519
additive,linear,0.4,0.25,2,5,1,3,251,0.0469788086731
additive,linear,0.4,0.25,2,5,1,4,177,0.0521215806421
additive,linear,0.4,0.25,2,5,1,5,125,0.0617933517916
additive,linear,0.4,0.25,2,5,1,6,89,0.0737925384609
additive,linear,0.4,0.25,2,5,1,7,63,0.0909227140156
additive,linear,0.4,0.25,2,5,1,8,45,0.0985836731186
additive,linear,0.4,0.25,2,5,1,9,31,0.126718788065
additive,robust,0.4,0.25,2,5,1,1,501,0.0213748038008
additive,robust,0.4,0.25,2,5,1,2,355,0.0173609439775
additive,robust,0.4,0.25,2,5,1,3,251,0.0241175233853
additive,robust,0.4,0.25,2,5,1,4,177,0.025121178845
additive,robust,0.4,0.25,2,5,1,5,125,0.0290970530259
additive,robust,0.4,0.25,2,5,1,6,89,0.0330793006975
additive,robust,0.4,0.25,2,5,1,7,63,0.0386084805557
additive,robust,0.4,0.25,2,5,1,8,45,0.0462280659464
additive,robust,0.4,0.25,2,5,1,9,31,0.0610445492798
additive,linear,0.4,0.25,2,5,2,1,501,0.0566906825021
additive,linear,0.4,0.25,2,5,2,2,355,0.0384549919913
additive,linear,0.4,0.25,2,5,2,3,251,0.0391344202697
additive,linear,0.4,0.25,2,5,2,4,177,0.0480005788489
additive,linear,0.4,0.25,2,5,2,5,125,0.0691507527164
additive,linear,0.4,0.25,2,5,2,6,89,0.0729975757631
additive,linear,0.4,0.25,2,5,2,7,63,0.0759997788543
additive,linear,0.4,0.25,2,5,2,8,45,0.089919804753
additive,linear,0.4,0.25,2,5,2,9,31,0.121251624839
additive,robust,0.4,0.25,2,5,2,1,501,0.0400854790807
additive,robust,0.4,0.25,2,5,2,2,355,0.0187846643538
additive,robust,0.4,0.25,2,5,2,3,251,0.0190774359508
additive,robust,0.4,0.25,2,5,2,4,177,0.0220636975433
additive,robust,0.4,0.25,2,5,2,5,125,0.0293396145131
additive,robust,0.4,0.25,2,5,2,6,89,0.0339509956492
additive,robust,0.4,0.25,2,5,2,7,63,0.0358564900694
additive,robust,0.4,0.25,2,5,2,8,45,0.0393967136799
additive,robust,0.4,0.25,2,5,2,9,31,0.0563735492601
additive,linear,0.4,0.25,2.5,6.25,0,1,501,0.0699256833439
additive,linear,0.4,0.25,2.5,6.25,0,2,355,0.0515910447324
additive,linear,0.4,0.25,2.5,6.25,0,3,251,0.0548335721131
additive,linear,0.4,0.25,2.5,6.25,0,4,177,0.0705051313114
additive,linear,0.4,0.25,2.5,6.25,0,5,125,0.0805023027535
additive,linear,0.4,0.25,2.5,6.25,0,6,89,0.0822175272763
additive,linear,0.4,0.25,2.5,6.25,0,7,63,0.0925903272445
additive,linear,0.4,0.25,2.5,6.25,0,8,45,0.109804163906
additive,linear,0.4,0.25,2.5,6.25,0,9,31,0.14317481173
additive,robust,0.4,0.25,2.5,6.25,0,1,501,0.0198614968875
additive,robust,0.4,0.25,2.5,6.25,0,2,355,0.0178709072488
additive,robust,0.4,0.25,2.5,6.25,0,3,251,0.0212480689393
additive,robust,0.4,0.25,2.5,6.25,0,4,177,0.0228859174468
additive,robust,0.4,0.25,2.5,6.25,0,5,125,0.0281810281163
additive,robust,0.4,0.25,2.5,6.25,0,6,89,0.0347522596695
additive,robust,0.4,0.25,2.5,6.25,0,7,63,0.040360634669
additive,robust,0.4,0.25,2.5,6.25,0,8,45,0.0482015200168
additive,robust,0.4,0.25,2.5,6.25,0,9,31,0.066283617062
additive,linear,0.4,0.25,2.5,6.25,1,1,501,0.076478940113
additive,linear,0.4,0.25,2.5,6.25,1,2,355,0.0451661475771
additive,linear,0.4,0.25,2.5,6.25,1,3,251,0.0575852049449
additive,linear,0.4,0.25,2.5,6.25,1,4,177,0.0642638624894
additive,linear,0.4,0.25,2.5,6.25,1,5,125,0.0761619552717
additive,linear,0.4,0.25,2.5,6.25,1,6,89,0.0914442176632
additive,linear,0.4,0.25,2.5,6.25,1,7,63,0.113309741457
additive,linear,0.4,0.25,2.5,6.25,1,8,45,0.122025733774
additive,linear,0.4,0.25,2.5,6.25,1,9,31,0.156676709535
additive,robust,0.4,0.25,2.5,6.25,1,1,501,0.0216523041661
additive,robust,0.4,0.25,2.5,6.25,1,2,355,0.0180389503633
additive,robust,0.4,0.25,2.5,6.25,1,3,251,0.0249533905901
additive,robust,0.4,0.25,2.5,6.25,1,4,177,0.0258793219923
additive,robust,0.4,0.25,2.5,6.25,1,5,125,0.0300136371373
additive,robust,0.4,0.25,2.5,6.25,1,6,89,0.0343993118012
additive,robust,0.4,0.25,2.5,6.25,1,7,63,0.0400854132135
additive,robust,0.4,0.25,2.5,6.25,1,8,45,0.0480632834455
additive,robust,0.4,0.25,2.5,6.25,1,9,31,0.0647523233633
additive,linear,0.4,0.25,2.5,6.25,2,1,501,0.06446544095
additive,linear,0.4,0.25,2.5,6.25,2,2,355,0.0472207223941
additive,linear,0.4,0.25,2.5,6.25,2,3,251,0.04878254877
additive,linear,0.4,0.25,2.5,6.25,2,4,177,0.060023753423
additive,linear,0.4,0.25,2.5,6.25,2,5,125,0.0862283552172
additive,linear,0.4,0.25,2.5,6.25,2,6,89,0.0901846164922
additive,linear,0.4,0.25,2.5,6.25,2,7,63,0.0934856905943
additive,linear,0.4,0.25,2.5,6.25,2,8,45,0.111783685586
additive,linear,0.4,0.25,2.5,6.25,2,9,31,0.150632715869
additive,robust,0.4,0.25,2.5,6.25,2,1,501,0.0419804429123
additive,robust,0.4,0.25,2.5,6.25,2,2,355,0.0203491734712
additive,robust,0.4,0.25,2.5,6.25,2,3,251,0.0207444097989
additive,robust,0.4,0.25,2.5,6.25,2,4,177,0.0231996470271
additive,robust,0.4,0.25,2.5,6.25,2,5,125,0.030363605519
additive,robust,0.4,0.25,2.5,6.25,2,6,89,0.0348498457159
additive,robust,0.4,0.25,2.5,6.25,2,7,63,0.0370197165435
additive,robust,0.4,0.25,2.5,6.25,2,8,45,0.041408485616
additive,robust,0.4,0.25,2.5,6.25,2,9,31,0.0594480685699
additive,linear,0.4,0.25,3,7.5,0,1,501,0.0843360258775
additive,linear,0.4,0.25,3,7.5,0,2,355,0.0613587439368
additive,linear,0.4,0.25,3,7.5,0,3,251,0.0651449530835
additive,linear,0.4,0.25,3,7.5,0,4,177,0.0843258433771
additive,linear,0.4,0.25,3,7.5,0,5,125,0.0953353717616
additive,linear,0.4,0.25,3,7.5,0,6,89,0.0967368524906
additive,linear,0.4,0.25,3,7.5,0,7,63,0.10961143588
additive,linear,0.4,0.25,3,7.5,0,8,45,0.130423883842
additive,linear,0.4,0.25,3,7.5,0,9,31,0.17013481909
additive,robust,0.4,0.25,3,7.5,0,1,501,0.021065670649
additive,robust,0.4,0.25,3,7.5,0,2,355,0.0183906136646
additive,robust,0.4,0.25,3,7.5,0,3,251,0.0213520930784
additive,robust,0.4,0.25,3,7.5,0,4,177,0.0229341856053
additive,robust,0.4,0.25,3,7.5,0,5,125,0.0284267330219
additive,robust,0.4,0.25,3,7.5,0,6,89,0.0357218038087
additive,robust,0.4,0.25,3,7.5,0,7,63,0.041824666296
additive,robust,0.4,0.25,3,7.5,0,8,45,0.050193811938
additive,robust,0.4,0.25,3,7.5,0,9,31,0.0695817390067
additive,linear,0.4,0.25,3,7.5,1,1,501,0.09210755714
additive,linear,0.4,0.25,3,7.5,1,2,355,0.0535817809443
additive,linear,0.4,0.25,3,7.5,1,3,251,0.0682960836375
additive,linear,0.4,0.25,3,7.5,1,4,177,0.076521119273
additive,linear,0.4,0.25,3,7.5,1,5,125,0.0906397768165
additive,linear,0.4,0.25,3,7.5,1,6,89,0.109220598945
additive,linear,0.4,0.25,3,7.5,1,7,63,0.135864284019
additive,linear,0.4,0.25,3,7.5,1,8,45,0.145671923988
additive,linear,0.4,0.25,3,7.5,1,9,31,0.186842590067
additive,robust,0.4,0.25,3,7.5,1,1,501,0.0218252333507
additive,robust,0.4,0.25,3,7.5,1,2,355,0.0185231683226
additive,robust,0.4,0.25,3,7.5,1,3,251,0.0255882868488
additive,robust,0.4,0.25,3,7.5,1,4,177,0.0264397316332
additive,robust,0.4,0.25,3,7.5,1,5,125,0.0306723498045
additive,robust,0.4,0.25,3,7.5,1,6,89,0.0353667810334
additive,robust,0.4,0.25,3,7.5,1,7,63,0.0411063375367
additive,robust,0.4,0.25,3,7.5,1,8,45,0.0492729306941
additive,robust,0.4,0.25,3,7.5,1,9,31,0.0674186874679
additive,linear,0.4,0.25,3,7.5,2,1,501,0.0725789736796
additive,linear,0.4,0.25,3,7.5,2,2,355,0.0560399824815
additive,linear,0.4,0.25,3,7.5,2,3,251,0.0585157326723
additive,linear,0.4,0.25,3,7.5,2,4,177,0.0721439373043
additive,linear,0.4,0.25,3,7.5,2,5,125,0.103386688587
additive,linear,0.4,0.25,3,7.5,2,6,89,0.107533598752
additive,linear,0.4,0.25,3,7.5,2,7,63,0.111209581192
additive,linear,0.4,0.25,3,7.5,2,8,45,0.13387384221
additive,linear,0.4,0.25,3,7.5,2,9,31,0.180241251888
additive,robust,0.4,0.25,3,7.5,2,1,501,0.0439263394316
additive,robust,0.4,0.25,3,7.5,2,2,355,0.0216466920261
additive,robust,0.4,0.25,3,7.5,2,3,251,0.0221650389387
additive,robust,0.4,0.25,3,7.5,2,4,177,0.0241352079728
additive,robust,0.4,0.25,3,7.5,2,5,125,0.0310960512606
additive,robust,0.4,0.25,3,7.5,2,6,89,0.0354918827037
additive,robust,0.4,0.25,3,7.5,2,7,63,0.0379458739034
additive,robust,0.4,0.25,3,7.5,2,8,45,0.043065955933
additive,robust,0.4,0.25,3,7.5,2,9,31,0.0619812482981
additive,linear,0.4,0.3,1,2.5,0,1,501,0.0345496748775
additive,linear,0.4,0.3,1,2.5,0,2,355,0.0231440387238
additive,linear,0.4,0.3,1,2.5,0,3,251,0.0285160534108
additive,linear,0.4,0.3,1,2.5,0,4,177,0.0337537066066
additive,linear,0.4,0.3,1,2.5,0,5,125,0.0396389593908
additive,linear,0.4,0.3,1,2.5,0,6,89,0.0437605028821
additive,linear,0.4,0.3,1,2.5,0,7,63,0.0485115210391
additive,linear,0.4,0.3,1,2.5,0,8,45,0.0549851790093
additive,linear,0.4,0.3,1,2.5,0,9,31,0.0678655880209
additive,robust,0.4,0.3,1,2.5,0,1,501,0.0198654741528
additive,robust,0.4,0.3,1,2.5,0,2,355,0.016416748067
additive,robust,0.4,0.3,1,2.5,0,3,251,0.0213017173477
additive,robust,0.4,0.3,1,2.5,0,4,177,0.0218176192732
additive,robust,0.4,0.3,1,2.5,0,5,125,0.0256013027636
additive,robust,0.4,0.3,1,2.5,0,6,89,0.0308212613849
additive,robust,0.4,0.3,1,2.5,0,7,63,0.0356539232059
additive,robust,0.4,0.3,1,2.5,0,8,45,0.0412210371442
additive,robust,0.4,0.3,1,2.5,0,9,31,0.0520003036971
additive,linear,0.4,0.3,1,2.5,1,1,501,0.0222640493674
additive,linear,0.4,0.3,1,2.5,1,2,355,0.0252325226991
additive,linear,0.4,0.3,1,2.5,1,3,251,0.0329300097682
additive,linear,0.4,0.3,1,2.5,1,4,177,0.0355792128522
additive,linear,0.4,0.3,1,2.5,1,5,125,0.0407699458136
additive,linear,0.4,0.3,1,2.5,1,6,89,0.0445357789373
additive,linear,0.4,0.3,1,2.5,1,7,63,0.0508576447542
additive,linear,0.4,0.3,1,2.5,1,8,45,0.0554550507703
additive,linear,0.4,0.3,1,2.5,1,9,31,0.0712068048542
additive,robust,0.4,0.3,1,2.5,1,1,501,0.0185494126845
additive,robust,0.4,0.3,1,2.5,1,2,355,0.017024667049
additive,robust,0.4,0.3,1,2.5,1,3,251,0.0232878818336
additive,robust,0.4,0.3,1,2.5,1,4,177,0.0239479038413
additive,robust,0.4,0.3,1,2.5,1,5,125,0.028156834595
additive,robust,0.4,0.3,1,2.5,1,6,89,0.0313588182486
additive,robust,0.4,0.3,1,2.5,1,7,63,0.0343577843276
additive,robust,0.4,0.3,1,2.5,1,8,45,0.0398104698947
additive,robust,0.4,0.3,1,2.5,1,9,31,0.0518732694147
additive,linear,0.4,0.3,1,2.5,2,1,501,0.0676331447675
additive,linear,0.4,0.3,1,2.5,2,2,355,0.0233342097204
additive,linear,0.4,0.3,1,2.5,2,3,251,0.0227272230058
additive,linear,0.4,0.3,1,2.5,2,4,177,0.0243913730924
additive,linear,0.4,0.3,1,2.5,2,5,125,0.0356052052777
additive,linear,0.4,0.3,1,2.5,2,6,89,0.0440093376706
additive,linear,0.4,0.3,1,2.5,2,7,63,0.0475067466046
additive,linear,0.4,0.3,1,2.5,2,8,45,0.0540248642921
additive,linear,0.4,0.3,1,2.5,2,9,31,0.0711005275915
additive,robust,0.4,0.3,1,2.5,2,1,501,0.0470806059914
additive,robust,0.4,0.3,1,2.5,2,2,355,0.0173647920939
additive,robust,0.4,0.3,1,2.5,2,3,251,0.0166500341202
additive,robust,0.4,0.3,1,2.5,2,4,177,0.0186969412598
additive,robust,0.4,0.3,1,2.5,2,5,125,0.0252696707884
additive,robust,0.4,0.3,1,2.5,2,6,89,0.0325030302308
additive,robust,0.4,0.3,1,2.5,2,7,63,0.03491805168
additive,robust,0.4,0.3,1,2.5,2,8,45,0.0387105809904
additive,robust,0.4,0.3,1,2.5,2,9,31,0.0510269790631
additive,linear,0.4,0.3,1.5,3.75,0,1,501,0.0488308643362
additive,linear,0.4,0.3,1.5,3.75,0,2,355,0.0319044108834
additive,linear,0.4,0.3,1.5,3.75,0,3,251,0.0398208056037
additive,linear,0.4,0.3,1.5,3.75,0,4,177,0.0487073919556
additive,linear,0.4,0.3,1.5,3.75,0,5,125,0.0551137113055
additive,linear,0.4,0.3,1.5,3.75,0,6,89,0.0590969489341
additive,linear,0.4,0.3,1.5,3.75,0,7,63,0.0669766837315
additive,linear,0.4,0.3,1.5,3.75,0,8,45,0.0765031563781
additive,linear,0.4,0.3,1.5,3.75,0,9,31,0.0945777393744
additive,robust,0.4,0.3,1.5,3.75,0,1,501,0.0213777708246
additive,robust,0.4,0.3,1.5,3.75,0,2,355,0.0186709754122
additive,robust,0.4,0.3,1.5,3.75,0,3,251,0.0234138480226
additive,robust,0.4,0.3,1.5,3.75,0,4,177,0.0240425606901
additive,robust,0.4,0.3,1.5,3.75,0,5,125,0.0277898811999
additive,robust,0.4,0.3,1.5,3.75,0,6,89,0.0335725234257
additive,robust,0.4,0.3,1.5,3.75,0,7,63,0.0398986721769
additive,robust,0.4,0.3,1.5,3.75,0,8,45,0.0468817917398
additive,robust,0.4,0.3,1.5,3.75,0,9,31,0.0604667425026
additive,linear,0.4,0.3,1.5,3.75,1,1,501,0.0309661828256
additive,linear,0.4,0.3,1.5,3.75,1,2,355,0.033923181594
additive,linear,0.4,0.3,1.5,3.75,1,3,251,0.045209399856
additive,linear,0.4,0.3,1.5,3.75,1,4,177,0.0499022987712
additive,linear,0.4,0.3,1.5,3.75,1,5,125,0.0577219186137
additive,linear,0.4,0.3,1.5,3.75,1,6,89,0.0638762010822
additive,linear,0.4,0.3,1.5,3.75,1,7,63,0.0740208415777
additive,linear,0.4,0.3,1.5,3.75,1,8,45,0.0789663348274
additive,linear,0.4,0.3,1.5,3.75,1,9,31,0.101481449171
additive,robust,0.4,0.3,1.5,3.75,1,1,501,0.0218121193461
additive,robust,0.4,0.3,1.5,3.75,1,2,355,0.0192257842318
additive,robust,0.4,0.3,1.5,3.75,1,3,251,0.0259000057102
additive,robust,0.4,0.3,1.5,3.75,1,4,177,0.0264955444787
additive,robust,0.4,0.3,1.5,3.75,1,5,125,0.0316530495854
additive,robust,0.4,0.3,1.5,3.75,1,6,89,0.0356614362954
additive,robust,0.4,0.3,1.5,3.75,1,7,63,0.0385562099929
additive,robust,0.4,0.3,1.5,3.75,1,8,45,0.044693851066
additive,robust,0.4,0.3,1.5,3.75,1,9,31,0.0600655738848
additive,linear,0.4,0.3,1.5,3.75,2,1,501,0.0886959486653
additive,linear,0.4,0.3,1.5,3.75,2,2,355,0.0339980179589
additive,linear,0.4,0.3,1.5,3.75,2,3,251,0.0330271954799
additive,linear,0.4,0.3,1.5,3.75,2,4,177,0.0347148355124
additive,linear,0.4,0.3,1.5,3.75,2,5,125,0.051396236498
additive,linear,0.4,0.3,1.5,3.75,2,6,89,0.0614282133583
additive,linear,0.4,0.3,1.5,3.75,2,7,63,0.0648614354669
additive,linear,0.4,0.3,1.5,3.75,2,8,45,0.0767367082794
additive,linear,0.4,0.3,1.5,3.75,2,9,31,0.102509486665
additive,robust,0.4,0.3,1.5,3.75,2,1,501,0.0511975134974
additive,robust,0.4,0.3,1.5,3.75,2,2,355,0.0206400886934
additive,robust,0.4,0.3,1.5,3.75,2,3,251,0.0198497917217
additive,robust,0.4,0.3,1.5,3.75,2,4,177,0.0214208955983
additive,robust,0.4,0.3,1.5,3.75,2,5,125,0.0283433418684
additive,robust,0.4,0.3,1.5,3.75,2,6,89,0.0359518689606
additive,robust,0.4,0.3,1.5,3.75,2,7,63,0.0384524859881
additive,robust,0.4,0.3,1.5,3.75,2,8,45,0.0439346610364
additive,robust,0.4,0.3,1.5,3.75,2,9,31,0.0594203950436
additive,linear,0.4,0.3,2,5,0,1,501,0.0640709097516
additive,linear,0.4,0.3,2,5,0,2,355,0.041047159536
additive,linear,0.4,0.3,2,5,0,3,251,0.0514705283872
additive,linear,0.4,0.3,2,5,0,4,177,0.064059665853
additive,linear,0.4,0.3,2,5,0,5,125,0.071092573817
additive,linear,0.4,0.3,2,5,0,6,89,0.0750319699016
additive,linear,0.4,0.3,2,5,0,7,63,0.0861070890069
additive,linear,0.4,0.3,2,5,0,8,45,0.0987510585683
additive,linear,0.4,0.3,2,5,0,9,31,0.122310024993
additive,robust,0.4,0.3,2,5,0,1,501,0.0223576885209
additive,robust,0.4,0.3,2,5,0,2,355,0.0200575953631
additive,robust,0.4,0.3,2,5,0,3,251,0.0243674858462
additive,robust,0.4,0.3,2,5,0,4,177,0.0250640824766
additive,robust,0.4,0.3,2,5,0,5,125,0.0288606370546
additive,robust,0.4,0.3,2,5,0,6,89,0.0353657660636
additive,robust,0.4,0.3,2,5,0,7,63,0.0427413133943
additive,robust,0.4,0.3,2,5,0,8,45,0.0507692066734
additive,robust,0.4,0.3,2,5,0,9,31,0.066452622739
additive,linear,0.4,0.3,2,5,1,1,501,0.0404031386456
additive,linear,0.4,0.3,2,5,1,2,355,0.0428804659351
additive,linear,0.4,0.3,2,5,1,3,251,0.0577585286775
additive,linear,0.4,0.3,2,5,1,4,177,0.0645886496895
additive,linear,0.4,0.3,2,5,1,5,125,0.0750509875052
additive,linear,0.4,0.3,2,5,1,6,89,0.0837120731129
additive,linear,0.4,0.3,2,5,1,7,63,0.0979293539332
additive,linear,0.4,0.3,2,5,1,8,45,0.103362422164
additive,linear,0.4,0.3,2,5,1,9,31,0.132651842262
additive,robust,0.4,0.3,2,5,1,1,501,0.023974688701
additive,robust,0.4,0.3,2,5,1,2,355,0.0208196172927
additive,robust,0.4,0.3,2,5,1,3,251,0.0275455017779
additive,robust,0.4,0.3,2,5,1,4,177,0.0278852209523
additive,robust,0.4,0.3,2,5,1,5,125,0.0336493030804
additive,robust,0.4,0.3,2,5,1,6,89,0.0384051150126
additive,robust,0.4,0.3,2,5,1,7,63,0.0413173952494
additive,robust,0.4,0.3,2,5,1,8,45,0.0479178369018
additive,robust,0.4,0.3,2,5,1,9,31,0.0659028091472
additive,linear,0.4,0.3,2,5,2,1,501,0.110507706288
additive,linear,0.4,0.3,2,5,2,2,355,0.0449128165838
additive,linear,0.4,0.3,2,5,2,3,251,0.0436919826294
additive,linear,0.4,0.3,2,5,2,4,177,0.0455016885935
additive,linear,0.4,0.3,2,5,2,5,125,0.0675617547081
additive,linear,0.4,0.3,2,5,2,6,89,0.079440860035
additive,linear,0.4,0.3,2,5,2,7,63,0.0830263444655
additive,linear,0.4,0.3,2,5,2,8,45,0.100345191338
additive,linear,0.4,0.3,2,5,2,9,31,0.134866753086
additive,robust,0.4,0.3,2,5,2,1,501,0.054306702522
additive,robust,0.4,0.3,2,5,2,2,355,0.023114793775
additive,robust,0.4,0.3,2,5,2,3,251,0.0224730779541
additive,robust,0.4,0.3,2,5,2,4,177,0.0234721210879
additive,robust,0.4,0.3,2,5,2,5,125,0.0301881593915
additive,robust,0.4,0.3,2,5,2,6,89,0.0380022675655
additive,robust,0.4,0.3,2,5,2,7,63,0.0409743315206
additive,robust,0.4,0.3,2,5,2,8,45,0.0478903945088
additive,robust,0.4,0.3,2,5,2,9,31,0.065351533073
additive,linear,0.4,0.3,2.5,6.25,0,1,501,0.07972179456
additive,linear,0.4,0.3,2.5,6.25,0,2,355,0.050364473043
additive,linear,0.4,0.3,2.5,6.25,0,3,251,0.0632749674256
additive,linear,0.4,0.3,2.5,6.25,0,4,177,0.0795801795921
additive,linear,0.4,0.3,2.5,6.25,0,5,125,0.0872991737403
additive,linear,0.4,0.3,2.5,6.25,0,6,89,0.0912525233322
additive,linear,0.4,0.3,2.5,6.25,0,7,63,0.105541610345
additive,linear,0.4,0.3,2.5,6.25,0,8,45,0.121328009167
additive,linear,0.4,0.3,2.5,6.25,0,9,31,0.150499562535
additive,robust,0.4,0.3,2.5,6.25,0,1,501,0.0235494573558
additive,robust,0.4,0.3,2.5,6.25,0,2,355,0.0210572513224
additive,robust,0.4,0.3,2.5,6.25,0,3,251,0.0248482327343
additive,robust,0.4,0.3,2.5,6.25,0,4,177,0.0255776492628
additive,robust,0.4,0.3,2.5,6.25,0,5,125,0.0295108388747
additive,robust,0.4,0.3,2.5,6.25,0,6,89,0.0366752106485
additive,robust,0.4,0.3,2.5,6.25,0,7,63,0.0447087069021
additive,robust,0.4,0.3,2.5,6.25,0,8,45,0.0535274316816
additive,robust,0.4,0.3,2.5,6.25,0,9,31,0.0708717254042
additive,linear,0.4,0.3,2.5,6.25,1,1,501,0.0501618908645
additive,linear,0.4,0.3,2.5,6.25,1,2,355,0.0519666867311
additive,linear,0.4,0.3,2.5,6.25,1,3,251,0.070433365263
additive,linear,0.4,0.3,2.5,6.25,1,4,177,0.0794370387498
additive,linear,0.4,0.3,2.5,6.25,1,5,125,0.0925455617133
additive,linear,0.4,0.3,2.5,6.25,1,6,89,0.103759635534
additive,linear,0.4,0.3,2.5,6.25,1,7,63,0.122146306337
additive,linear,0.4,0.3,2.5,6.25,1,8,45,0.128138938246
additive,linear,0.4,0.3,2.5,6.25,1,9,31,0.164208675919
additive,robust,0.4,0.3,2.5,6.25,1,1,501,0.0254603793928
additive,robust,0.4,0.3,2.5,6.25,1,2,355,0.0218953336124
additive,robust,0.4,0.3,2.5,6.25,1,3,251,0.0287004865218
additive,robust,0.4,0.3,2.5,6.25,1,4,177,0.0287700701283
additive,robust,0.4,0.3,2.5,6.25,1,5,125,0.0348799853249
additive,robust,0.4,0.3,2.5,6.25,1,6,89,0.040283060958
additive,robust,0.4,0.3,2.5,6.25,1,7,63,0.0432527797095
additive,robust,0.4,0.3,2.5,6.25,1,8,45,0.050118399146
additive,robust,0.4,0.3,2.5,6.25,1,9,31,0.0702118876527
additive,linear,0.4,0.3,2.5,6.25,2,1,501,0.132699614881
additive,linear,0.4,0.3,2.5,6.25,2,2,355,0.0559318598685
additive,linear,0.4,0.3,2.5,6.25,2,3,251,0.0545078689733
additive,linear,0.4,0.3,2.5,6.25,2,4,177,0.0564870840278
additive,linear,0.4,0.3,2.5,6.25,2,5,125,0.0838855372643
additive,linear,0.4,0.3,2.5,6.25,2,6,89,0.0977194778043
additive,linear,0.4,0.3,2.5,6.25,2,7,63,0.10156768761
additive,linear,0.4,0.3,2.5,6.25,2,8,45,0.124340625072
additive,linear,0.4,0.3,2.5,6.25,2,9,31,0.167624054712
additive,robust,0.4,0.3,2.5,6.25,2,1,501,0.0566964273305
additive,robust,0.4,0.3,2.5,6.25,2,2,355,0.0250405841176
additive,robust,0.4,0.3,2.5,6.25,2,3,251,0.0245406989775
additive,robust,0.4,0.3,2.5,6.25,2,4,177,0.025024950525
additive,robust,0.4,0.3,2.5,6.25,2,5,125,0.0313883034565
additive,robust,0.4,0.3,2.5,6.25,2,6,89,0.0393102448619
additive,robust,0.4,0.3,2.5,6.25,2,7,63,0.0428713296159
additive,robust,0.4,0.3,2.5,6.25,2,8,45,0.051025306147
additive,robust,0.4,0.3,2.5,6.25,2,9,31,0.0699470649791
additive,linear,0.4,0.3,3,7.5,0,1,501,0.0955819149538
additive,linear,0.4,0.3,3,7.5,0,2,355,0.0597747768763
additive,linear,0.4,0.3,3,7.5,0,3,251,0.0751612612301
additive,linear,0.4,0.3,3,7.5,0,4,177,0.0951866724667
additive,linear,0.4,0.3,3,7.5,0,5,125,0.10362671579
additive,linear,0.4,0.3,3,7.5,0,6,89,0.107629591167
additive,linear,0.4,0.3,3,7.5,0,7,63,0.125138636618
additive,linear,0.4,0.3,3,7.5,0,8,45,0.144079407466
additive,linear,0.4,0.3,3,7.5,0,9,31,0.178930369456
additive,robust,0.4,0.3,3,7.5,0,1,501,0.0249745065038
additive,robust,0.4,0.3,3,7.5,0,2,355,0.0218307083995
additive,robust,0.4,0.3,3,7.5,0,3,251,0.0251465350445
additive,robust,0.4,0.3,3,7.5,0,4,177,0.0258743593677
additive,robust,0.4,0.3,3,7.5,0,5,125,0.0299700974151
additive,robust,0.4,0.3,3,7.5,0,6,89,0.0376675553475
additive,robust,0.4,0.3,3,7.5,0,7,63,0.0460923691141
additive,robust,0.4,0.3,3,7.5,0,8,45,0.0555085814311
additive,robust,0.4,0.3,3,7.5,0,9,31,0.074233263424
additive,linear,0.4,0.3,3,7.5,1,1,501,0.0600858513035
additive,linear,0.4,0.3,3,7.5,1,2,355,0.0611243712643
additive,linear,0.4,0.3,3,7.5,1,3,251,0.0831764615573
additive,linear,0.4,0.3,3,7.5,1,4,177,0.0943710113995
additive,linear,0.4,0.3,3,7.5,1,5,125,0.110126793699
additive,linear,0.4,0.3,3,7.5,1,6,89,0.123916187031
additive,linear,0.4,0.3,3,7.5,1,7,63,0.1465188396
additive,linear,0.4,0.3,3,7.5,1,8,45,0.153111311056
additive,linear,0.4,0.3,3,7.5,1,9,31,0.195965350254
additive,robust,0.4,0.3,3,7.5,1,1,501,0.0266829911069
additive,robust,0.4,0.3,3,7.5,1,2,355,0.0226931841788
additive,robust,0.4,0.3,3,7.5,1,3,251,0.0295986213392
additive,robust,0.4,0.3,3,7.5,1,4,177,0.029431866866
additive,robust,0.4,0.3,3,7.5,1,5,125,0.0357446009092
additive,robust,0.4,0.3,3,7.5,1,6,89,0.0416883893689
additive,robust,0.4,0.3,3,7.5,1,7,63,0.0447428800919
additive,robust,0.4,0.3,3,7.5,1,8,45,0.0517277233951
additive,robust,0.4,0.3,3,7.5,1,9,31,0.0734231767093
additive,linear,0.4,0.3,3,7.5,2,1,501,0.155108591739
additive,linear,0.4,0.3,3,7.5,2,2,355,0.0670037371323
additive,linear,0.4,0.3,3,7.5,2,3,251,0.0653999307571
additive,linear,0.4,0.3,3,7.5,2,4,177,0.0675742613422
additive,linear,0.4,0.3,3,7.5,2,5,125,0.100290334104
additive,linear,0.4,0.3,3,7.5,2,6,89,0.116138553866
additive,linear,0.4,0.3,3,7.5,2,7,63,0.120311552579
additive,linear,0.4,0.3,3,7.5,2,8,45,0.148535595913
additive,linear,0.4,0.3,3,7.5,2,9,31,0.200585499844
additive,robust,0.4,0.3,3,7.5,2,1,501,0.0588738454864
additive,robust,0.4,0.3,3,7.5,2,2,355,0.0265751977697
additive,robust,0.4,0.3,3,7.5,2,3,251,0.0261970203288
additive,robust,0.4,0.3,3,7.5,2,4,177,0.0262552795508
additive,robust,0.4,0.3,3,7.5,2,5,125,0.0322426845663
additive,robust,0.4,0.3,3,7.5,2,6,89,0.0402383287663
additive,robust,0.4,0.3,3,7.5,2,7,63,0.0443959301623
additive,robust,0.4,0.3,3,7.5,2,8,45,0.0535481056878
additive,robust,0.4,0.3,3,7.5,2,9,31,0.0737319450882
additive,linear,0.6,0.1,1,1.66666666667,0,1,501,0.037086253805
additive,linear,0.6,0.1,1,1.66666666667,0,2,355,0.0267623545059
additive,linear,0.6,0.1,1,1.66666666667,0,3,251,0.0272498119111
additive,linear,0.6,0.1,1,1.66666666667,0,4,177,0.025709021511
additive,linear,0.6,0.1,1,1.66666666667,0,5,125,0.0340115549971
additive,linear,0.6,0.1,1,1.66666666667,0,6,89,0.040946745318
additive,linear,0.6,0.1,1,1.66666666667,0,7,63,0.0438854510523
additive,linear,0.6,0.1,1,1.66666666667,0,8,45,0.0514822143484
additive,linear,0.6,0.1,1,1.66666666667,0,9,31,0.0648298734967
additive,robust,0.6,0.1,1,1.66666666667,0,1,501,0.030199033406
additive,robust,0.6,0.1,1,1.66666666667,0,2,355,0.0217266187129
additive,robust,0.6,0.1,1,1.66666666667,0,3,251,0.0246410923809
additive,robust,0.6,0.1,1,1.66666666667,0,4,177,0.023362379167
additive,robust,0.6,0.1,1,1.66666666667,0,5,125,0.0298397629295
additive,robust,0.6,0.1,1,1.66666666667,0,6,89,0.0375960229405
additive,robust,0.6,0.1,1,1.66666666667,0,7,63,0.0406612236031
additive,robust,0.6,0.1,1,1.66666666667,0,8,45,0.0458555868573
additive,robust,0.6,0.1,1,1.66666666667,0,9,31,0.0562581355772
additive,linear,0.6,0.1,1,1.66666666667,1,1,501,0.0263663640801
additive,linear,0.6,0.1,1,1.66666666667,1,2,355,0.0195085108719
additive,linear,0.6,0.1,1,1.66666666667,1,3,251,0.0233853825097
additive,linear,0.6,0.1,1,1.66666666667,1,4,177,0.0281869458263
additive,linear,0.6,0.1,1,1.66666666667,1,5,125,0.0335711073449
additive,linear,0.6,0.1,1,1.66666666667,1,6,89,0.034908458743
additive,linear,0.6,0.1,1,1.66666666667,1,7,63,0.0397512709716
additive,linear,0.6,0.1,1,1.66666666667,1,8,45,0.0471277946751
additive,linear,0.6,0.1,1,1.66666666667,1,9,31,0.0564197931484
additive,robust,0.6,0.1,1,1.66666666667,1,1,501,0.025905203754
additive,robust,0.6,0.1,1,1.66666666667,1,2,355,0.01697753496
additive,robust,0.6,0.1,1,1.66666666667,1,3,251,0.020480506585
additive,robust,0.6,0.1,1,1.66666666667,1,4,177,0.0242460817474
additive,robust,0.6,0.1,1,1.66666666667,1,5,125,0.0288764760407
additive,robust,0.6,0.1,1,1.66666666667,1,6,89,0.0317240765364
additive,robust,0.6,0.1,1,1.66666666667,1,7,63,0.0370919217598
additive,robust,0.6,0.1,1,1.66666666667,1,8,45,0.0438939763358
additive,robust,0.6,0.1,1,1.66666666667,1,9,31,0.0517637479215
additive,linear,0.6,0.1,1,1.66666666667,2,1,501,0.0522374642123
additive,linear,0.6,0.1,1,1.66666666667,2,2,355,0.0150659720644
additive,linear,0.6,0.1,1,1.66666666667,2,3,251,0.0189015126071
additive,linear,0.6,0.1,1,1.66666666667,2,4,177,0.0227159119583
additive,linear,0.6,0.1,1,1.66666666667,2,5,125,0.0246912417297
additive,linear,0.6,0.1,1,1.66666666667,2,6,89,0.0318611569758
additive,linear,0.6,0.1,1,1.66666666667,2,7,63,0.0372750374542
additive,linear,0.6,0.1,1,1.66666666667,2,8,45,0.0387658222413
additive,linear,0.6,0.1,1,1.66666666667,2,9,31,0.0520288780516
additive,robust,0.6,0.1,1,1.66666666667,2,1,501,0.0446925000818
additive,robust,0.6,0.1,1,1.66666666667,2,2,355,0.0143230897583
additive,robust,0.6,0.1,1,1.66666666667,2,3,251,0.0174304670386
additive,robust,0.6,0.1,1,1.66666666667,2,4,177,0.0205396390557
additive,robust,0.6,0.1,1,1.66666666667,2,5,125,0.0223365721731
additive,robust,0.6,0.1,1,1.66666666667,2,6,89,0.0298699162882
additive,robust,0.6,0.1,1,1.66666666667,2,7,63,0.035446639172
additive,robust,0.6,0.1,1,1.66666666667,2,8,45,0.0365504545706
additive,robust,0.6,0.1,1,1.66666666667,2,9,31,0.0472161567903
additive,linear,0.6,0.1,1.5,2.5,0,1,501,0.0453985131094
additive,linear,0.6,0.1,1.5,2.5,0,2,355,0.0340969388309
additive,linear,0.6,0.1,1.5,2.5,0,3,251,0.034814407971
additive,linear,0.6,0.1,1.5,2.5,0,4,177,0.0320385782312
additive,linear,0.6,0.1,1.5,2.5,0,5,125,0.0404007929115
additive,linear,0.6,0.1,1.5,2.5,0,6,89,0.0477729920627
additive,linear,0.6,0.1,1.5,2.5,0,7,63,0.0532442888173
additive,linear,0.6,0.1,1.5,2.5,0,8,45,0.0644419321543
additive,linear,0.6,0.1,1.5,2.5,0,9,31,0.0806929286848
additive,robust,0.6,0.1,1.5,2.5,0,1,501,0.0292056283873
additive,robust,0.6,0.1,1.5,2.5,0,2,355,0.0228192064281
additive,robust,0.6,0.1,1.5,2.5,0,3,251,0.0257419189726
additive,robust,0.6,0.1,1.5,2.5,0,4,177,0.0243322931286
additive,robust,0.6,0.1,1.5,2.5,0,5,125,0.031744171634
additive,robust,0.6,0.1,1.5,2.5,0,6,89,0.0401453105911
additive,robust,0.6,0.1,1.5,2.5,0,7,63,0.0438360910664
additive,robust,0.6,0.1,1.5,2.5,0,8,45,0.0494142517182
additive,robust,0.6,0.1,1.5,2.5,0,9,31,0.0600723229896
additive,linear,0.6,0.1,1.5,2.5,1,1,501,0.0340784598565
additive,linear,0.6,0.1,1.5,2.5,1,2,355,0.026071281512
additive,linear,0.6,0.1,1.5,2.5,1,3,251,0.0279976576658
additive,linear,0.6,0.1,1.5,2.5,1,4,177,0.0341243594691
additive,linear,0.6,0.1,1.5,2.5,1,5,125,0.0425884230717
additive,linear,0.6,0.1,1.5,2.5,1,6,89,0.0437584989181
additive,linear,0.6,0.1,1.5,2.5,1,7,63,0.0481220086405
additive,linear,0.6,0.1,1.5,2.5,1,8,45,0.0569377445774
additive,linear,0.6,0.1,1.5,2.5,1,9,31,0.0693213757066
additive,robust,0.6,0.1,1.5,2.5,1,1,501,0.0285187684981
additive,robust,0.6,0.1,1.5,2.5,1,2,355,0.0184184210103
additive,robust,0.6,0.1,1.5,2.5,1,3,251,0.0211267602841
additive,robust,0.6,0.1,1.5,2.5,1,4,177,0.0253015881751
additive,robust,0.6,0.1,1.5,2.5,1,5,125,0.0308716437623
additive,robust,0.6,0.1,1.5,2.5,1,6,89,0.0339206118685
additive,robust,0.6,0.1,1.5,2.5,1,7,63,0.0390799232089
additive,robust,0.6,0.1,1.5,2.5,1,8,45,0.0469370682167
additive,robust,0.6,0.1,1.5,2.5,1,9,31,0.0563360764231
additive,linear,0.6,0.1,1.5,2.5,2,1,501,0.0553245552308
additive,linear,0.6,0.1,1.5,2.5,2,2,355,0.0192285105862
additive,linear,0.6,0.1,1.5,2.5,2,3,251,0.0238605951739
additive,linear,0.6,0.1,1.5,2.5,2,4,177,0.0279679483152
additive,linear,0.6,0.1,1.5,2.5,2,5,125,0.0303982763402
additive,linear,0.6,0.1,1.5,2.5,2,6,89,0.0363514700311
additive,linear,0.6,0.1,1.5,2.5,2,7,63,0.0412214196561
additive,linear,0.6,0.1,1.5,2.5,2,8,45,0.0441717797852
additive,linear,0.6,0.1,1.5,2.5,2,9,31,0.0624860575628
additive,robust,0.6,0.1,1.5,2.5,2,1,501,0.0447301775283
additive,robust,0.6,0.1,1.5,2.5,2,2,355,0.0157784198939
additive,robust,0.6,0.1,1.5,2.5,2,3,251,0.0187585695925
additive,robust,0.6,0.1,1.5,2.5,2,4,177,0.0215916503693
additive,robust,0.6,0.1,1.5,2.5,2,5,125,0.0236559826167
additive,robust,0.6,0.1,1.5,2.5,2,6,89,0.0310625274573
additive,robust,0.6,0.1,1.5,2.5,2,7,63,0.0362454916408
additive,robust,0.6,0.1,1.5,2.5,2,8,45,0.0375373587851
additive,robust,0.6,0.1,1.5,2.5,2,9,31,0.050063000578
additive,linear,0.6,0.1,2,3.33333333333,0,1,501,0.0551956502707
additive,linear,0.6,0.1,2,3.33333333333,0,2,355,0.0419742712047
additive,linear,0.6,0.1,2,3.33333333333,0,3,251,0.0430442689409
additive,linear,0.6,0.1,2,3.33333333333,0,4,177,0.039255392776
additive,linear,0.6,0.1,2,3.33333333333,0,5,125,0.047501129444
additive,linear,0.6,0.1,2,3.33333333333,0,6,89,0.055339991343
additive,linear,0.6,0.1,2,3.33333333333,0,7,63,0.0637603268546
additive,linear,0.6,0.1,2,3.33333333333,0,8,45,0.0787619824302
additive,linear,0.6,0.1,2,3.33333333333,0,9,31,0.098353037993
additive,robust,0.6,0.1,2,3.33333333333,0,1,501,0.0278842525657
additive,robust,0.6,0.1,2,3.33333333333,0,2,355,0.0234759996835
additive,robust,0.6,0.1,2,3.33333333333,0,3,251,0.0262036637443
additive,robust,0.6,0.1,2,3.33333333333,0,4,177,0.0248024614802
additive,robust,0.6,0.1,2,3.33333333333,0,5,125,0.0331613642646
additive,robust,0.6,0.1,2,3.33333333333,0,6,89,0.0420309182517
additive,robust,0.6,0.1,2,3.33333333333,0,7,63,0.0459800818195
additive,robust,0.6,0.1,2,3.33333333333,0,8,45,0.0517096012235
additive,robust,0.6,0.1,2,3.33333333333,0,9,31,0.0627239683343
additive,linear,0.6,0.1,2,3.33333333333,1,1,501,0.0430887391261
additive,linear,0.6,0.1,2,3.33333333333,1,2,355,0.0338957270376
additive,linear,0.6,0.1,2,3.33333333333,1,3,251,0.0334524703744
additive,linear,0.6,0.1,2,3.33333333333,1,4,177,0.0407134689682
additive,linear,0.6,0.1,2,3.33333333333,1,5,125,0.0523935544857
additive,linear,0.6,0.1,2,3.33333333333,1,6,89,0.0536725717596
additive,linear,0.6,0.1,2,3.33333333333,1,7,63,0.0579443124226
additive,linear,0.6,0.1,2,3.33333333333,1,8,45,0.0683091836467
additive,linear,0.6,0.1,2,3.33333333333,1,9,31,0.0840609272565
additive,robust,0.6,0.1,2,3.33333333333,1,1,501,0.0308259117192
additive,robust,0.6,0.1,2,3.33333333333,1,2,355,0.0196765376033
additive,robust,0.6,0.1,2,3.33333333333,1,3,251,0.021567873588
additive,robust,0.6,0.1,2,3.33333333333,1,4,177,0.0258786365296
additive,robust,0.6,0.1,2,3.33333333333,1,5,125,0.0320319791015
additive,robust,0.6,0.1,2,3.33333333333,1,6,89,0.0353527408398
additive,robust,0.6,0.1,2,3.33333333333,1,7,63,0.0404540196888
additive,robust,0.6,0.1,2,3.33333333333,1,8,45,0.048993514265
additive,robust,0.6,0.1,2,3.33333333333,1,9,31,0.0596838892545
additive,linear,0.6,0.1,2,3.33333333333,2,1,501,0.0596975882587
additive,linear,0.6,0.1,2,3.33333333333,2,2,355,0.0241991689408
additive,linear,0.6,0.1,2,3.33333333333,2,3,251,0.029639430222
additive,linear,0.6,0.1,2,3.33333333333,2,4,177,0.0340407548838
additive,linear,0.6,0.1,2,3.33333333333,2,5,125,0.0370204076804
additive,linear,0.6,0.1,2,3.33333333333,2,6,89,0.0420488263015
additive,linear,0.6,0.1,2,3.33333333333,2,7,63,0.0466521532292
additive,linear,0.6,0.1,2,3.33333333333,2,8,45,0.0515367349112
additive,linear,0.6,0.1,2,3.33333333333,2,9,31,0.0749864475751
additive,robust,0.6,0.1,2,3.33333333333,2,1,501,0.045638393546
additive,robust,0.6,0.1,2,3.33333333333,2,2,355,0.0169694930173
additive,robust,0.6,0.1,2,3.33333333333,2,3,251,0.0198047208041
additive,robust,0.6,0.1,2,3.33333333333,2,4,177,0.0223922435151
additive,robust,0.6,0.1,2,3.33333333333,2,5,125,0.0245363364833
additive,robust,0.6,0.1,2,3.33333333333,2,6,89,0.0318097744216
additive,robust,0.6,0.1,2,3.33333333333,2,7,63,0.0368038668621
additive,robust,0.6,0.1,2,3.33333333333,2,8,45,0.0384890894021
additive,robust,0.6,0.1,2,3.33333333333,2,9,31,0.0524964652201
additive,linear,0.6,0.1,2.5,4.16666666667,0,1,501,0.0658178901976
additive,linear,0.6,0.1,2.5,4.16666666667,0,2,355,0.0501391886181
additive,linear,0.6,0.1,2.5,4.16666666667,0,3,251,0.0516221900739
additive,linear,0.6,0.1,2.5,4.16666666667,0,4,177,0.0469521020596
additive,linear,0.6,0.1,2.5,4.16666666667,0,5,125,0.0550380374381
additive,linear,0.6,0.1,2.5,4.16666666667,0,6,89,0.0633829911395
additive,linear,0.6,0.1,2.5,4.16666666667,0,7,63,0.0749480338695
additive,linear,0.6,0.1,2.5,4.16666666667,0,8,45,0.0938215335829
additive,linear,0.6,0.1,2.5,4.16666666667,0,9,31,0.116999258655
additive,robust,0.6,0.1,2.5,4.16666666667,0,1,501,0.0267928730877
additive,robust,0.6,0.1,2.5,4.16666666667,0,2,355,0.0239628364817
additive,robust,0.6,0.1,2.5,4.16666666667,0,3,251,0.0264045116429
additive,robust,0.6,0.1,2.5,4.16666666667,0,4,177,0.0249999642623
additive,robust,0.6,0.1,2.5,4.16666666667,0,5,125,0.0341273374207
additive,robust,0.6,0.1,2.5,4.16666666667,0,6,89,0.0433744417951
additive,robust,0.6,0.1,2.5,4.16666666667,0,7,63,0.0474770088429
additive,robust,0.6,0.1,2.5,4.16666666667,0,8,45,0.053274124483
additive,robust,0.6,0.1,2.5,4.16666666667,0,9,31,0.064581609907
additive,linear,0.6,0.1,2.5,4.16666666667,1,1,501,0.0527359383595
additive,linear,0.6,0.1,2.5,4.16666666667,1,2,355,0.0422872057675
additive,linear,0.6,0.1,2.5,4.16666666667,1,3,251,0.0394014331374
additive,linear,0.6,0.1,2.5,4.16666666667,1,4,177,0.047684880767
additive,linear,0.6,0.1,2.5,4.16666666667,1,5,125,0.0626175020591
additive,linear,0.6,0.1,2.5,4.16666666667,1,6,89,0.0641593070956
additive,linear,0.6,0.1,2.5,4.16666666667,1,7,63,0.0685974520186
additive,linear,0.6,0.1,2.5,4.16666666667,1,8,45,0.0805837605829
additive,linear,0.6,0.1,2.5,4.16666666667,1,9,31,0.099827612127
additive,robust,0.6,0.1,2.5,4.16666666667,1,1,501,0.0326350725929
additive,robust,0.6,0.1,2.5,4.16666666667,1,2,355,0.0206612988625
additive,robust,0.6,0.1,2.5,4.16666666667,1,3,251,0.0218153619378
additive,robust,0.6,0.1,2.5,4.16666666667,1,4,177,0.0261579493985
additive,robust,0.6,0.1,2.5,4.16666666667,1,5,125,0.032751690796
additive,robust,0.6,0.1,2.5,4.16666666667,1,6,89,0.0363684443342
additive,robust,0.6,0.1,2.5,4.16666666667,1,7,63,0.0414739685029
additive,robust,0.6,0.1,2.5,4.16666666667,1,8,45,0.0503568484384
additive,robust,0.6,0.1,2.5,4.16666666667,1,9,31,0.0620009037971
additive,linear,0.6,0.1,2.5,4.16666666667,2,1,501,0.06509792289
additive,linear,0.6,0.1,2.5,4.16666666667,2,2,355,0.0295732309434
additive,linear,0.6,0.1,2.5,4.16666666667,2,3,251,0.0358436974142
additive,linear,0.6,0.1,2.5,4.16666666667,2,4,177,0.0405673912937
additive,linear,0.6,0.1,2.5,4.16666666667,2,5,125,0.0441477469329
additive,linear,0.6,0.1,2.5,4.16666666667,2,6,89,0.0485299555284
additive,linear,0.6,0.1,2.5,4.16666666667,2,7,63,0.0531138616989
additive,linear,0.6,0.1,2.5,4.16666666667,2,8,45,0.0601452884421
additive,linear,0.6,0.1,2.5,4.16666666667,2,9,31,0.0886700848195
additive,robust,0.6,0.1,2.5,4.16666666667,2,1,501,0.0465523389748
additive,robust,0.6,0.1,2.5,4.16666666667,2,2,355,0.0178121672156
additive,robust,0.6,0.1,2.5,4.16666666667,2,3,251,0.0205758039481
additive,robust,0.6,0.1,2.5,4.16666666667,2,4,177,0.0229548446154
additive,robust,0.6,0.1,2.5,4.16666666667,2,5,125,0.0250751796393
additive,robust,0.6,0.1,2.5,4.16666666667,2,6,89,0.0322161958348
additive,robust,0.6,0.1,2.5,4.16666666667,2,7,63,0.0371226059625
additive,robust,0.6,0.1,2.5,4.16666666667,2,8,45,0.0393015874783
additive,robust,0.6,0.1,2.5,4.16666666667,2,9,31,0.0544145408303
additive,linear,0.6,0.1,3,5,0,1,501,0.0769241806998
additive,linear,0.6,0.1,3,5,0,2,355,0.0584713401077
additive,linear,0.6,0.1,3,5,0,3,251,0.0604000601035
additive,linear,0.6,0.1,3,5,0,4,177,0.0549273390264
additive,linear,0.6,0.1,3,5,0,5,125,0.0628546646451
additive,linear,0.6,0.1,3,5,0,6,89,0.0717420765134
additive,linear,0.6,0.1,3,5,0,7,63,0.0865473268943
additive,linear,0.6,0.1,3,5,0,8,45,0.109315385387
additive,linear,0.6,0.1,3,5,0,9,31,0.136227266249
additive,robust,0.6,0.1,3,5,0,1,501,0.0261228568835
additive,robust,0.6,0.1,3,5,0,2,355,0.0243964458756
additive,robust,0.6,0.1,3,5,0,3,251,0.0265256315431
additive,robust,0.6,0.1,3,5,0,4,177,0.0250903376057
additive,robust,0.6,0.1,3,5,0,5,125,0.0347844969536
additive,robust,0.6,0.1,3,5,0,6,89,0.0443356423855
additive,robust,0.6,0.1,3,5,0,7,63,0.0485560135326
additive,robust,0.6,0.1,3,5,0,8,45,0.0544402644624
additive,robust,0.6,0.1,3,5,0,9,31,0.0660277690629
additive,linear,0.6,0.1,3,5,1,1,501,0.0627268737602
additive,linear,0.6,0.1,3,5,1,2,355,0.0509664016812
additive,linear,0.6,0.1,3,5,1,3,251,0.0456517722782
additive,linear,0.6,0.1,3,5,1,4,177,0.0548931307559
additive,linear,0.6,0.1,3,5,1,5,125,0.0730847098724
additive,linear,0.6,0.1,3,5,1,6,89,0.0749788064099
additive,linear,0.6,0.1,3,5,1,7,63,0.0797491627515
additive,linear,0.6,0.1,3,5,1,8,45,0.0934061050209
additive,linear,0.6,0.1,3,5,1,9,31,0.116204092377
additive,robust,0.6,0.1,3,5,1,1,501,0.0339205972291
additive,robust,0.6,0.1,3,5,1,2,355,0.0213744536526
additive,robust,0.6,0.1,3,5,1,3,251,0.0219385553126
additive,robust,0.6,0.1,3,5,1,4,177,0.0262850565255
additive,robust,0.6,0.1,3,5,1,5,125,0.0332216925701
additive,robust,0.6,0.1,3,5,1,6,89,0.0371106479391
additive,robust,0.6,0.1,3,5,1,7,63,0.0422515493043
additive,robust,0.6,0.1,3,5,1,8,45,0.0512519377544
additive,robust,0.6,0.1,3,5,1,9,31,0.0635884881355
additive,linear,0.6,0.1,3,5,2,1,501,0.0712924888999
additive,linear,0.6,0.1,3,5,2,2,355,0.035166237393
additive,linear,0.6,0.1,3,5,2,3,251,0.0422865518028
additive,linear,0.6,0.1,3,5,2,4,177,0.0473606045456
additive,linear,0.6,0.1,3,5,2,5,125,0.0515712529201
additive,linear,0.6,0.1,3,5,2,6,89,0.0555210567638
additive,linear,0.6,0.1,3,5,2,7,63,0.0602758836469
additive,linear,0.6,0.1,3,5,2,8,45,0.0695370991546
additive,linear,0.6,0.1,3,5,2,9,31,0.103066761158
additive,robust,0.6,0.1,3,5,2,1,501,0.0473675240243
additive,robust,0.6,0.1,3,5,2,2,355,0.0184141311885
additive,robust,0.6,0.1,3,5,2,3,251,0.0211614134727
additive,robust,0.6,0.1,3,5,2,4,177,0.0233551368029
additive,robust,0.6,0.1,3,5,2,5,125,0.0253991736928
additive,robust,0.6,0.1,3,5,2,6,89,0.0324374364806
additive,robust,0.6,0.1,3,5,2,7,63,0.0373117710754
additive,robust,0.6,0.1,3,5,2,8,45,0.0399960629507
additive,robust,0.6,0.1,3,5,2,9,31,0.0559377143027
additive,linear,0.6,0.15,1,1.66666666667,0,1,501,0.0368321305122
additive,linear,0.6,0.15,1,1.66666666667,0,2,355,0.0272279357593
additive,linear,0.6,0.15,1,1.66666666667,0,3,251,0.0283826313947
additive,linear,0.6,0.15,1,1.66666666667,0,4,177,0.0269512351791
additive,linear,0.6,0.15,1,1.66666666667,0,5,125,0.0359366963288
additive,linear,0.6,0.15,1,1.66666666667,0,6,89,0.0415500845182
additive,linear,0.6,0.15,1,1.66666666667,0,7,63,0.0421757158251
additive,linear,0.6,0.15,1,1.66666666667,0,8,45,0.0498541788911
additive,linear,0.6,0.15,1,1.66666666667,0,9,31,0.0660200985182
additive,robust,0.6,0.15,1,1.66666666667,0,1,501,0.0298382226988
additive,robust,0.6,0.15,1,1.66666666667,0,2,355,0.0224624184299
additive,robust,0.6,0.15,1,1.66666666667,0,3,251,0.0262841878464
additive,robust,0.6,0.15,1,1.66666666667,0,4,177,0.0244349810979
additive,robust,0.6,0.15,1,1.66666666667,0,5,125,0.0306099201115
additive,robust,0.6,0.15,1,1.66666666667,0,6,89,0.0373830256589
additive,robust,0.6,0.15,1,1.66666666667,0,7,63,0.0392573591547
additive,robust,0.6,0.15,1,1.66666666667,0,8,45,0.044847866767
additive,robust,0.6,0.15,1,1.66666666667,0,9,31,0.0579199831036
additive,linear,0.6,0.15,1,1.66666666667,1,1,501,0.0239410087037
additive,linear,0.6,0.15,1,1.66666666667,1,2,355,0.0191111457496
additive,linear,0.6,0.15,1,1.66666666667,1,3,251,0.0244763897601
additive,linear,0.6,0.15,1,1.66666666667,1,4,177,0.0296321411973
additive,linear,0.6,0.15,1,1.66666666667,1,5,125,0.035054051968
additive,linear,0.6,0.15,1,1.66666666667,1,6,89,0.0366464943958
additive,linear,0.6,0.15,1,1.66666666667,1,7,63,0.0422678572139
additive,linear,0.6,0.15,1,1.66666666667,1,8,45,0.0485973672452
additive,linear,0.6,0.15,1,1.66666666667,1,9,31,0.0592788637852
additive,robust,0.6,0.15,1,1.66666666667,1,1,501,0.0241488822121
additive,robust,0.6,0.15,1,1.66666666667,1,2,355,0.0162379058154
additive,robust,0.6,0.15,1,1.66666666667,1,3,251,0.0214187790827
additive,robust,0.6,0.15,1,1.66666666667,1,4,177,0.0257910967226
additive,robust,0.6,0.15,1,1.66666666667,1,5,125,0.0306265499706
additive,robust,0.6,0.15,1,1.66666666667,1,6,89,0.0336562497812
additive,robust,0.6,0.15,1,1.66666666667,1,7,63,0.0393495314067
additive,robust,0.6,0.15,1,1.66666666667,1,8,45,0.0453416344123
additive,robust,0.6,0.15,1,1.66666666667,1,9,31,0.0545259199528
additive,linear,0.6,0.15,1,1.66666666667,2,1,501,0.0513004282612
additive,linear,0.6,0.15,1,1.66666666667,2,2,355,0.018861925834
additive,linear,0.6,0.15,1,1.66666666667,2,3,251,0.0232411449802
additive,linear,0.6,0.15,1,1.66666666667,2,4,177,0.0263309754531
additive,linear,0.6,0.15,1,1.66666666667,2,5,125,0.0271875741539
additive,linear,0.6,0.15,1,1.66666666667,2,6,89,0.0342316772818
additive,linear,0.6,0.15,1,1.66666666667,2,7,63,0.0415171609907
additive,linear,0.6,0.15,1,1.66666666667,2,8,45,0.0448748510115
additive,linear,0.6,0.15,1,1.66666666667,2,9,31,0.0613731894527
additive,robust,0.6,0.15,1,1.66666666667,2,1,501,0.0464997289509
additive,robust,0.6,0.15,1,1.66666666667,2,2,355,0.0158683108664
additive,robust,0.6,0.15,1,1.66666666667,2,3,251,0.0207075121121
additive,robust,0.6,0.15,1,1.66666666667,2,4,177,0.0239205734008
additive,robust,0.6,0.15,1,1.66666666667,2,5,125,0.0249986747418
additive,robust,0.6,0.15,1,1.66666666667,2,6,89,0.0317745978041
additive,robust,0.6,0.15,1,1.66666666667,2,7,63,0.0376069552723
additive,robust,0.6,0.15,1,1.66666666667,2,8,45,0.0394980345105
additive,robust,0.6,0.15,1,1.66666666667,2,9,31,0.0525484687367
additive,linear,0.6,0.15,1.5,2.5,0,1,501,0.0470153891293
additive,linear,0.6,0.15,1.5,2.5,0,2,355,0.0351353876288
additive,linear,0.6,0.15,1.5,2.5,0,3,251,0.0360509990928
additive,linear,0.6,0.15,1.5,2.5,0,4,177,0.0339006982928
additive,linear,0.6,0.15,1.5,2.5,0,5,125,0.0437570355925
additive,linear,0.6,0.15,1.5,2.5,0,6,89,0.0492126625172
additive,linear,0.6,0.15,1.5,2.5,0,7,63,0.0509805034776
additive,linear,0.6,0.15,1.5,2.5,0,8,45,0.0620127915138
additive,linear,0.6,0.15,1.5,2.5,0,9,31,0.082308106284
additive,robust,0.6,0.15,1.5,2.5,0,1,501,0.0296001628497
additive,robust,0.6,0.15,1.5,2.5,0,2,355,0.0241981921384
additive,robust,0.6,0.15,1.5,2.5,0,3,251,0.0279744759441
additive,robust,0.6,0.15,1.5,2.5,0,4,177,0.0257149272908
additive,robust,0.6,0.15,1.5,2.5,0,5,125,0.0324194250451
additive,robust,0.6,0.15,1.5,2.5,0,6,89,0.0395498910991
additive,robust,0.6,0.15,1.5,2.5,0,7,63,0.0421259448606
additive,robust,0.6,0.15,1.5,2.5,0,8,45,0.0486089636644
additive,robust,0.6,0.15,1.5,2.5,0,9,31,0.063223642739
additive,linear,0.6,0.15,1.5,2.5,1,1,501,0.030773277774
additive,linear,0.6,0.15,1.5,2.5,1,2,355,0.0261390001468
additive,linear,0.6,0.15,1.5,2.5,1,3,251,0.030721245593
additive,linear,0.6,0.15,1.5,2.5,1,4,177,0.0369136598215
additive,linear,0.6,0.15,1.5,2.5,1,5,125,0.044914870585
additive,linear,0.6,0.15,1.5,2.5,1,6,89,0.0467631759722
additive,linear,0.6,0.15,1.5,2.5,1,7,63,0.0531123625789
additive,linear,0.6,0.15,1.5,2.5,1,8,45,0.0602167932796
additive,linear,0.6,0.15,1.5,2.5,1,9,31,0.0750574212156
additive,robust,0.6,0.15,1.5,2.5,1,1,501,0.0266866279545
additive,robust,0.6,0.15,1.5,2.5,1,2,355,0.0176703863706
additive,robust,0.6,0.15,1.5,2.5,1,3,251,0.0227096323923
additive,robust,0.6,0.15,1.5,2.5,1,4,177,0.0274953552178
additive,robust,0.6,0.15,1.5,2.5,1,5,125,0.0331638636704
additive,robust,0.6,0.15,1.5,2.5,1,6,89,0.0367328106987
additive,robust,0.6,0.15,1.5,2.5,1,7,63,0.0427693155881
additive,robust,0.6,0.15,1.5,2.5,1,8,45,0.0497411858487
additive,robust,0.6,0.15,1.5,2.5,1,9,31,0.0609089314133
additive,linear,0.6,0.15,1.5,2.5,2,1,501,0.0531374255775
additive,linear,0.6,0.15,1.5,2.5,2,2,355,0.024264640995
additive,linear,0.6,0.15,1.5,2.5,2,3,251,0.0303143850221
additive,linear,0.6,0.15,1.5,2.5,2,4,177,0.0340611173732
additive,linear,0.6,0.15,1.5,2.5,2,5,125,0.0350028696288
additive,linear,0.6,0.15,1.5,2.5,2,6,89,0.0408007206735
additive,linear,0.6,0.15,1.5,2.5,2,7,63,0.049179650336
additive,linear,0.6,0.15,1.5,2.5,2,8,45,0.0562109933373
additive,linear,0.6,0.15,1.5,2.5,2,9,31,0.0788944038521
additive,robust,0.6,0.15,1.5,2.5,2,1,501,0.0482324891913
additive,robust,0.6,0.15,1.5,2.5,2,2,355,0.0176807861936
additive,robust,0.6,0.15,1.5,2.5,2,3,251,0.023367069769
additive,robust,0.6,0.15,1.5,2.5,2,4,177,0.0266386106799
additive,robust,0.6,0.15,1.5,2.5,2,5,125,0.0277935148482
additive,robust,0.6,0.15,1.5,2.5,2,6,89,0.0342074876232
additive,robust,0.6,0.15,1.5,2.5,2,7,63,0.0397412913582
additive,robust,0.6,0.15,1.5,2.5,2,8,45,0.0425822642177
additive,robust,0.6,0.15,1.5,2.5,2,9,31,0.0585330235473
additive,linear,0.6,0.15,2,3.33333333333,0,1,501,0.0590134456577
additive,linear,0.6,0.15,2,3.33333333333,0,2,355,0.0436266391743
additive,linear,0.6,0.15,2,3.33333333333,0,3,251,0.0442769708294
additive,linear,0.6,0.15,2,3.33333333333,0,4,177,0.0416843721296
additive,linear,0.6,0.15,2,3.33333333333,0,5,125,0.0523473751168
additive,linear,0.6,0.15,2,3.33333333333,0,6,89,0.057752118428
additive,linear,0.6,0.15,2,3.33333333333,0,7,63,0.061077677972
additive,linear,0.6,0.15,2,3.33333333333,0,8,45,0.0755928008241
additive,linear,0.6,0.15,2,3.33333333333,0,9,31,0.100319024027
additive,robust,0.6,0.15,2,3.33333333333,0,1,501,0.0293061084244
additive,robust,0.6,0.15,2,3.33333333333,0,2,355,0.0253519285759
additive,robust,0.6,0.15,2,3.33333333333,0,3,251,0.0288309248259
additive,robust,0.6,0.15,2,3.33333333333,0,4,177,0.0263624999064
additive,robust,0.6,0.15,2,3.33333333333,0,5,125,0.0335921950657
additive,robust,0.6,0.15,2,3.33333333333,0,6,89,0.0409479177398
additive,robust,0.6,0.15,2,3.33333333333,0,7,63,0.0439180653928
additive,robust,0.6,0.15,2,3.33333333333,0,8,45,0.0511977226969
additive,robust,0.6,0.15,2,3.33333333333,0,9,31,0.0672933413992
additive,linear,0.6,0.15,2,3.33333333333,1,1,501,0.0391033819972
additive,linear,0.6,0.15,2,3.33333333333,1,2,355,0.0344824710718
additive,linear,0.6,0.15,2,3.33333333333,1,3,251,0.0379618529895
additive,linear,0.6,0.15,2,3.33333333333,1,4,177,0.0449316940205
additive,linear,0.6,0.15,2,3.33333333333,1,5,125,0.0555374478718
additive,linear,0.6,0.15,2,3.33333333333,1,6,89,0.0579423613467
additive,linear,0.6,0.15,2,3.33333333333,1,7,63,0.0655127049097
additive,linear,0.6,0.15,2,3.33333333333,1,8,45,0.0735473243579
additive,linear,0.6,0.15,2,3.33333333333,1,9,31,0.0928067552758
additive,robust,0.6,0.15,2,3.33333333333,1,1,501,0.0289277270734
additive,robust,0.6,0.15,2,3.33333333333,1,2,355,0.0188572851444
additive,robust,0.6,0.15,2,3.33333333333,1,3,251,0.0234115793729
additive,robust,0.6,0.15,2,3.33333333333,1,4,177,0.0283455434912
additive,robust,0.6,0.15,2,3.33333333333,1,5,125,0.0345101067141
additive,robust,0.6,0.15,2,3.33333333333,1,6,89,0.038634665901
additive,robust,0.6,0.15,2,3.33333333333,1,7,63,0.0451733467334
additive,robust,0.6,0.15,2,3.33333333333,1,8,45,0.0529069574889
additive,robust,0.6,0.15,2,3.33333333333,1,9,31,0.0657406397146
additive,linear,0.6,0.15,2,3.33333333333,2,1,501,0.0559039509074
additive,linear,0.6,0.15,2,3.33333333333,2,2,355,0.0302013487932
additive,linear,0.6,0.15,2,3.33333333333,2,3,251,0.0380142829404
additive,linear,0.6,0.15,2,3.33333333333,2,4,177,0.0425679925759
additive,linear,0.6,0.15,2,3.33333333333,2,5,125,0.043755596044
additive,linear,0.6,0.15,2,3.33333333333,2,6,89,0.0486840850736
additive,linear,0.6,0.15,2,3.33333333333,2,7,63,0.0585356111419
additive,linear,0.6,0.15,2,3.33333333333,2,8,45,0.069691134302
additive,linear,0.6,0.15,2,3.33333333333,2,9,31,0.098436905548
additive,robust,0.6,0.15,2,3.33333333333,2,1,501,0.0503169323458
additive,robust,0.6,0.15,2,3.33333333333,2,2,355,0.0194166303265
additive,robust,0.6,0.15,2,3.33333333333,2,3,251,0.0255833444722
additive,robust,0.6,0.15,2,3.33333333333,2,4,177,0.0286939624417
additive,robust,0.6,0.15,2,3.33333333333,2,5,125,0.0297407918209
additive,robust,0.6,0.15,2,3.33333333333,2,6,89,0.0360484507797
additive,robust,0.6,0.15,2,3.33333333333,2,7,63,0.041566914699
additive,robust,0.6,0.15,2,3.33333333333,2,8,45,0.045203471031
additive,robust,0.6,0.15,2,3.33333333333,2,9,31,0.0633331867869
additive,linear,0.6,0.15,2.5,4.16666666667,0,1,501,0.0719237491955
additive,linear,0.6,0.15,2.5,4.16666666667,0,2,355,0.0524187469437
additive,linear,0.6,0.15,2.5,4.16666666667,0,3,251,0.0528005738189
additive,linear,0.6,0.15,2.5,4.16666666667,0,4,177,0.0499135020109
additive,linear,0.6,0.15,2.5,4.16666666667,0,5,125,0.0613852970698
additive,linear,0.6,0.15,2.5,4.16666666667,0,6,89,0.0668331700291
additive,linear,0.6,0.15,2.5,4.16666666667,0,7,63,0.0719249889832
additive,linear,0.6,0.15,2.5,4.16666666667,0,8,45,0.0899527366353
additive,linear,0.6,0.15,2.5,4.16666666667,0,9,31,0.119274892889
additive,robust,0.6,0.15,2.5,4.16666666667,0,1,501,0.0292221027059
additive,robust,0.6,0.15,2.5,4.16666666667,0,2,355,0.0262137035882
additive,robust,0.6,0.15,2.5,4.16666666667,0,3,251,0.0293059279167
additive,robust,0.6,0.15,2.5,4.16666666667,0,4,177,0.0266987947585
additive,robust,0.6,0.15,2.5,4.16666666667,0,5,125,0.0343319905828
additive,robust,0.6,0.15,2.5,4.16666666667,0,6,89,0.041899661684
additive,robust,0.6,0.15,2.5,4.16666666667,0,7,63,0.0451544713033
additive,robust,0.6,0.15,2.5,4.16666666667,0,8,45,0.0530778018302
additive,robust,0.6,0.15,2.5,4.16666666667,0,9,31,0.0703387587198
additive,linear,0.6,0.15,2.5,4.16666666667,1,1,501,0.048160268622
additive,linear,0.6,0.15,2.5,4.16666666667,1,2,355,0.0433891269732
additive,linear,0.6,0.15,2.5,4.16666666667,1,3,251,0.0457276252448
additive,linear,0.6,0.15,2.5,4.16666666667,1,4,177,0.0533552277696
additive,linear,0.6,0.15,2.5,4.16666666667,1,5,125,0.0665580506679
additive,linear,0.6,0.15,2.5,4.16666666667,1,6,89,0.0696744815967
additive,linear,0.6,0.15,2.5,4.16666666667,1,7,63,0.0787371963627
additive,linear,0.6,0.15,2.5,4.16666666667,1,8,45,0.0878131213723
additive,linear,0.6,0.15,2.5,4.16666666667,1,9,31,0.111590392631
additive,robust,0.6,0.15,2.5,4.16666666667,1,1,501,0.0307084020292
additive,robust,0.6,0.15,2.5,4.16666666667,1,2,355,0.0197482484528
additive,robust,0.6,0.15,2.5,4.16666666667,1,3,251,0.0237523704563
additive,robust,0.6,0.15,2.5,4.16666666667,1,4,177,0.028694135269
additive,robust,0.6,0.15,2.5,4.16666666667,1,5,125,0.0352299293809
additive,robust,0.6,0.15,2.5,4.16666666667,1,6,89,0.0398672817117
additive,robust,0.6,0.15,2.5,4.16666666667,1,7,63,0.0468700514365
additive,robust,0.6,0.15,2.5,4.16666666667,1,8,45,0.0550563218842
additive,robust,0.6,0.15,2.5,4.16666666667,1,9,31,0.069224896139
additive,linear,0.6,0.15,2.5,4.16666666667,2,1,501,0.0594704223117
additive,linear,0.6,0.15,2.5,4.16666666667,2,2,355,0.0364117871725
additive,linear,0.6,0.15,2.5,4.16666666667,2,3,251,0.0460274062338
additive,linear,0.6,0.15,2.5,4.16666666667,2,4,177,0.0514678841028
additive,linear,0.6,0.15,2.5,4.16666666667,2,5,125,0.0529831869288
additive,linear,0.6,0.15,2.5,4.16666666667,2,6,89,0.057342233349
additive,linear,0.6,0.15,2.5,4.16666666667,2,7,63,0.0688985772749
additive,linear,0.6,0.15,2.5,4.16666666667,2,8,45,0.0842928676598
additive,linear,0.6,0.15,2.5,4.16666666667,2,9,31,0.119009077921
additive,robust,0.6,0.15,2.5,4.16666666667,2,1,501,0.052133945195
additive,robust,0.6,0.15,2.5,4.16666666667,2,2,355,0.0209230852573
additive,robust,0.6,0.15,2.5,4.16666666667,2,3,251,0.0274355179794
additive,robust,0.6,0.15,2.5,4.16666666667,2,4,177,0.0302934159964
additive,robust,0.6,0.15,2.5,4.16666666667,2,5,125,0.0311027590275
additive,robust,0.6,0.15,2.5,4.16666666667,2,6,89,0.0373084029941
additive,robust,0.6,0.15,2.5,4.16666666667,2,7,63,0.0429207722164
additive,robust,0.6,0.15,2.5,4.16666666667,2,8,45,0.0472554603032
additive,robust,0.6,0.15,2.5,4.16666666667,2,9,31,0.0668742197007
additive,linear,0.6,0.15,3,5,0,1,501,0.0853332502885
additive,linear,0.6,0.15,3,5,0,2,355,0.0613825677238
additive,linear,0.6,0.15,3,5,0,3,251,0.0614981778993
additive,linear,0.6,0.15,3,5,0,4,177,0.0584000835118
additive,linear,0.6,0.15,3,5,0,5,125,0.070699357904
additive,linear,0.6,0.15,3,5,0,6,89,0.0762625888079
additive,linear,0.6,0.15,3,5,0,7,63,0.0832296558696
additive,linear,0.6,0.15,3,5,0,8,45,0.104772401837
additive,linear,0.6,0.15,3,5,0,9,31,0.13878906598
additive,robust,0.6,0.15,3,5,0,1,501,0.0293969615098
additive,robust,0.6,0.15,3,5,0,2,355,0.0269619820374
additive,robust,0.6,0.15,3,5,0,3,251,0.0296368297889
additive,robust,0.6,0.15,3,5,0,4,177,0.026913263237
additive,robust,0.6,0.15,3,5,0,5,125,0.034806655859
additive,robust,0.6,0.15,3,5,0,6,89,0.0425914203478
additive,robust,0.6,0.15,3,5,0,7,63,0.0460997912003
additive,robust,0.6,0.15,3,5,0,8,45,0.0545529160842
additive,robust,0.6,0.15,3,5,0,9,31,0.0727351533509
additive,linear,0.6,0.15,3,5,1,1,501,0.0576021318645
additive,linear,0.6,0.15,3,5,1,2,355,0.0525735096175
additive,linear,0.6,0.15,3,5,1,3,251,0.0537915905619
additive,linear,0.6,0.15,3,5,1,4,177,0.0620192541861
additive,linear,0.6,0.15,3,5,1,5,125,0.0778077346893
additive,linear,0.6,0.15,3,5,1,6,89,0.0817217417156
additive,linear,0.6,0.15,3,5,1,7,63,0.0924327745885
additive,linear,0.6,0.15,3,5,1,8,45,0.10262489117
additive,linear,0.6,0.15,3,5,1,9,31,0.130964049218
additive,robust,0.6,0.15,3,5,1,1,501,0.0319656033581
additive,robust,0.6,0.15,3,5,1,2,355,0.0203743723798
additive,robust,0.6,0.15,3,5,1,3,251,0.0239159226121
additive,robust,0.6,0.15,3,5,1,4,177,0.0288122772197
additive,robust,0.6,0.15,3,5,1,5,125,0.0356507769213
additive,robust,0.6,0.15,3,5,1,6,89,0.0407255408851
additive,robust,0.6,0.15,3,5,1,7,63,0.0480976893406
additive,robust,0.6,0.15,3,5,1,8,45,0.0564727347342
additive,robust,0.6,0.15,3,5,1,9,31,0.071674576994
additive,linear,0.6,0.15,3,5,2,1,501,0.0637026232241
additive,linear,0.6,0.15,3,5,2,2,355,0.0427768995033
additive,linear,0.6,0.15,3,5,2,3,251,0.0542150457962
additive,linear,0.6,0.15,3,5,2,4,177,0.060587845505
additive,linear,0.6,0.15,3,5,2,5,125,0.062475584176
additive,linear,0.6,0.15,3,5,2,6,89,0.0664731040758
additive,linear,0.6,0.15,3,5,2,7,63,0.0798775722178
additive,linear,0.6,0.15,3,5,2,8,45,0.0995237448351
additive,linear,0.6,0.15,3,5,2,9,31,0.140158252417
additive,robust,0.6,0.15,3,5,2,1,501,0.0537304682704
additive,robust,0.6,0.15,3,5,2,2,355,0.0221810918656
additive,robust,0.6,0.15,3,5,2,3,251,0.0289744149276
additive,robust,0.6,0.15,3,5,2,4,177,0.0315678712135
additive,robust,0.6,0.15,3,5,2,5,125,0.0320969715057
additive,robust,0.6,0.15,3,5,2,6,89,0.0381682183857
additive,robust,0.6,0.15,3,5,2,7,63,0.0439055846666
additive,robust,0.6,0.15,3,5,2,8,45,0.0488907668967
additive,robust,0.6,0.15,3,5,2,9,31,0.0695479515573
additive,linear,0.6,0.2,1,1.66666666667,0,1,501,0.0402714095383
additive,linear,0.6,0.2,1,1.66666666667,0,2,355,0.029492731447
additive,linear,0.6,0.2,1,1.66666666667,0,3,251,0.0283097109176
additive,linear,0.6,0.2,1,1.66666666667,0,4,177,0.0280303373841
additive,linear,0.6,0.2,1,1.66666666667,0,5,125,0.0399775867425
additive,linear,0.6,0.2,1,1.66666666667,0,6,89,0.0466208593461
additive,linear,0.6,0.2,1,1.66666666667,0,7,63,0.046876453646
additive,linear,0.6,0.2,1,1.66666666667,0,8,45,0.0520018148104
additive,linear,0.6,0.2,1,1.66666666667,0,9,31,0.066869436308
additive,robust,0.6,0.2,1,1.66666666667,0,1,501,0.029630418764
additive,robust,0.6,0.2,1,1.66666666667,0,2,355,0.0222198923251
additive,robust,0.6,0.2,1,1.66666666667,0,3,251,0.0261903422862
additive,robust,0.6,0.2,1,1.66666666667,0,4,177,0.0251974188491
additive,robust,0.6,0.2,1,1.66666666667,0,5,125,0.0325243076032
additive,robust,0.6,0.2,1,1.66666666667,0,6,89,0.0384706416
additive,robust,0.6,0.2,1,1.66666666667,0,7,63,0.0396658484512
additive,robust,0.6,0.2,1,1.66666666667,0,8,45,0.0447223115504
additive,robust,0.6,0.2,1,1.66666666667,0,9,31,0.0583981842665
additive,linear,0.6,0.2,1,1.66666666667,1,1,501,0.0260801860053
additive,linear,0.6,0.2,1,1.66666666667,1,2,355,0.0231286097067
additive,linear,0.6,0.2,1,1.66666666667,1,3,251,0.0297546527949
additive,linear,0.6,0.2,1,1.66666666667,1,4,177,0.0325509110161
additive,linear,0.6,0.2,1,1.66666666667,1,5,125,0.0378214183065
additive,linear,0.6,0.2,1,1.66666666667,1,6,89,0.0407810463753
additive,linear,0.6,0.2,1,1.66666666667,1,7,63,0.0475098750502
additive,linear,0.6,0.2,1,1.66666666667,1,8,45,0.0568065341321
additive,linear,0.6,0.2,1,1.66666666667,1,9,31,0.0695530286621
additive,robust,0.6,0.2,1,1.66666666667,1,1,501,0.0268292390433
additive,robust,0.6,0.2,1,1.66666666667,1,2,355,0.0203153051012
additive,robust,0.6,0.2,1,1.66666666667,1,3,251,0.0274502905011
additive,robust,0.6,0.2,1,1.66666666667,1,4,177,0.0290642155969
additive,robust,0.6,0.2,1,1.66666666667,1,5,125,0.0334068379954
additive,robust,0.6,0.2,1,1.66666666667,1,6,89,0.0363819675388
additive,robust,0.6,0.2,1,1.66666666667,1,7,63,0.0419278886488
additive,robust,0.6,0.2,1,1.66666666667,1,8,45,0.0500453754904
additive,robust,0.6,0.2,1,1.66666666667,1,9,31,0.0609432890002
additive,linear,0.6,0.2,1,1.66666666667,2,1,501,0.0655876878259
additive,linear,0.6,0.2,1,1.66666666667,2,2,355,0.0224899866311
additive,linear,0.6,0.2,1,1.66666666667,2,3,251,0.0245401155048
additive,linear,0.6,0.2,1,1.66666666667,2,4,177,0.025483213551
additive,linear,0.6,0.2,1,1.66666666667,2,5,125,0.0285177075107
additive,linear,0.6,0.2,1,1.66666666667,2,6,89,0.0360643518274
additive,linear,0.6,0.2,1,1.66666666667,2,7,63,0.0449748720615
additive,linear,0.6,0.2,1,1.66666666667,2,8,45,0.0490292515923
additive,linear,0.6,0.2,1,1.66666666667,2,9,31,0.0649822021549
additive,robust,0.6,0.2,1,1.66666666667,2,1,501,0.0573905143064
additive,robust,0.6,0.2,1,1.66666666667,2,2,355,0.0185122552406
additive,robust,0.6,0.2,1,1.66666666667,2,3,251,0.0213554206855
additive,robust,0.6,0.2,1,1.66666666667,2,4,177,0.0231302608037
additive,robust,0.6,0.2,1,1.66666666667,2,5,125,0.0244785671076
additive,robust,0.6,0.2,1,1.66666666667,2,6,89,0.0322234328967
additive,robust,0.6,0.2,1,1.66666666667,2,7,63,0.0397305273498
additive,robust,0.6,0.2,1,1.66666666667,2,8,45,0.0420462502717
additive,robust,0.6,0.2,1,1.66666666667,2,9,31,0.0556509655397
additive,linear,0.6,0.2,1.5,2.5,0,1,501,0.0528615318879
additive,linear,0.6,0.2,1.5,2.5,0,2,355,0.0397473964662
additive,linear,0.6,0.2,1.5,2.5,0,3,251,0.0362385800041
additive,linear,0.6,0.2,1.5,2.5,0,4,177,0.0357731896768
additive,linear,0.6,0.2,1.5,2.5,0,5,125,0.0502273875631
additive,linear,0.6,0.2,1.5,2.5,0,6,89,0.057820937937
additive,linear,0.6,0.2,1.5,2.5,0,7,63,0.0592146715179
additive,linear,0.6,0.2,1.5,2.5,0,8,45,0.066758747723
additive,linear,0.6,0.2,1.5,2.5,0,9,31,0.0860090954101
additive,robust,0.6,0.2,1.5,2.5,0,1,501,0.0302839469233
additive,robust,0.6,0.2,1.5,2.5,0,2,355,0.0248598269092
additive,robust,0.6,0.2,1.5,2.5,0,3,251,0.0282096223643
additive,robust,0.6,0.2,1.5,2.5,0,4,177,0.0267270202352
additive,robust,0.6,0.2,1.5,2.5,0,5,125,0.0348543183254
additive,robust,0.6,0.2,1.5,2.5,0,6,89,0.0407593600395
additive,robust,0.6,0.2,1.5,2.5,0,7,63,0.0424682489785
additive,robust,0.6,0.2,1.5,2.5,0,8,45,0.0490512601208
additive,robust,0.6,0.2,1.5,2.5,0,9,31,0.0651437180572
additive,linear,0.6,0.2,1.5,2.5,1,1,501,0.0365201455666
additive,linear,0.6,0.2,1.5,2.5,1,2,355,0.0311274971399
additive,linear,0.6,0.2,1.5,2.5,1,3,251,0.0385243256648
additive,linear,0.6,0.2,1.5,2.5,1,4,177,0.0421136340621
additive,linear,0.6,0.2,1.5,2.5,1,5,125,0.0496448402348
additive,linear,0.6,0.2,1.5,2.5,1,6,89,0.0542131633355
additive,linear,0.6,0.2,1.5,2.5,1,7,63,0.0633696139849
additive,linear,0.6,0.2,1.5,2.5,1,8,45,0.0743870871989
additive,linear,0.6,0.2,1.5,2.5,1,9,31,0.0916767107827
additive,robust,0.6,0.2,1.5,2.5,1,1,501,0.0316994254292
additive,robust,0.6,0.2,1.5,2.5,1,2,355,0.0230210884745
additive,robust,0.6,0.2,1.5,2.5,1,3,251,0.0311800350264
additive,robust,0.6,0.2,1.5,2.5,1,4,177,0.0327860764723
additive,robust,0.6,0.2,1.5,2.5,1,5,125,0.0373622233935
additive,robust,0.6,0.2,1.5,2.5,1,6,89,0.040720967188
additive,robust,0.6,0.2,1.5,2.5,1,7,63,0.0467605398278
additive,robust,0.6,0.2,1.5,2.5,1,8,45,0.056215005411
additive,robust,0.6,0.2,1.5,2.5,1,9,31,0.0699578107692
additive,linear,0.6,0.2,1.5,2.5,2,1,501,0.0757417449906
additive,linear,0.6,0.2,1.5,2.5,2,2,355,0.0299142095178
additive,linear,0.6,0.2,1.5,2.5,2,3,251,0.0331902228008
additive,linear,0.6,0.2,1.5,2.5,2,4,177,0.0345725837137
additive,linear,0.6,0.2,1.5,2.5,2,5,125,0.0391943363666
additive,linear,0.6,0.2,1.5,2.5,2,6,89,0.0456777914245
additive,linear,0.6,0.2,1.5,2.5,2,7,63,0.0563746791901
additive,linear,0.6,0.2,1.5,2.5,2,8,45,0.0642440108958
additive,linear,0.6,0.2,1.5,2.5,2,9,31,0.0861718375486
additive,robust,0.6,0.2,1.5,2.5,2,1,501,0.0617285338532
additive,robust,0.6,0.2,1.5,2.5,2,2,355,0.0205648815572
additive,robust,0.6,0.2,1.5,2.5,2,3,251,0.024157814423
additive,robust,0.6,0.2,1.5,2.5,2,4,177,0.0263431729556
additive,robust,0.6,0.2,1.5,2.5,2,5,125,0.0279167830568
additive,robust,0.6,0.2,1.5,2.5,2,6,89,0.0352112049536
additive,robust,0.6,0.2,1.5,2.5,2,7,63,0.0428119898486
additive,robust,0.6,0.2,1.5,2.5,2,8,45,0.0462300731654
additive,robust,0.6,0.2,1.5,2.5,2,9,31,0.0632838018921
additive,linear,0.6,0.2,2,3.33333333333,0,1,501,0.0671511595455
additive,linear,0.6,0.2,2,3.33333333333,0,2,355,0.0506687513763
additive,linear,0.6,0.2,2,3.33333333333,0,3,251,0.0447758707132
additive,linear,0.6,0.2,2,3.33333333333,0,4,177,0.0443489430981
additive,linear,0.6,0.2,2,3.33333333333,0,5,125,0.0612238342287
additive,linear,0.6,0.2,2,3.33333333333,0,6,89,0.069986544487
additive,linear,0.6,0.2,2,3.33333333333,0,7,63,0.0728896598477
additive,linear,0.6,0.2,2,3.33333333333,0,8,45,0.0831052941654
additive,linear,0.6,0.2,2,3.33333333333,0,9,31,0.107234994581
additive,robust,0.6,0.2,2,3.33333333333,0,1,501,0.0319787245121
additive,robust,0.6,0.2,2,3.33333333333,0,2,355,0.0268496685423
additive,robust,0.6,0.2,2,3.33333333333,0,3,251,0.0292442359498
additive,robust,0.6,0.2,2,3.33333333333,0,4,177,0.0273993134504
additive,robust,0.6,0.2,2,3.33333333333,0,5,125,0.0362526425113
additive,robust,0.6,0.2,2,3.33333333333,0,6,89,0.0422781428687
additive,robust,0.6,0.2,2,3.33333333333,0,7,63,0.0444102612513
additive,robust,0.6,0.2,2,3.33333333333,0,8,45,0.0523001568349
additive,robust,0.6,0.2,2,3.33333333333,0,9,31,0.0704368627524
additive,linear,0.6,0.2,2,3.33333333333,1,1,501,0.04843899766
additive,linear,0.6,0.2,2,3.33333333333,1,2,355,0.0401427961955
additive,linear,0.6,0.2,2,3.33333333333,1,3,251,0.0480571274658
additive,linear,0.6,0.2,2,3.33333333333,1,4,177,0.0524566564775
additive,linear,0.6,0.2,2,3.33333333333,1,5,125,0.0622395964706
additive,linear,0.6,0.2,2,3.33333333333,1,6,89,0.0687249643583
additive,linear,0.6,0.2,2,3.33333333333,1,7,63,0.0808503226416
additive,linear,0.6,0.2,2,3.33333333333,1,8,45,0.0936215250382
additive,linear,0.6,0.2,2,3.33333333333,1,9,31,0.115564503505
additive,robust,0.6,0.2,2,3.33333333333,1,1,501,0.034951932135
additive,robust,0.6,0.2,2,3.33333333333,1,2,355,0.025040942958
additive,robust,0.6,0.2,2,3.33333333333,1,3,251,0.0336784331334
additive,robust,0.6,0.2,2,3.33333333333,1,4,177,0.0352516083877
additive,robust,0.6,0.2,2,3.33333333333,1,5,125,0.0398154015034
additive,robust,0.6,0.2,2,3.33333333333,1,6,89,0.0435759294065
additive,robust,0.6,0.2,2,3.33333333333,1,7,63,0.0502377193865
additive,robust,0.6,0.2,2,3.33333333333,1,8,45,0.0607215974649
additive,robust,0.6,0.2,2,3.33333333333,1,9,31,0.0768519997731
additive,linear,0.6,0.2,2,3.33333333333,2,1,501,0.0869127868452
additive,linear,0.6,0.2,2,3.33333333333,2,2,355,0.0377928472925
additive,linear,0.6,0.2,2,3.33333333333,2,3,251,0.0425201522059
additive,linear,0.6,0.2,2,3.33333333333,2,4,177,0.0446485877786
additive,linear,0.6,0.2,2,3.33333333333,2,5,125,0.0509478321538
additive,linear,0.6,0.2,2,3.33333333333,2,6,89,0.0568962111646
additive,linear,0.6,0.2,2,3.33333333333,2,7,63,0.0696673001413
additive,linear,0.6,0.2,2,3.33333333333,2,8,45,0.0815900491537
additive,linear,0.6,0.2,2,3.33333333333,2,9,31,0.109458413504
additive,robust,0.6,0.2,2,3.33333333333,2,1,501,0.0653717651537
additive,robust,0.6,0.2,2,3.33333333333,2,2,355,0.0223194419995
additive,robust,0.6,0.2,2,3.33333333333,2,3,251,0.0264833271732
additive,robust,0.6,0.2,2,3.33333333333,2,4,177,0.0287997263968
additive,robust,0.6,0.2,2,3.33333333333,2,5,125,0.0303747539185
additive,robust,0.6,0.2,2,3.33333333333,2,6,89,0.0374991686194
additive,robust,0.6,0.2,2,3.33333333333,2,7,63,0.045236088635
additive,robust,0.6,0.2,2,3.33333333333,2,8,45,0.0495513036195
additive,robust,0.6,0.2,2,3.33333333333,2,9,31,0.0693670783013
additive,linear,0.6,0.2,2.5,4.16666666667,0,1,501,0.0822593243985
additive,linear,0.6,0.2,2.5,4.16666666667,0,2,355,0.0619049410692
additive,linear,0.6,0.2,2.5,4.16666666667,0,3,251,0.0536318141077
additive,linear,0.6,0.2,2.5,4.16666666667,0,4,177,0.0533574997227
additive,linear,0.6,0.2,2.5,4.16666666667,0,5,125,0.072628573513
additive,linear,0.6,0.2,2.5,4.16666666667,0,6,89,0.0826926306396
additive,linear,0.6,0.2,2.5,4.16666666667,0,7,63,0.0872752970528
additive,linear,0.6,0.2,2.5,4.16666666667,0,8,45,0.100266980137
additive,linear,0.6,0.2,2.5,4.16666666667,0,9,31,0.129525519573
additive,robust,0.6,0.2,2.5,4.16666666667,0,1,501,0.0342796395374
additive,robust,0.6,0.2,2.5,4.16666666667,0,2,355,0.0283420995521
additive,robust,0.6,0.2,2.5,4.16666666667,0,3,251,0.0297832791613
additive,robust,0.6,0.2,2.5,4.16666666667,0,4,177,0.0276629270889
additive,robust,0.6,0.2,2.5,4.16666666667,0,5,125,0.0370807030202
additive,robust,0.6,0.2,2.5,4.16666666667,0,6,89,0.0433201690607
additive,robust,0.6,0.2,2.5,4.16666666667,0,7,63,0.0458146778337
additive,robust,0.6,0.2,2.5,4.16666666667,0,8,45,0.0547868212786
additive,robust,0.6,0.2,2.5,4.16666666667,0,9,31,0.0745569805371
additive,linear,0.6,0.2,2.5,4.16666666667,1,1,501,0.0609755892828
additive,linear,0.6,0.2,2.5,4.16666666667,1,2,355,0.049623599341
additive,linear,0.6,0.2,2.5,4.16666666667,1,3,251,0.0579778480108
additive,linear,0.6,0.2,2.5,4.16666666667,1,4,177,0.0631980198474
additive,linear,0.6,0.2,2.5,4.16666666667,1,5,125,0.075219221635
additive,linear,0.6,0.2,2.5,4.16666666667,1,6,89,0.0837571172205
additive,linear,0.6,0.2,2.5,4.16666666667,1,7,63,0.0990978723852
additive,linear,0.6,0.2,2.5,4.16666666667,1,8,45,0.113673373952
additive,linear,0.6,0.2,2.5,4.16666666667,1,9,31,0.140318314227
additive,robust,0.6,0.2,2.5,4.16666666667,1,1,501,0.0365822376725
additive,robust,0.6,0.2,2.5,4.16666666667,1,2,355,0.0264400378465
additive,robust,0.6,0.2,2.5,4.16666666667,1,3,251,0.0353599165164
additive,robust,0.6,0.2,2.5,4.16666666667,1,4,177,0.0368404370076
additive,robust,0.6,0.2,2.5,4.16666666667,1,5,125,0.0413768579665
additive,robust,0.6,0.2,2.5,4.16666666667,1,6,89,0.0455663394431
additive,robust,0.6,0.2,2.5,4.16666666667,1,7,63,0.0527746297873
additive,robust,0.6,0.2,2.5,4.16666666667,1,8,45,0.0640131654316
additive,robust,0.6,0.2,2.5,4.16666666667,1,9,31,0.0822590988295
additive,linear,0.6,0.2,2.5,4.16666666667,2,1,501,0.0987562987523
additive,linear,0.6,0.2,2.5,4.16666666667,2,2,355,0.0458924571675
additive,linear,0.6,0.2,2.5,4.16666666667,2,3,251,0.0521664128642
additive,linear,0.6,0.2,2.5,4.16666666667,2,4,177,0.0551732970813
additive,linear,0.6,0.2,2.5,4.16666666667,2,5,125,0.0631800319366
additive,linear,0.6,0.2,2.5,4.16666666667,2,6,89,0.0689404969458
additive,linear,0.6,0.2,2.5,4.16666666667,2,7,63,0.0839584652225
additive,linear,0.6,0.2,2.5,4.16666666667,2,8,45,0.0999639788447
additive,linear,0.6,0.2,2.5,4.16666666667,2,9,31,0.13375112223
additive,robust,0.6,0.2,2.5,4.16666666667,2,1,501,0.0682084260574
additive,robust,0.6,0.2,2.5,4.16666666667,2,2,355,0.0238947044565
additive,robust,0.6,0.2,2.5,4.16666666667,2,3,251,0.0285640980699
additive,robust,0.6,0.2,2.5,4.16666666667,2,4,177,0.03076265951
additive,robust,0.6,0.2,2.5,4.16666666667,2,5,125,0.0320883002379
additive,robust,0.6,0.2,2.5,4.16666666667,2,6,89,0.0390906129565
additive,robust,0.6,0.2,2.5,4.16666666667,2,7,63,0.0469999967396
additive,robust,0.6,0.2,2.5,4.16666666667,2,8,45,0.05207428425
additive,robust,0.6,0.2,2.5,4.16666666667,2,9,31,0.0738931427215
additive,linear,0.6,0.2,3,5,0,1,501,0.0978074446048
additive,linear,0.6,0.2,3,5,0,2,355,0.0733113471031
additive,linear,0.6,0.2,3,5,0,3,251,0.0626714714985
additive,linear,0.6,0.2,3,5,0,4,177,0.0626123244088
additive,linear,0.6,0.2,3,5,0,5,125,0.0842760102283
additive,linear,0.6,0.2,3,5,0,6,89,0.0957242138777
additive,linear,0.6,0.2,3,5,0,7,63,0.102071554371
additive,linear,0.6,0.2,3,5,0,8,45,0.117888347856
additive,linear,0.6,0.2,3,5,0,9,31,0.152414280719
additive,robust,0.6,0.2,3,5,0,1,501,0.0367030546082
additive,robust,0.6,0.2,3,5,0,2,355,0.0295524152942
additive,robust,0.6,0.2,3,5,0,3,251,0.0301506498957
additive,robust,0.6,0.2,3,5,0,4,177,0.0277869853212
additive,robust,0.6,0.2,3,5,0,5,125,0.0375936713227
additive,robust,0.6,0.2,3,5,0,6,89,0.0441115608177
additive,robust,0.6,0.2,3,5,0,7,63,0.046932930561
additive,robust,0.6,0.2,3,5,0,8,45,0.0568015235377
additive,robust,0.6,0.2,3,5,0,9,31,0.077955235684
additive,linear,0.6,0.2,3,5,1,1,501,0.0738158452802
additive,linear,0.6,0.2,3,5,1,2,355,0.0593472295368
additive,linear,0.6,0.2,3,5,1,3,251,0.0681172059543
additive,linear,0.6,0.2,3,5,1,4,177,0.0741648493925
additive,linear,0.6,0.2,3,5,1,5,125,0.0884143764644
additive,linear,0.6,0.2,3,5,1,6,89,0.0990730485852
additive,linear,0.6,0.2,3,5,1,7,63,0.117756311494
additive,linear,0.6,0.2,3,5,1,8,45,0.134176662381
additive,linear,0.6,0.2,3,5,1,9,31,0.16555012477
additive,robust,0.6,0.2,3,5,1,1,501,0.0371844158689
additive,robust,0.6,0.2,3,5,1,2,355,0.0273419032278
additive,robust,0.6,0.2,3,5,1,3,251,0.0365112084523
additive,robust,0.6,0.2,3,5,1,4,177,0.0378887600604
additive,robust,0.6,0.2,3,5,1,5,125,0.0424366508079
additive,robust,0.6,0.2,3,5,1,6,89,0.0470351051334
additive,robust,0.6,0.2,3,5,1,7,63,0.0546310734246
additive,robust,0.6,0.2,3,5,1,8,45,0.0663896135036
additive,robust,0.6,0.2,3,5,1,9,31,0.0865714822907
additive,linear,0.6,0.2,3,5,2,1,501,0.111057345603
additive,linear,0.6,0.2,3,5,2,2,355,0.0541139065885
additive,linear,0.6,0.2,3,5,2,3,251,0.0619814871724
additive,linear,0.6,0.2,3,5,2,4,177,0.0659321811049
additive,linear,0.6,0.2,3,5,2,5,125,0.075659107226
additive,linear,0.6,0.2,3,5,2,6,89,0.0814450762917
additive,linear,0.6,0.2,3,5,2,7,63,0.0988158791612
additive,linear,0.6,0.2,3,5,2,8,45,0.118890183668
additive,linear,0.6,0.2,3,5,2,9,31,0.158588274533
additive,robust,0.6,0.2,3,5,2,1,501,0.0704469707493
additive,robust,0.6,0.2,3,5,2,2,355,0.0252884479062
additive,robust,0.6,0.2,3,5,2,3,251,0.0304209364912
additive,robust,0.6,0.2,3,5,2,4,177,0.0323762382631
additive,robust,0.6,0.2,3,5,2,5,125,0.0333062144383
additive,robust,0.6,0.2,3,5,2,6,89,0.040174233002
additive,robust,0.6,0.2,3,5,2,7,63,0.0482674117224
additive,robust,0.6,0.2,3,5,2,8,45,0.0540213834504
additive,robust,0.6,0.2,3,5,2,9,31,0.0772654480942
additive,linear,0.6,0.25,1,1.66666666667,0,1,501,0.034156887582
additive,linear,0.6,0.25,1,1.66666666667,0,2,355,0.0266673061033
additive,linear,0.6,0.25,1,1.66666666667,0,3,251,0.0286257306889
additive,linear,0.6,0.25,1,1.66666666667,0,4,177,0.0331233062959
additive,linear,0.6,0.25,1,1.66666666667,0,5,125,0.0430668758272
additive,linear,0.6,0.25,1,1.66666666667,0,6,89,0.0483230269269
additive,linear,0.6,0.25,1,1.66666666667,0,7,63,0.0508814050905
additive,linear,0.6,0.25,1,1.66666666667,0,8,45,0.0575323302158
additive,linear,0.6,0.25,1,1.66666666667,0,9,31,0.0745268662536
additive,robust,0.6,0.25,1,1.66666666667,0,1,501,0.02352459683
additive,robust,0.6,0.25,1,1.66666666667,0,2,355,0.0200805296508
additive,robust,0.6,0.25,1,1.66666666667,0,3,251,0.0258882785448
additive,robust,0.6,0.25,1,1.66666666667,0,4,177,0.027144926352
additive,robust,0.6,0.25,1,1.66666666667,0,5,125,0.0340033740811
additive,robust,0.6,0.25,1,1.66666666667,0,6,89,0.0405060839785
additive,robust,0.6,0.25,1,1.66666666667,0,7,63,0.0438811954262
additive,robust,0.6,0.25,1,1.66666666667,0,8,45,0.0501762625674
additive,robust,0.6,0.25,1,1.66666666667,0,9,31,0.0653369723108
additive,linear,0.6,0.25,1,1.66666666667,1,1,501,0.0328706340046
additive,linear,0.6,0.25,1,1.66666666667,1,2,355,0.0248052467674
additive,linear,0.6,0.25,1,1.66666666667,1,3,251,0.0307124597149
additive,linear,0.6,0.25,1,1.66666666667,1,4,177,0.0327162806751
additive,linear,0.6,0.25,1,1.66666666667,1,5,125,0.0381811113104
additive,linear,0.6,0.25,1,1.66666666667,1,6,89,0.0436582608594
additive,linear,0.6,0.25,1,1.66666666667,1,7,63,0.0519037924887
additive,linear,0.6,0.25,1,1.66666666667,1,8,45,0.0598442043456
additive,linear,0.6,0.25,1,1.66666666667,1,9,31,0.0760849389395
additive,robust,0.6,0.25,1,1.66666666667,1,1,501,0.0226992345883
additive,robust,0.6,0.25,1,1.66666666667,1,2,355,0.0196222685089
additive,robust,0.6,0.25,1,1.66666666667,1,3,251,0.027499878482
additive,robust,0.6,0.25,1,1.66666666667,1,4,177,0.0289135564102
additive,robust,0.6,0.25,1,1.66666666667,1,5,125,0.0334960238608
additive,robust,0.6,0.25,1,1.66666666667,1,6,89,0.0372667579261
additive,robust,0.6,0.25,1,1.66666666667,1,7,63,0.043678042363
additive,robust,0.6,0.25,1,1.66666666667,1,8,45,0.0516329791718
additive,robust,0.6,0.25,1,1.66666666667,1,9,31,0.0633385366766
additive,linear,0.6,0.25,1,1.66666666667,2,1,501,0.0587270807296
additive,linear,0.6,0.25,1,1.66666666667,2,2,355,0.0240334958
additive,linear,0.6,0.25,1,1.66666666667,2,3,251,0.0226669963924
additive,linear,0.6,0.25,1,1.66666666667,2,4,177,0.0269344947408
additive,linear,0.6,0.25,1,1.66666666667,2,5,125,0.0379186550937
additive,linear,0.6,0.25,1,1.66666666667,2,6,89,0.0452021991791
additive,linear,0.6,0.25,1,1.66666666667,2,7,63,0.050225010528
additive,linear,0.6,0.25,1,1.66666666667,2,8,45,0.0539900269351
additive,linear,0.6,0.25,1,1.66666666667,2,9,31,0.0710115364863
additive,robust,0.6,0.25,1,1.66666666667,2,1,501,0.0519712673446
additive,robust,0.6,0.25,1,1.66666666667,2,2,355,0.0194688567526
additive,robust,0.6,0.25,1,1.66666666667,2,3,251,0.0195941700367
additive,robust,0.6,0.25,1,1.66666666667,2,4,177,0.0238416032942
additive,robust,0.6,0.25,1,1.66666666667,2,5,125,0.0315905685389
additive,robust,0.6,0.25,1,1.66666666667,2,6,89,0.0392905625235
additive,robust,0.6,0.25,1,1.66666666667,2,7,63,0.0433294060335
additive,robust,0.6,0.25,1,1.66666666667,2,8,45,0.045001731551
additive,robust,0.6,0.25,1,1.66666666667,2,9,31,0.0593894423717
additive,linear,0.6,0.25,1.5,2.5,0,1,501,0.0442811560002
additive,linear,0.6,0.25,1.5,2.5,0,2,355,0.0349813450932
additive,linear,0.6,0.25,1.5,2.5,0,3,251,0.0374493913801
additive,linear,0.6,0.25,1.5,2.5,0,4,177,0.0452422766854
additive,linear,0.6,0.25,1.5,2.5,0,5,125,0.056046034979
additive,linear,0.6,0.25,1.5,2.5,0,6,89,0.0606231995318
additive,linear,0.6,0.25,1.5,2.5,0,7,63,0.065257390418
additive,linear,0.6,0.25,1.5,2.5,0,8,45,0.0751529318921
additive,linear,0.6,0.25,1.5,2.5,0,9,31,0.0976062333883
additive,robust,0.6,0.25,1.5,2.5,0,1,501,0.0235368998562
additive,robust,0.6,0.25,1.5,2.5,0,2,355,0.0220594348774
additive,robust,0.6,0.25,1.5,2.5,0,3,251,0.0284006260958
additive,robust,0.6,0.25,1.5,2.5,0,4,177,0.0300071904954
additive,robust,0.6,0.25,1.5,2.5,0,5,125,0.0371363201546
additive,robust,0.6,0.25,1.5,2.5,0,6,89,0.0437857568999
additive,robust,0.6,0.25,1.5,2.5,0,7,63,0.0484085498975
additive,robust,0.6,0.25,1.5,2.5,0,8,45,0.0563646800579
additive,robust,0.6,0.25,1.5,2.5,0,9,31,0.0747394806409
additive,linear,0.6,0.25,1.5,2.5,1,1,501,0.046347235741
additive,linear,0.6,0.25,1.5,2.5,1,2,355,0.0316415635614
additive,linear,0.6,0.25,1.5,2.5,1,3,251,0.0398748777589
additive,linear,0.6,0.25,1.5,2.5,1,4,177,0.0431533060066
additive,linear,0.6,0.25,1.5,2.5,1,5,125,0.0509132335035
additive,linear,0.6,0.25,1.5,2.5,1,6,89,0.0593039098659
additive,linear,0.6,0.25,1.5,2.5,1,7,63,0.0714064674695
additive,linear,0.6,0.25,1.5,2.5,1,8,45,0.0800940211823
additive,linear,0.6,0.25,1.5,2.5,1,9,31,0.10278708159
additive,robust,0.6,0.25,1.5,2.5,1,1,501,0.0257989702759
additive,robust,0.6,0.25,1.5,2.5,1,2,355,0.02170885112
additive,robust,0.6,0.25,1.5,2.5,1,3,251,0.0311251139322
additive,robust,0.6,0.25,1.5,2.5,1,4,177,0.0326390832164
additive,robust,0.6,0.25,1.5,2.5,1,5,125,0.0376959641706
additive,robust,0.6,0.25,1.5,2.5,1,6,89,0.0420207977482
additive,robust,0.6,0.25,1.5,2.5,1,7,63,0.0491029395795
additive,robust,0.6,0.25,1.5,2.5,1,8,45,0.05835730641
additive,robust,0.6,0.25,1.5,2.5,1,9,31,0.0733010827228
additive,linear,0.6,0.25,1.5,2.5,2,1,501,0.0643389595689
additive,linear,0.6,0.25,1.5,2.5,2,2,355,0.0320236607409
additive,linear,0.6,0.25,1.5,2.5,2,3,251,0.0308647916014
additive,linear,0.6,0.25,1.5,2.5,2,4,177,0.0372220304231
additive,linear,0.6,0.25,1.5,2.5,2,5,125,0.0535554154992
additive,linear,0.6,0.25,1.5,2.5,2,6,89,0.0599283429144
additive,linear,0.6,0.25,1.5,2.5,2,7,63,0.0643763301945
additive,linear,0.6,0.25,1.5,2.5,2,8,45,0.0721764353697
additive,linear,0.6,0.25,1.5,2.5,2,9,31,0.096639414521
additive,robust,0.6,0.25,1.5,2.5,2,1,501,0.0541371483394
additive,robust,0.6,0.25,1.5,2.5,2,2,355,0.0219925595029
additive,robust,0.6,0.25,1.5,2.5,2,3,251,0.0223720123521
additive,robust,0.6,0.25,1.5,2.5,2,4,177,0.0273217455165
additive,robust,0.6,0.25,1.5,2.5,2,5,125,0.0368719466075
additive,robust,0.6,0.25,1.5,2.5,2,6,89,0.0441640360241
additive,robust,0.6,0.25,1.5,2.5,2,7,63,0.0471388870611
additive,robust,0.6,0.25,1.5,2.5,2,8,45,0.0498545971492
additive,robust,0.6,0.25,1.5,2.5,2,9,31,0.0684238266381
additive,linear,0.6,0.25,2,3.33333333333,0,1,501,0.0565397477054
additive,linear,0.6,0.25,2,3.33333333333,0,2,355,0.0439876304126
additive,linear,0.6,0.25,2,3.33333333333,0,3,251,0.0469767932608
additive,linear,0.6,0.25,2,3.33333333333,0,4,177,0.0582205708929
additive,linear,0.6,0.25,2,3.33333333333,0,5,125,0.0698873477488
additive,linear,0.6,0.25,2,3.33333333333,0,6,89,0.0738917642159
additive,linear,0.6,0.25,2,3.33333333333,0,7,63,0.0808430828258
additive,linear,0.6,0.25,2,3.33333333333,0,8,45,0.0941889064442
additive,linear,0.6,0.25,2,3.33333333333,0,9,31,0.122524741615
additive,robust,0.6,0.25,2,3.33333333333,0,1,501,0.0243573931262
additive,robust,0.6,0.25,2,3.33333333333,0,2,355,0.0236254501465
additive,robust,0.6,0.25,2,3.33333333333,0,3,251,0.0299539631861
additive,robust,0.6,0.25,2,3.33333333333,0,4,177,0.0318523780505
additive,robust,0.6,0.25,2,3.33333333333,0,5,125,0.0392574953528
additive,robust,0.6,0.25,2,3.33333333333,0,6,89,0.0463462263116
additive,robust,0.6,0.25,2,3.33333333333,0,7,63,0.0519778850875
additive,robust,0.6,0.25,2,3.33333333333,0,8,45,0.0611266159265
additive,robust,0.6,0.25,2,3.33333333333,0,9,31,0.0821366701826
additive,linear,0.6,0.25,2,3.33333333333,1,1,501,0.0609698188866
additive,linear,0.6,0.25,2,3.33333333333,1,2,355,0.0392014706746
additive,linear,0.6,0.25,2,3.33333333333,1,3,251,0.0497595058085
additive,linear,0.6,0.25,2,3.33333333333,1,4,177,0.0544657088148
additive,linear,0.6,0.25,2,3.33333333333,1,5,125,0.0644919997832
additive,linear,0.6,0.25,2,3.33333333333,1,6,89,0.0760148129505
additive,linear,0.6,0.25,2,3.33333333333,1,7,63,0.092474926851
additive,linear,0.6,0.25,2,3.33333333333,1,8,45,0.10201601003
additive,linear,0.6,0.25,2,3.33333333333,1,9,31,0.131202410193
additive,robust,0.6,0.25,2,3.33333333333,1,1,501,0.0278955653108
additive,robust,0.6,0.25,2,3.33333333333,1,2,355,0.0233916125371
additive,robust,0.6,0.25,2,3.33333333333,1,3,251,0.0335133475394
additive,robust,0.6,0.25,2,3.33333333333,1,4,177,0.0350730283224
additive,robust,0.6,0.25,2,3.33333333333,1,5,125,0.0404163768029
additive,robust,0.6,0.25,2,3.33333333333,1,6,89,0.0452637529764
additive,robust,0.6,0.25,2,3.33333333333,1,7,63,0.0529116716381
additive,robust,0.6,0.25,2,3.33333333333,1,8,45,0.0631698757066
additive,robust,0.6,0.25,2,3.33333333333,1,9,31,0.0808537857674
additive,linear,0.6,0.25,2,3.33333333333,2,1,501,0.0707113016073
additive,linear,0.6,0.25,2,3.33333333333,2,2,355,0.040411552468
additive,linear,0.6,0.25,2,3.33333333333,2,3,251,0.0398446694899
additive,linear,0.6,0.25,2,3.33333333333,2,4,177,0.0484622884344
additive,linear,0.6,0.25,2,3.33333333333,2,5,125,0.0699894002389
additive,linear,0.6,0.25,2,3.33333333333,2,6,89,0.0759286808955
additive,linear,0.6,0.25,2,3.33333333333,2,7,63,0.0801901536299
additive,linear,0.6,0.25,2,3.33333333333,2,8,45,0.0923067972862
additive,linear,0.6,0.25,2,3.33333333333,2,9,31,0.124274493731
additive,robust,0.6,0.25,2,3.33333333333,2,1,501,0.0566043456608
additive,robust,0.6,0.25,2,3.33333333333,2,2,355,0.0243041884732
additive,robust,0.6,0.25,2,3.33333333333,2,3,251,0.0248307782474
additive,robust,0.6,0.25,2,3.33333333333,2,4,177,0.0298252453407
additive,robust,0.6,0.25,2,3.33333333333,2,5,125,0.0403013288302
additive,robust,0.6,0.25,2,3.33333333333,2,6,89,0.0474100590374
additive,robust,0.6,0.25,2,3.33333333333,2,7,63,0.0500114960054
additive,robust,0.6,0.25,2,3.33333333333,2,8,45,0.0536818137982
additive,robust,0.6,0.25,2,3.33333333333,2,9,31,0.0754815800987
additive,linear,0.6,0.25,2.5,4.16666666667,0,1,501,0.0698173320239
additive,linear,0.6,0.25,2.5,4.16666666667,0,2,355,0.0533366345881
additive,linear,0.6,0.25,2.5,4.16666666667,0,3,251,0.0568552462703
additive,linear,0.6,0.25,2.5,4.16666666667,0,4,177,0.0715923686312
additive,linear,0.6,0.25,2.5,4.16666666667,0,5,125,0.084166536159
additive,linear,0.6,0.25,2.5,4.16666666667,0,6,89,0.0876902299221
additive,linear,0.6,0.25,2.5,4.16666666667,0,7,63,0.0970574494504
additive,linear,0.6,0.25,2.5,4.16666666667,0,8,45,0.113933005734
additive,linear,0.6,0.25,2.5,4.16666666667,0,9,31,0.14835855327
additive,robust,0.6,0.25,2.5,4.16666666667,0,1,501,0.0255053841147
additive,robust,0.6,0.25,2.5,4.16666666667,0,2,355,0.0247788597054
additive,robust,0.6,0.25,2.5,4.16666666667,0,3,251,0.0308455329784
additive,robust,0.6,0.25,2.5,4.16666666667,0,4,177,0.0329919187634
additive,robust,0.6,0.25,2.5,4.16666666667,0,5,125,0.0406624953736
additive,robust,0.6,0.25,2.5,4.16666666667,0,6,89,0.0484283103278
additive,robust,0.6,0.25,2.5,4.16666666667,0,7,63,0.0549747372334
additive,robust,0.6,0.25,2.5,4.16666666667,0,8,45,0.0650240041898
additive,robust,0.6,0.25,2.5,4.16666666667,0,9,31,0.0880810799684
additive,linear,0.6,0.25,2.5,4.16666666667,1,1,501,0.076080459006
additive,linear,0.6,0.25,2.5,4.16666666667,1,2,355,0.0471381007521
additive,linear,0.6,0.25,2.5,4.16666666667,1,3,251,0.0600105224757
additive,linear,0.6,0.25,2.5,4.16666666667,1,4,177,0.0662062827336
additive,linear,0.6,0.25,2.5,4.16666666667,1,5,125,0.0784791649527
additive,linear,0.6,0.25,2.5,4.16666666667,1,6,89,0.0932198365629
additive,linear,0.6,0.25,2.5,4.16666666667,1,7,63,0.114246177939
additive,linear,0.6,0.25,2.5,4.16666666667,1,8,45,0.124731595891
additive,linear,0.6,0.25,2.5,4.16666666667,1,9,31,0.160423136828
additive,robust,0.6,0.25,2.5,4.16666666667,1,1,501,0.0289306431494
additive,robust,0.6,0.25,2.5,4.16666666667,1,2,355,0.0246775716194
additive,robust,0.6,0.25,2.5,4.16666666667,1,3,251,0.035138066772
additive,robust,0.6,0.25,2.5,4.16666666667,1,4,177,0.0366496169869
additive,robust,0.6,0.25,2.5,4.16666666667,1,5,125,0.0422370947272
additive,robust,0.6,0.25,2.5,4.16666666667,1,6,89,0.0476246656001
additive,robust,0.6,0.25,2.5,4.16666666667,1,7,63,0.0557157817171
additive,robust,0.6,0.25,2.5,4.16666666667,1,8,45,0.0667358602767
additive,robust,0.6,0.25,2.5,4.16666666667,1,9,31,0.0868205545695
additive,linear,0.6,0.25,2.5,4.16666666667,2,1,501,0.0776571270443
additive,linear,0.6,0.25,2.5,4.16666666667,2,2,355,0.0489933168631
additive,linear,0.6,0.25,2.5,4.16666666667,2,3,251,0.0491800742572
additive,linear,0.6,0.25,2.5,4.16666666667,2,4,177,0.0601232780328
additive,linear,0.6,0.25,2.5,4.16666666667,2,5,125,0.0867688034586
additive,linear,0.6,0.25,2.5,4.16666666667,2,6,89,0.0925446578947
additive,linear,0.6,0.25,2.5,4.16666666667,2,7,63,0.0968555534401
additive,linear,0.6,0.25,2.5,4.16666666667,2,8,45,0.11335009491
additive,linear,0.6,0.25,2.5,4.16666666667,2,9,31,0.152831797653
additive,robust,0.6,0.25,2.5,4.16666666667,2,1,501,0.0588779310418
additive,robust,0.6,0.25,2.5,4.16666666667,2,2,355,0.0264044089994
additive,robust,0.6,0.25,2.5,4.16666666667,2,3,251,0.0270582016373
additive,robust,0.6,0.25,2.5,4.16666666667,2,4,177,0.0316925818644
additive,robust,0.6,0.25,2.5,4.16666666667,2,5,125,0.0425122020313
additive,robust,0.6,0.25,2.5,4.16666666667,2,6,89,0.049481219252
additive,robust,0.6,0.25,2.5,4.16666666667,2,7,63,0.052121067959
additive,robust,0.6,0.25,2.5,4.16666666667,2,8,45,0.056703753403
additive,robust,0.6,0.25,2.5,4.16666666667,2,9,31,0.0806709124266
additive,linear,0.6,0.25,3,5,0,1,501,0.0836299654294
additive,linear,0.6,0.25,3,5,0,2,355,0.062875666073
additive,linear,0.6,0.25,3,5,0,3,251,0.0669294903977
additive,linear,0.6,0.25,3,5,0,4,177,0.0851725349691
additive,linear,0.6,0.25,3,5,0,5,125,0.0986937249161
additive,linear,0.6,0.25,3,5,0,6,89,0.10180335523
additive,linear,0.6,0.25,3,5,0,7,63,0.11363168732
additive,linear,0.6,0.25,3,5,0,8,45,0.134072749906
additive,linear,0.6,0.25,3,5,0,9,31,0.174702091739
additive,robust,0.6,0.25,3,5,0,1,501,0.026880879499
additive,robust,0.6,0.25,3,5,0,2,355,0.0256836885865
additive,robust,0.6,0.25,3,5,0,3,251,0.0313544289541
additive,robust,0.6,0.25,3,5,0,4,177,0.0336643233426
additive,robust,0.6,0.25,3,5,0,5,125,0.0415827557679
additive,robust,0.6,0.25,3,5,0,6,89,0.0501309766914
additive,robust,0.6,0.25,3,5,0,7,63,0.0575028877063
additive,robust,0.6,0.25,3,5,0,8,45,0.0683288903864
additive,robust,0.6,0.25,3,5,0,9,31,0.0931190967387
additive,linear,0.6,0.25,3,5,1,1,501,0.091437511686
additive,linear,0.6,0.25,3,5,1,2,355,0.0552894588779
additive,linear,0.6,0.25,3,5,1,3,251,0.0704682130096
additive,linear,0.6,0.25,3,5,1,4,177,0.0781823709631
additive,linear,0.6,0.25,3,5,1,5,125,0.0926900276874
additive,linear,0.6,0.25,3,5,1,6,89,0.110688807691
additive,linear,0.6,0.25,3,5,1,7,63,0.136384071023
additive,linear,0.6,0.25,3,5,1,8,45,0.147875509678
additive,linear,0.6,0.25,3,5,1,9,31,0.190078182098
additive,robust,0.6,0.25,3,5,1,1,501,0.0293594310476
additive,robust,0.6,0.25,3,5,1,2,355,0.0256305344599
additive,robust,0.6,0.25,3,5,1,3,251,0.0363129306825
additive,robust,0.6,0.25,3,5,1,4,177,0.0377252574179
additive,robust,0.6,0.25,3,5,1,5,125,0.0435150717371
additive,robust,0.6,0.25,3,5,1,6,89,0.0494107145555
additive,robust,0.6,0.25,3,5,1,7,63,0.0578011603999
additive,robust,0.6,0.25,3,5,1,8,45,0.0693844384639
additive,robust,0.6,0.25,3,5,1,9,31,0.0916634228998
additive,linear,0.6,0.25,3,5,2,1,501,0.0850360237532
additive,linear,0.6,0.25,3,5,2,2,355,0.0576824879869
additive,linear,0.6,0.25,3,5,2,3,251,0.0587016304045
additive,linear,0.6,0.25,3,5,2,4,177,0.0720008682734
additive,linear,0.6,0.25,3,5,2,5,125,0.103726129075
additive,linear,0.6,0.25,3,5,2,6,89,0.109496363645
additive,linear,0.6,0.25,3,5,2,7,63,0.113999668281
additive,linear,0.6,0.25,3,5,2,8,45,0.13487970713
additive,linear,0.6,0.25,3,5,2,9,31,0.181877437259
additive,robust,0.6,0.25,3,5,2,1,501,0.0608659651696
additive,robust,0.6,0.25,3,5,2,2,355,0.0282878600596
additive,robust,0.6,0.25,3,5,2,3,251,0.0290500903128
additive,robust,0.6,0.25,3,5,2,4,177,0.0331472073921
additive,robust,0.6,0.25,3,5,2,5,125,0.0440078636859
additive,robust,0.6,0.25,3,5,2,6,89,0.0508311925237
additive,robust,0.6,0.25,3,5,2,7,63,0.053676852028
additive,robust,0.6,0.25,3,5,2,8,45,0.0591723027978
additive,robust,0.6,0.25,3,5,2,9,31,0.0846007220909
additive,linear,0.6,0.3,1,1.66666666667,0,1,501,0.0395213710404
additive,linear,0.6,0.3,1,1.66666666667,0,2,355,0.0266974444361
additive,linear,0.6,0.3,1,1.66666666667,0,3,251,0.0321645673141
additive,linear,0.6,0.3,1,1.66666666667,0,4,177,0.0365578228351
additive,linear,0.6,0.3,1,1.66666666667,0,5,125,0.0449871468018
additive,linear,0.6,0.3,1,1.66666666667,0,6,89,0.0514038539736
additive,linear,0.6,0.3,1,1.66666666667,0,7,63,0.0556001095728
additive,linear,0.6,0.3,1,1.66666666667,0,8,45,0.0624150003655
additive,linear,0.6,0.3,1,1.66666666667,0,9,31,0.0771269914727
additive,robust,0.6,0.3,1,1.66666666667,0,1,501,0.0267157382111
additive,robust,0.6,0.3,1,1.66666666667,0,2,355,0.0213051533408
additive,robust,0.6,0.3,1,1.66666666667,0,3,251,0.0280375441941
additive,robust,0.6,0.3,1,1.66666666667,0,4,177,0.028837891597
additive,robust,0.6,0.3,1,1.66666666667,0,5,125,0.0347450299558
additive,robust,0.6,0.3,1,1.66666666667,0,6,89,0.0422066807751
additive,robust,0.6,0.3,1,1.66666666667,0,7,63,0.0473979265482
additive,robust,0.6,0.3,1,1.66666666667,0,8,45,0.0540914162192
additive,robust,0.6,0.3,1,1.66666666667,0,9,31,0.0672121254718
additive,linear,0.6,0.3,1,1.66666666667,1,1,501,0.0261407454279
additive,linear,0.6,0.3,1,1.66666666667,1,2,355,0.0296427049957
additive,linear,0.6,0.3,1,1.66666666667,1,3,251,0.0376354609251
additive,linear,0.6,0.3,1,1.66666666667,1,4,177,0.0397877032659
additive,linear,0.6,0.3,1,1.66666666667,1,5,125,0.0449941803048
additive,linear,0.6,0.3,1,1.66666666667,1,6,89,0.0485400942527
additive,linear,0.6,0.3,1,1.66666666667,1,7,63,0.0548074643685
additive,linear,0.6,0.3,1,1.66666666667,1,8,45,0.0615493544236
additive,linear,0.6,0.3,1,1.66666666667,1,9,31,0.0784458173144
additive,robust,0.6,0.3,1,1.66666666667,1,1,501,0.0232809856637
additive,robust,0.6,0.3,1,1.66666666667,1,2,355,0.0223261462598
additive,robust,0.6,0.3,1,1.66666666667,1,3,251,0.030609228588
additive,robust,0.6,0.3,1,1.66666666667,1,4,177,0.0316436935144
additive,robust,0.6,0.3,1,1.66666666667,1,5,125,0.0366290925443
additive,robust,0.6,0.3,1,1.66666666667,1,6,89,0.0405226012625
additive,robust,0.6,0.3,1,1.66666666667,1,7,63,0.0452666335574
additive,robust,0.6,0.3,1,1.66666666667,1,8,45,0.0524851992597
additive,robust,0.6,0.3,1,1.66666666667,1,9,31,0.0661869341074
additive,linear,0.6,0.3,1,1.66666666667,2,1,501,0.0816594608949
additive,linear,0.6,0.3,1,1.66666666667,2,2,355,0.0249081750173
additive,linear,0.6,0.3,1,1.66666666667,2,3,251,0.0246107180981
additive,linear,0.6,0.3,1,1.66666666667,2,4,177,0.0272437289871
additive,linear,0.6,0.3,1,1.66666666667,2,5,125,0.0384460542028
additive,linear,0.6,0.3,1,1.66666666667,2,6,89,0.0497892581722
additive,linear,0.6,0.3,1,1.66666666667,2,7,63,0.0554359898044
additive,linear,0.6,0.3,1,1.66666666667,2,8,45,0.0602145082154
additive,linear,0.6,0.3,1,1.66666666667,2,9,31,0.0773301173758
additive,robust,0.6,0.3,1,1.66666666667,2,1,501,0.0661106585933
additive,robust,0.6,0.3,1,1.66666666667,2,2,355,0.0217642368504
additive,robust,0.6,0.3,1,1.66666666667,2,3,251,0.0215599148498
additive,robust,0.6,0.3,1,1.66666666667,2,4,177,0.024468875005
additive,robust,0.6,0.3,1,1.66666666667,2,5,125,0.0328928158989
additive,robust,0.6,0.3,1,1.66666666667,2,6,89,0.0433792317537
additive,robust,0.6,0.3,1,1.66666666667,2,7,63,0.0476864522029
additive,robust,0.6,0.3,1,1.66666666667,2,8,45,0.0513584818587
additive,robust,0.6,0.3,1,1.66666666667,2,9,31,0.0655103620578
additive,linear,0.6,0.3,1.5,2.5,0,1,501,0.0518245123162
additive,linear,0.6,0.3,1.5,2.5,0,2,355,0.0347160580856
additive,linear,0.6,0.3,1.5,2.5,0,3,251,0.0427740801162
additive,linear,0.6,0.3,1.5,2.5,0,4,177,0.0506305599098
additive,linear,0.6,0.3,1.5,2.5,0,5,125,0.0594584390863
additive,linear,0.6,0.3,1.5,2.5,0,6,89,0.0656407543231
additive,linear,0.6,0.3,1.5,2.5,0,7,63,0.0727672815587
additive,linear,0.6,0.3,1.5,2.5,0,8,45,0.082477768514
additive,linear,0.6,0.3,1.5,2.5,0,9,31,0.101798382031
additive,robust,0.6,0.3,1.5,2.5,0,1,501,0.0281345185433
additive,robust,0.6,0.3,1.5,2.5,0,2,355,0.0245369394199
additive,robust,0.6,0.3,1.5,2.5,0,3,251,0.0317216704718
additive,robust,0.6,0.3,1.5,2.5,0,4,177,0.0327628419243
additive,robust,0.6,0.3,1.5,2.5,0,5,125,0.0386758167098
additive,robust,0.6,0.3,1.5,2.5,0,6,89,0.0463705764348
additive,robust,0.6,0.3,1.5,2.5,0,7,63,0.0535000644845
additive,robust,0.6,0.3,1.5,2.5,0,8,45,0.0618314590123
additive,robust,0.6,0.3,1.5,2.5,0,9,31,0.0780097300379
additive,linear,0.6,0.3,1.5,2.5,1,1,501,0.0333960740511
additive,linear,0.6,0.3,1.5,2.5,1,2,355,0.0378487840486
additive,linear,0.6,0.3,1.5,2.5,1,3,251,0.0493950146523
additive,linear,0.6,0.3,1.5,2.5,1,4,177,0.0533688192783
additive,linear,0.6,0.3,1.5,2.5,1,5,125,0.0611549187204
additive,linear,0.6,0.3,1.5,2.5,1,6,89,0.066803668406
additive,linear,0.6,0.3,1.5,2.5,1,7,63,0.0762864671314
additive,linear,0.6,0.3,1.5,2.5,1,8,45,0.0831825761554
additive,linear,0.6,0.3,1.5,2.5,1,9,31,0.106810207281
additive,robust,0.6,0.3,1.5,2.5,1,1,501,0.0269323609704
additive,robust,0.6,0.3,1.5,2.5,1,2,355,0.0248867577805
additive,robust,0.6,0.3,1.5,2.5,1,3,251,0.034724389366
additive,robust,0.6,0.3,1.5,2.5,1,4,177,0.0358981878149
additive,robust,0.6,0.3,1.5,2.5,1,5,125,0.0421191513556
additive,robust,0.6,0.3,1.5,2.5,1,6,89,0.0468424484518
additive,robust,0.6,0.3,1.5,2.5,1,7,63,0.0514704386635
additive,robust,0.6,0.3,1.5,2.5,1,8,45,0.0597757105942
additive,robust,0.6,0.3,1.5,2.5,1,9,31,0.0778543765089
additive,linear,0.6,0.3,1.5,2.5,2,1,501,0.101449717151
additive,linear,0.6,0.3,1.5,2.5,2,2,355,0.0350013145805
additive,linear,0.6,0.3,1.5,2.5,2,3,251,0.0340908345087
additive,linear,0.6,0.3,1.5,2.5,2,4,177,0.0365870596385
additive,linear,0.6,0.3,1.5,2.5,2,5,125,0.0534078079166
additive,linear,0.6,0.3,1.5,2.5,2,6,89,0.0660140065059
additive,linear,0.6,0.3,1.5,2.5,2,7,63,0.0712601199069
additive,linear,0.6,0.3,1.5,2.5,2,8,45,0.0810372964382
additive,linear,0.6,0.3,1.5,2.5,2,9,31,0.106650791387
additive,robust,0.6,0.3,1.5,2.5,2,1,501,0.070901224963
additive,robust,0.6,0.3,1.5,2.5,2,2,355,0.0262035346026
additive,robust,0.6,0.3,1.5,2.5,2,3,251,0.0254486929992
additive,robust,0.6,0.3,1.5,2.5,2,4,177,0.0279979999055
additive,robust,0.6,0.3,1.5,2.5,2,5,125,0.0378375499373
additive,robust,0.6,0.3,1.5,2.5,2,6,89,0.0487720384735
additive,robust,0.6,0.3,1.5,2.5,2,7,63,0.0523775859105
additive,robust,0.6,0.3,1.5,2.5,2,8,45,0.0581410793399
additive,robust,0.6,0.3,1.5,2.5,2,9,31,0.076601606867
additive,linear,0.6,0.3,2,3.33333333333,0,1,501,0.0658747013018
additive,linear,0.6,0.3,2,3.33333333333,0,2,355,0.0433865048762
additive,linear,0.6,0.3,2,3.33333333333,0,3,251,0.0539969623757
additive,linear,0.6,0.3,2,3.33333333333,0,4,177,0.0654871454544
additive,linear,0.6,0.3,2,3.33333333333,0,5,125,0.0748139518108
additive,linear,0.6,0.3,2,3.33333333333,0,6,89,0.0808389783833
additive,linear,0.6,0.3,2,3.33333333333,0,7,63,0.0910759489097
additive,linear,0.6,0.3,2,3.33333333333,0,8,45,0.103822964391
additive,linear,0.6,0.3,2,3.33333333333,0,9,31,0.128268589435
additive,robust,0.6,0.3,2,3.33333333333,0,1,501,0.0292247735061
additive,robust,0.6,0.3,2,3.33333333333,0,2,355,0.0269980832077
additive,robust,0.6,0.3,2,3.33333333333,0,3,251,0.0340739891299
additive,robust,0.6,0.3,2,3.33333333333,0,4,177,0.0351917000433
additive,robust,0.6,0.3,2,3.33333333333,0,5,125,0.0411121938635
additive,robust,0.6,0.3,2,3.33333333333,0,6,89,0.0493396895148
additive,robust,0.6,0.3,2,3.33333333333,0,7,63,0.0580527100832
additive,robust,0.6,0.3,2,3.33333333333,0,8,45,0.0678707005654
additive,robust,0.6,0.3,2,3.33333333333,0,9,31,0.0869432049707
additive,linear,0.6,0.3,2,3.33333333333,1,1,501,0.0419231380218
additive,linear,0.6,0.3,2,3.33333333333,1,2,355,0.0464781777838
additive,linear,0.6,0.3,2,3.33333333333,1,3,251,0.0616113669188
additive,linear,0.6,0.3,2,3.33333333333,1,4,177,0.0676054407701
additive,linear,0.6,0.3,2,3.33333333333,1,5,125,0.0780164811841
additive,linear,0.6,0.3,2,3.33333333333,1,6,89,0.0860239974423
additive,linear,0.6,0.3,2,3.33333333333,1,7,63,0.0992667134555
additive,linear,0.6,0.3,2,3.33333333333,1,8,45,0.106480269633
additive,linear,0.6,0.3,2,3.33333333333,1,9,31,0.136868717267
additive,robust,0.6,0.3,2,3.33333333333,1,1,501,0.0301290569653
additive,robust,0.6,0.3,2,3.33333333333,1,2,355,0.0272266383481
additive,robust,0.6,0.3,2,3.33333333333,1,3,251,0.0376013317387
additive,robust,0.6,0.3,2,3.33333333333,1,4,177,0.038707898492
additive,robust,0.6,0.3,2,3.33333333333,1,5,125,0.0459207355392
additive,robust,0.6,0.3,2,3.33333333333,1,6,89,0.0514223868187
additive,robust,0.6,0.3,2,3.33333333333,1,7,63,0.0559315618898
additive,robust,0.6,0.3,2,3.33333333333,1,8,45,0.0650073053404
additive,robust,0.6,0.3,2,3.33333333333,1,9,31,0.08658893294
additive,linear,0.6,0.3,2,3.33333333333,2,1,501,0.122344086361
additive,linear,0.6,0.3,2,3.33333333333,2,2,355,0.0456035398684
additive,linear,0.6,0.3,2,3.33333333333,2,3,251,0.0443013236687
additive,linear,0.6,0.3,2,3.33333333333,2,4,177,0.0467985922198
additive,linear,0.6,0.3,2,3.33333333333,2,5,125,0.0691076254761
additive,linear,0.6,0.3,2,3.33333333333,2,6,89,0.0832919511904
additive,linear,0.6,0.3,2,3.33333333333,2,7,63,0.0884257521274
additive,linear,0.6,0.3,2,3.33333333333,2,8,45,0.103533078868
additive,linear,0.6,0.3,2,3.33333333333,2,9,31,0.137828777665
additive,robust,0.6,0.3,2,3.33333333333,2,1,501,0.0751296383305
additive,robust,0.6,0.3,2,3.33333333333,2,2,355,0.0298327200739
additive,robust,0.6,0.3,2,3.33333333333,2,3,251,0.028865284906
additive,robust,0.6,0.3,2,3.33333333333,2,4,177,0.0308329639404
additive,robust,0.6,0.3,2,3.33333333333,2,5,125,0.0411590629228
additive,robust,0.6,0.3,2,3.33333333333,2,6,89,0.0524981375088
additive,robust,0.6,0.3,2,3.33333333333,2,7,63,0.0560838261933
additive,robust,0.6,0.3,2,3.33333333333,2,8,45,0.0636315329654
additive,robust,0.6,0.3,2,3.33333333333,2,9,31,0.0854924971738
additive,linear,0.6,0.3,2.5,4.16666666667,0,1,501,0.0807652608075
additive,linear,0.6,0.3,2.5,4.16666666667,0,2,355,0.0523861230529
additive,linear,0.6,0.3,2.5,4.16666666667,0,3,251,0.0655187716502
additive,linear,0.6,0.3,2.5,4.16666666667,0,4,177,0.0806958008784
additive,linear,0.6,0.3,2.5,4.16666666667,0,5,125,0.0906052294203
additive,linear,0.6,0.3,2.5,4.16666666667,0,6,89,0.0965455933597
additive,linear,0.6,0.3,2.5,4.16666666667,0,7,63,0.109957381733
additive,linear,0.6,0.3,2.5,4.16666666667,0,8,45,0.125799480039
additive,linear,0.6,0.3,2.5,4.16666666667,0,9,31,0.155622408952
additive,robust,0.6,0.3,2.5,4.16666666667,0,1,501,0.0301298372345
additive,robust,0.6,0.3,2.5,4.16666666667,0,2,355,0.0287123169928
additive,robust,0.6,0.3,2.5,4.16666666667,0,3,251,0.0354607582893
additive,robust,0.6,0.3,2.5,4.16666666667,0,4,177,0.0366135684038
additive,robust,0.6,0.3,2.5,4.16666666667,0,5,125,0.0425499620956
additive,robust,0.6,0.3,2.5,4.16666666667,0,6,89,0.0514889808448
additive,robust,0.6,0.3,2.5,4.16666666667,0,7,63,0.0614859364149
additive,robust,0.6,0.3,2.5,4.16666666667,0,8,45,0.0725442634005
additive,robust,0.6,0.3,2.5,4.16666666667,0,9,31,0.0940317319038
additive,linear,0.6,0.3,2.5,4.16666666667,1,1,501,0.0510890770149
additive,linear,0.6,0.3,2.5,4.16666666667,1,2,355,0.0553331874004
additive,linear,0.6,0.3,2.5,4.16666666667,1,3,251,0.0740588084048
additive,linear,0.6,0.3,2.5,4.16666666667,1,4,177,0.0821575047264
additive,linear,0.6,0.3,2.5,4.16666666667,1,5,125,0.0952072372209
additive,linear,0.6,0.3,2.5,4.16666666667,1,6,89,0.10568034264
additive,linear,0.6,0.3,2.5,4.16666666667,1,7,63,0.1229090076
additive,linear,0.6,0.3,2.5,4.16666666667,1,8,45,0.130554370153
additive,linear,0.6,0.3,2.5,4.16666666667,1,9,31,0.167712916661
additive,robust,0.6,0.3,2.5,4.16666666667,1,1,501,0.0327556915995
additive,robust,0.6,0.3,2.5,4.16666666667,1,2,355,0.0291675202501
additive,robust,0.6,0.3,2.5,4.16666666667,1,3,251,0.0396779352226
additive,robust,0.6,0.3,2.5,4.16666666667,1,4,177,0.0405390155634
additive,robust,0.6,0.3,2.5,4.16666666667,1,5,125,0.048510031149
additive,robust,0.6,0.3,2.5,4.16666666667,1,6,89,0.0548007487903
additive,robust,0.6,0.3,2.5,4.16666666667,1,7,63,0.0592829662632
additive,robust,0.6,0.3,2.5,4.16666666667,1,8,45,0.0689345511123
additive,robust,0.6,0.3,2.5,4.16666666667,1,9,31,0.0934104971882
additive,linear,0.6,0.3,2.5,4.16666666667,2,1,501,0.143862290494
additive,linear,0.6,0.3,2.5,4.16666666667,2,2,355,0.0564286244844
additive,linear,0.6,0.3,2.5,4.16666666667,2,3,251,0.0548357026872
additive,linear,0.6,0.3,2.5,4.16666666667,2,4,177,0.057416954564
additive,linear,0.6,0.3,2.5,4.16666666667,2,5,125,0.0851381755808
additive,linear,0.6,0.3,2.5,4.16666666667,2,6,89,0.101084471922
additive,linear,0.6,0.3,2.5,4.16666666667,2,7,63,0.106284880468
additive,linear,0.6,0.3,2.5,4.16666666667,2,8,45,0.126814636446
additive,linear,0.6,0.3,2.5,4.16666666667,2,9,31,0.16984430812
additive,robust,0.6,0.3,2.5,4.16666666667,2,1,501,0.0786843061892
additive,robust,0.6,0.3,2.5,4.16666666667,2,2,355,0.0328240347695
additive,robust,0.6,0.3,2.5,4.16666666667,2,3,251,0.0319106771544
additive,robust,0.6,0.3,2.5,4.16666666667,2,4,177,0.0332032208273
additive,robust,0.6,0.3,2.5,4.16666666667,2,5,125,0.0434716593769
additive,robust,0.6,0.3,2.5,4.16666666667,2,6,89,0.0550882133146
additive,robust,0.6,0.3,2.5,4.16666666667,2,7,63,0.0590220234764
additive,robust,0.6,0.3,2.5,4.16666666667,2,8,45,0.0681373236976
additive,robust,0.6,0.3,2.5,4.16666666667,2,9,31,0.0924717265453
additive,linear,0.6,0.3,3,5,0,1,501,0.0961063646274
additive,linear,0.6,0.3,3,5,0,2,355,0.061570739304
additive,linear,0.6,0.3,3,5,0,3,251,0.0772057925808
additive,linear,0.6,0.3,3,5,0,4,177,0.0960894987794
additive,linear,0.6,0.3,3,5,0,5,125,0.106638860725
additive,linear,0.6,0.3,3,5,0,6,89,0.112547954852
additive,linear,0.6,0.3,3,5,0,7,63,0.12916063351
additive,linear,0.6,0.3,3,5,0,8,45,0.148126587852
additive,linear,0.6,0.3,3,5,0,9,31,0.18346503749
additive,robust,0.6,0.3,3,5,0,1,501,0.0312752465235
additive,robust,0.6,0.3,3,5,0,2,355,0.0299924501943
additive,robust,0.6,0.3,3,5,0,3,251,0.036284204023
additive,robust,0.6,0.3,3,5,0,4,177,0.0374670893823
additive,robust,0.6,0.3,3,5,0,5,125,0.0434792655852
additive,robust,0.6,0.3,3,5,0,6,89,0.0531545710477
additive,robust,0.6,0.3,3,5,0,7,63,0.064132089198
additive,robust,0.6,0.3,3,5,0,8,45,0.0762060365291
additive,robust,0.6,0.3,3,5,0,9,31,0.0996872985237
additive,linear,0.6,0.3,3,5,1,1,501,0.0606047079684
additive,linear,0.6,0.3,3,5,1,2,355,0.0643206989027
additive,linear,0.6,0.3,3,5,1,3,251,0.0866377930162
additive,linear,0.6,0.3,3,5,1,4,177,0.0968829745342
additive,linear,0.6,0.3,3,5,1,5,125,0.112576481258
additive,linear,0.6,0.3,3,5,1,6,89,0.125568109669
additive,linear,0.6,0.3,3,5,1,7,63,0.1468940309
additive,linear,0.6,0.3,3,5,1,8,45,0.155043633246
additive,linear,0.6,0.3,3,5,1,9,31,0.198977763394
additive,robust,0.6,0.3,3,5,1,1,501,0.034844543982
additive,robust,0.6,0.3,3,5,1,2,355,0.0306509989981
additive,robust,0.6,0.3,3,5,1,3,251,0.0412380839225
additive,robust,0.6,0.3,3,5,1,4,177,0.0417927624123
additive,robust,0.6,0.3,3,5,1,5,125,0.0502996059924
additive,robust,0.6,0.3,3,5,1,6,89,0.0573454459201
additive,robust,0.6,0.3,3,5,1,7,63,0.0618512412659
additive,robust,0.6,0.3,3,5,1,8,45,0.0719352111355
additive,robust,0.6,0.3,3,5,1,9,31,0.0989636868446
additive,linear,0.6,0.3,3,5,2,1,501,0.165761559433
additive,linear,0.6,0.3,3,5,2,2,355,0.0673692248757
additive,linear,0.6,0.3,3,5,2,3,251,0.0655379739441
additive,linear,0.6,0.3,3,5,2,4,177,0.0682525328903
additive,linear,0.6,0.3,3,5,2,5,125,0.101342632062
additive,linear,0.6,0.3,3,5,2,6,89,0.119161290053
additive,linear,0.6,0.3,3,5,2,7,63,0.124539516698
additive,linear,0.6,0.3,3,5,2,8,45,0.150517787008
additive,linear,0.6,0.3,3,5,2,9,31,0.202300129628
additive,robust,0.6,0.3,3,5,2,1,501,0.0815305055183
additive,robust,0.6,0.3,3,5,2,2,355,0.0353095980058
additive,robust,0.6,0.3,3,5,2,3,251,0.0345405147393
additive,robust,0.6,0.3,3,5,2,4,177,0.0351763067439
additive,robust,0.6,0.3,3,5,2,5,125,0.0451491155116
additive,robust,0.6,0.3,3,5,2,6,89,0.0569411852131
additive,robust,0.6,0.3,3,5,2,7,63,0.0613963580512
additive,robust,0.6,0.3,3,5,2,8,45,0.0719313554425
additive,robust,0.6,0.3,3,5,2,9,31,0.0980834573332
additive,linear,0.8,0.1,1,1.25,0,1,501,0.045117828012
additive,linear,0.8,0.1,1,1.25,0,2,355,0.0312796001452
additive,linear,0.8,0.1,1,1.25,0,3,251,0.0318896743305
additive,linear,0.8,0.1,1,1.25,0,4,177,0.0308132707379
additive,linear,0.8,0.1,1,1.25,0,5,125,0.0416296350543
additive,linear,0.8,0.1,1,1.25,0,6,89,0.0505843530952
additive,linear,0.8,0.1,1,1.25,0,7,63,0.0531989706169
additive,linear,0.8,0.1,1,1.25,0,8,45,0.0611718877779
additive,linear,0.8,0.1,1,1.25,0,9,31,0.0773881419484
additive,robust,0.8,0.1,1,1.25,0,1,501,0.0405715851447
additive,robust,0.8,0.1,1,1.25,0,2,355,0.0276539849469
additive,robust,0.8,0.1,1,1.25,0,3,251,0.0313282196266
additive,robust,0.8,0.1,1,1.25,0,4,177,0.0302060992082
additive,robust,0.8,0.1,1,1.25,0,5,125,0.0384713394304
additive,robust,0.8,0.1,1,1.25,0,6,89,0.0481379397769
additive,robust,0.8,0.1,1,1.25,0,7,63,0.0514361962354
additive,robust,0.8,0.1,1,1.25,0,8,45,0.0579253864001
additive,robust,0.8,0.1,1,1.25,0,9,31,0.0717718141702
additive,linear,0.8,0.1,1,1.25,1,1,501,0.0312135347373
additive,linear,0.8,0.1,1,1.25,1,2,355,0.0228928600417
additive,linear,0.8,0.1,1,1.25,1,3,251,0.0287582131328
additive,linear,0.8,0.1,1,1.25,1,4,177,0.034142184073
additive,linear,0.8,0.1,1,1.25,1,5,125,0.0394484321138
additive,linear,0.8,0.1,1,1.25,1,6,89,0.0415616810146
additive,linear,0.8,0.1,1,1.25,1,7,63,0.0485748129252
additive,linear,0.8,0.1,1,1.25,1,8,45,0.0575322162887
additive,linear,0.8,0.1,1,1.25,1,9,31,0.068137252103
additive,robust,0.8,0.1,1,1.25,1,1,501,0.0323350825873
additive,robust,0.8,0.1,1,1.25,1,2,355,0.0214506511233
additive,robust,0.8,0.1,1,1.25,1,3,251,0.0267460064294
additive,robust,0.8,0.1,1,1.25,1,4,177,0.0313485507156
additive,robust,0.8,0.1,1,1.25,1,5,125,0.0364765167118
additive,robust,0.8,0.1,1,1.25,1,6,89,0.0401396354829
additive,robust,0.8,0.1,1,1.25,1,7,63,0.0476159932688
additive,robust,0.8,0.1,1,1.25,1,8,45,0.0559247233264
additive,robust,0.8,0.1,1,1.25,1,9,31,0.0654996236963
additive,linear,0.8,0.1,1,1.25,2,1,501,0.0683367999557
additive,linear,0.8,0.1,1,1.25,2,2,355,0.018038205456
additive,linear,0.8,0.1,1,1.25,2,3,251,0.0226137378779
additive,linear,0.8,0.1,1,1.25,2,4,177,0.027464916979
additive,linear,0.8,0.1,1,1.25,2,5,125,0.0298732172215
additive,linear,0.8,0.1,1,1.25,2,6,89,0.0403237385375
additive,linear,0.8,0.1,1,1.25,2,7,63,0.0480246281177
additive,linear,0.8,0.1,1,1.25,2,8,45,0.0494379037056
additive,linear,0.8,0.1,1,1.25,2,9,31,0.0639946010432
additive,robust,0.8,0.1,1,1.25,2,1,501,0.0608023080125
additive,robust,0.8,0.1,1,1.25,2,2,355,0.0182138350869
additive,robust,0.8,0.1,1,1.25,2,3,251,0.0222687123217
additive,robust,0.8,0.1,1,1.25,2,4,177,0.0265708082009
additive,robust,0.8,0.1,1,1.25,2,5,125,0.0287054946317
additive,robust,0.8,0.1,1,1.25,2,6,89,0.0388696012592
additive,robust,0.8,0.1,1,1.25,2,7,63,0.0467336493595
additive,robust,0.8,0.1,1,1.25,2,8,45,0.0482476626192
additive,robust,0.8,0.1,1,1.25,2,9,31,0.0610297860023
additive,linear,0.8,0.1,1.5,1.875,0,1,501,0.0519603829408
additive,linear,0.8,0.1,1.5,1.875,0,2,355,0.0380289326918
additive,linear,0.8,0.1,1.5,1.875,0,3,251,0.0387325387184
additive,linear,0.8,0.1,1.5,1.875,0,4,177,0.0362304804713
additive,linear,0.8,0.1,1.5,1.875,0,5,125,0.0473606543186
additive,linear,0.8,0.1,1.5,1.875,0,6,89,0.0567516195843
additive,linear,0.8,0.1,1.5,1.875,0,7,63,0.0614355178381
additive,linear,0.8,0.1,1.5,1.875,0,8,45,0.0727198251001
additive,linear,0.8,0.1,1.5,1.875,0,9,31,0.0914087537014
additive,robust,0.8,0.1,1.5,1.875,0,1,501,0.0398515051391
additive,robust,0.8,0.1,1.5,1.875,0,2,355,0.0292825741108
additive,robust,0.8,0.1,1.5,1.875,0,3,251,0.0331834451391
additive,robust,0.8,0.1,1.5,1.875,0,4,177,0.0315838262423
additive,robust,0.8,0.1,1.5,1.875,0,5,125,0.0406069511424
additive,robust,0.8,0.1,1.5,1.875,0,6,89,0.0510862523965
additive,robust,0.8,0.1,1.5,1.875,0,7,63,0.055395729139
additive,robust,0.8,0.1,1.5,1.875,0,8,45,0.0625222549628
additive,robust,0.8,0.1,1.5,1.875,0,9,31,0.0764617057147
additive,linear,0.8,0.1,1.5,1.875,1,1,501,0.0374816621083
additive,linear,0.8,0.1,1.5,1.875,1,2,355,0.0279497814208
additive,linear,0.8,0.1,1.5,1.875,1,3,251,0.0325758591444
additive,linear,0.8,0.1,1.5,1.875,1,4,177,0.0394506930495
additive,linear,0.8,0.1,1.5,1.875,1,5,125,0.0476240972367
additive,linear,0.8,0.1,1.5,1.875,1,6,89,0.0493038552899
additive,linear,0.8,0.1,1.5,1.875,1,7,63,0.0555432726264
additive,linear,0.8,0.1,1.5,1.875,1,8,45,0.0658406622689
additive,linear,0.8,0.1,1.5,1.875,1,9,31,0.0792060181431
additive,robust,0.8,0.1,1.5,1.875,1,1,501,0.0351504881036
additive,robust,0.8,0.1,1.5,1.875,1,2,355,0.0228937632402
additive,robust,0.8,0.1,1.5,1.875,1,3,251,0.0274973649414
additive,robust,0.8,0.1,1.5,1.875,1,4,177,0.0327918000204
additive,robust,0.8,0.1,1.5,1.875,1,5,125,0.0393086644052
additive,robust,0.8,0.1,1.5,1.875,1,6,89,0.0431193179618
additive,robust,0.8,0.1,1.5,1.875,1,7,63,0.0502042434226
additive,robust,0.8,0.1,1.5,1.875,1,8,45,0.059672302958
additive,robust,0.8,0.1,1.5,1.875,1,9,31,0.0706920673843
additive,linear,0.8,0.1,1.5,1.875,2,1,501,0.0704996807097
additive,linear,0.8,0.1,1.5,1.875,2,2,355,0.0213257188728
additive,linear,0.8,0.1,1.5,1.875,2,3,251,0.0267059245535
additive,linear,0.8,0.1,1.5,1.875,2,4,177,0.0318946465905
additive,linear,0.8,0.1,1.5,1.875,2,5,125,0.0346634989652
additive,linear,0.8,0.1,1.5,1.875,2,6,89,0.0437883163314
additive,linear,0.8,0.1,1.5,1.875,2,7,63,0.0507923893563
additive,linear,0.8,0.1,1.5,1.875,2,8,45,0.0531802538179
additive,linear,0.8,0.1,1.5,1.875,2,9,31,0.0725110293044
additive,robust,0.8,0.1,1.5,1.875,2,1,501,0.0597922608534
additive,robust,0.8,0.1,1.5,1.875,2,2,355,0.0195245289752
additive,robust,0.8,0.1,1.5,1.875,2,3,251,0.0237250629509
additive,robust,0.8,0.1,1.5,1.875,2,4,177,0.0277810087438
additive,robust,0.8,0.1,1.5,1.875,2,5,125,0.0302815557274
additive,robust,0.8,0.1,1.5,1.875,2,6,89,0.0402205578047
additive,robust,0.8,0.1,1.5,1.875,2,7,63,0.0474994741819
additive,robust,0.8,0.1,1.5,1.875,2,8,45,0.0490528044991
additive,robust,0.8,0.1,1.5,1.875,2,9,31,0.0639400680631
additive,linear,0.8,0.1,2,2.5,0,1,501,0.0605313508125
additive,linear,0.8,0.1,2,2.5,0,2,355,0.0454625851079
additive,linear,0.8,0.1,2,2.5,0,3,251,0.046419210628
additive,linear,0.8,0.1,2,2.5,0,4,177,0.0427181043083
additive,linear,0.8,0.1,2,2.5,0,5,125,0.053867723882
additive,linear,0.8,0.1,2,2.5,0,6,89,0.0636973227503
additive,linear,0.8,0.1,2,2.5,0,7,63,0.0709923850897
additive,linear,0.8,0.1,2,2.5,0,8,45,0.0859225762058
additive,linear,0.8,0.1,2,2.5,0,9,31,0.10759057158
additive,robust,0.8,0.1,2,2.5,0,1,501,0.038630833842
additive,robust,0.8,0.1,2,2.5,0,2,355,0.0303119535536
additive,robust,0.8,0.1,2,2.5,0,3,251,0.0341699695731
additive,robust,0.8,0.1,2,2.5,0,4,177,0.0324409228796
additive,robust,0.8,0.1,2,2.5,0,5,125,0.0424462110402
additive,robust,0.8,0.1,2,2.5,0,6,89,0.0535383708866
additive,robust,0.8,0.1,2,2.5,0,7,63,0.0584098225254
additive,robust,0.8,0.1,2,2.5,0,8,45,0.0658839742909
additive,robust,0.8,0.1,2,2.5,0,9,31,0.0801092530216
additive,linear,0.8,0.1,2,2.5,1,1,501,0.0454379464754
additive,linear,0.8,0.1,2,2.5,1,2,355,0.0347617086827
additive,linear,0.8,0.1,2,2.5,1,3,251,0.037330210221
additive,linear,0.8,0.1,2,2.5,1,4,177,0.0454991459588
additive,linear,0.8,0.1,2,2.5,1,5,125,0.0567845640956
additive,linear,0.8,0.1,2,2.5,1,6,89,0.0583446652241
additive,linear,0.8,0.1,2,2.5,1,7,63,0.0641626781873
additive,linear,0.8,0.1,2,2.5,1,8,45,0.0759169927698
additive,linear,0.8,0.1,2,2.5,1,9,31,0.0924285009422
additive,robust,0.8,0.1,2,2.5,1,1,501,0.0376276127908
additive,robust,0.8,0.1,2,2.5,1,2,355,0.0243161873348
additive,robust,0.8,0.1,2,2.5,1,3,251,0.0281121969158
additive,robust,0.8,0.1,2,2.5,1,4,177,0.0337665807551
additive,robust,0.8,0.1,2,2.5,1,5,125,0.0411443862703
additive,robust,0.8,0.1,2,2.5,1,6,89,0.0451577567673
additive,robust,0.8,0.1,2,2.5,1,7,63,0.0520785685426
additive,robust,0.8,0.1,2,2.5,1,8,45,0.0625718085082
additive,robust,0.8,0.1,2,2.5,1,9,31,0.0751142481133
additive,linear,0.8,0.1,2,2.5,2,1,501,0.073766073641
additive,linear,0.8,0.1,2,2.5,2,2,355,0.025638014115
additive,linear,0.8,0.1,2,2.5,2,3,251,0.0318141268986
additive,linear,0.8,0.1,2,2.5,2,4,177,0.0372905977536
additive,linear,0.8,0.1,2,2.5,2,5,125,0.0405310351203
additive,linear,0.8,0.1,2,2.5,2,6,89,0.0484686267081
additive,linear,0.8,0.1,2,2.5,2,7,63,0.0549618928749
additive,linear,0.8,0.1,2,2.5,2,8,45,0.0588957063803
additive,linear,0.8,0.1,2,2.5,2,9,31,0.0833147434171
additive,robust,0.8,0.1,2,2.5,2,1,501,0.0601967732778
additive,robust,0.8,0.1,2,2.5,2,2,355,0.0209188717789
additive,robust,0.8,0.1,2,2.5,2,3,251,0.0249957318211
additive,robust,0.8,0.1,2,2.5,2,4,177,0.0287945055582
additive,robust,0.8,0.1,2,2.5,2,5,125,0.0315553865082
additive,robust,0.8,0.1,2,2.5,2,6,89,0.0413501564041
additive,robust,0.8,0.1,2,2.5,2,7,63,0.0482673249253
additive,robust,0.8,0.1,2,2.5,2,8,45,0.0500508867331
additive,robust,0.8,0.1,2,2.5,2,9,31,0.0667633261425
additive,linear,0.8,0.1,2.5,3.125,0,1,501,0.0702004808533
additive,linear,0.8,0.1,2.5,3.125,0,2,355,0.0532949730678
additive,linear,0.8,0.1,2.5,3.125,0,3,251,0.0545944320255
additive,linear,0.8,0.1,2.5,3.125,0,4,177,0.0498600422694
additive,linear,0.8,0.1,2.5,3.125,0,5,125,0.0609026010199
additive,linear,0.8,0.1,2.5,3.125,0,6,89,0.0711939925724
additive,linear,0.8,0.1,2.5,3.125,0,7,63,0.0814058851728
additive,linear,0.8,0.1,2.5,3.125,0,8,45,0.100127659875
additive,linear,0.8,0.1,2.5,3.125,0,9,31,0.125097709943
additive,robust,0.8,0.1,2.5,3.125,0,1,501,0.0372767085662
additive,robust,0.8,0.1,2.5,3.125,0,2,355,0.0310291706523
additive,robust,0.8,0.1,2.5,3.125,0,3,251,0.0346957077488
additive,robust,0.8,0.1,2.5,3.125,0,4,177,0.0329317723174
additive,robust,0.8,0.1,2.5,3.125,0,5,125,0.043909002966
additive,robust,0.8,0.1,2.5,3.125,0,6,89,0.055492153634
additive,robust,0.8,0.1,2.5,3.125,0,7,63,0.0606530561523
additive,robust,0.8,0.1,2.5,3.125,0,8,45,0.0682989013555
additive,robust,0.8,0.1,2.5,3.125,0,9,31,0.0828841277667
additive,linear,0.8,0.1,2.5,3.125,1,1,501,0.0543459355177
additive,linear,0.8,0.1,2.5,3.125,1,2,355,0.0424928390214
additive,linear,0.8,0.1,2.5,3.125,1,3,251,0.042709586875
additive,linear,0.8,0.1,2.5,3.125,1,4,177,0.0520301262344
additive,linear,0.8,0.1,2.5,3.125,1,5,125,0.0665242440167
additive,linear,0.8,0.1,2.5,3.125,1,6,89,0.0681693682657
additive,linear,0.8,0.1,2.5,3.125,1,7,63,0.0738572600702
additive,linear,0.8,0.1,2.5,3.125,1,8,45,0.087150139763
additive,linear,0.8,0.1,2.5,3.125,1,9,31,0.107009291901
additive,robust,0.8,0.1,2.5,3.125,1,1,501,0.0398501665835
additive,robust,0.8,0.1,2.5,3.125,1,2,355,0.0255920711164
additive,robust,0.8,0.1,2.5,3.125,1,3,251,0.0285767405198
additive,robust,0.8,0.1,2.5,3.125,1,4,177,0.0343830887809
additive,robust,0.8,0.1,2.5,3.125,1,5,125,0.0423673882331
additive,robust,0.8,0.1,2.5,3.125,1,6,89,0.0466405311054
additive,robust,0.8,0.1,2.5,3.125,1,7,63,0.0535030101347
additive,robust,0.8,0.1,2.5,3.125,1,8,45,0.0647305579381
additive,robust,0.8,0.1,2.5,3.125,1,9,31,0.0786052808296
additive,linear,0.8,0.1,2.5,3.125,2,1,501,0.0779974624518
additive,linear,0.8,0.1,2.5,3.125,2,2,355,0.030544087857
additive,linear,0.8,0.1,2.5,3.125,2,3,251,0.0375256969687
additive,linear,0.8,0.1,2.5,3.125,2,4,177,0.0432929816915
additive,linear,0.8,0.1,2.5,3.125,2,5,125,0.0470747177305
additive,linear,0.8,0.1,2.5,3.125,2,6,89,0.0540497666335
additive,linear,0.8,0.1,2.5,3.125,2,7,63,0.0602427876302
additive,linear,0.8,0.1,2.5,3.125,2,8,45,0.0660742069532
additive,linear,0.8,0.1,2.5,3.125,2,9,31,0.0956336774483
additive,robust,0.8,0.1,2.5,3.125,2,1,501,0.061174804187
additive,robust,0.8,0.1,2.5,3.125,2,2,355,0.022118954446
additive,robust,0.8,0.1,2.5,3.125,2,3,251,0.0260587674095
additive,robust,0.8,0.1,2.5,3.125,2,4,177,0.0296228180091
additive,robust,0.8,0.1,2.5,3.125,2,5,125,0.0324936323436
additive,robust,0.8,0.1,2.5,3.125,2,6,89,0.0421380326268
additive,robust,0.8,0.1,2.5,3.125,2,7,63,0.0488471021816
additive,robust,0.8,0.1,2.5,3.125,2,8,45,0.0510141683715
additive,robust,0.8,0.1,2.5,3.125,2,9,31,0.069264148124
additive,linear,0.8,0.1,3,3.75,0,1,501,0.0805733866601
additive,linear,0.8,0.1,3,3.75,0,2,355,0.0613736282982
additive,linear,0.8,0.1,3,3.75,0,3,251,0.0630685042961
additive,linear,0.8,0.1,3,3.75,0,4,177,0.057412627996
additive,linear,0.8,0.1,3,3.75,0,5,125,0.0683023936753
additive,linear,0.8,0.1,3,3.75,0,6,89,0.0790851015297
additive,linear,0.8,0.1,3,3.75,0,7,63,0.0923868012876
additive,linear,0.8,0.1,3,3.75,0,8,45,0.114964126897
additive,linear,0.8,0.1,3,3.75,0,9,31,0.143445732156
additive,robust,0.8,0.1,3,3.75,0,1,501,0.0360982796698
additive,robust,0.8,0.1,3,3.75,0,2,355,0.0315896120587
additive,robust,0.8,0.1,3,3.75,0,3,251,0.0349807651545
additive,robust,0.8,0.1,3,3.75,0,4,177,0.033187768219
additive,robust,0.8,0.1,3,3.75,0,5,125,0.0450123070291
additive,robust,0.8,0.1,3,3.75,0,6,89,0.0570135056914
additive,robust,0.8,0.1,3,3.75,0,7,63,0.0623538126001
additive,robust,0.8,0.1,3,3.75,0,8,45,0.0700809308594
additive,robust,0.8,0.1,3,3.75,0,9,31,0.0849837713953
additive,linear,0.8,0.1,3,3.75,1,1,501,0.0638082767091
additive,linear,0.8,0.1,3,3.75,1,2,355,0.0507246016657
additive,linear,0.8,0.1,3,3.75,1,3,251,0.0485064866452
additive,linear,0.8,0.1,3,3.75,1,4,177,0.0588832950932
additive,linear,0.8,0.1,3,3.75,1,5,125,0.0766225789504
additive,linear,0.8,0.1,3,3.75,1,6,89,0.0784841294489
additive,linear,0.8,0.1,3,3.75,1,7,63,0.0842567024799
additive,linear,0.8,0.1,3,3.75,1,8,45,0.099147687903
additive,linear,0.8,0.1,3,3.75,1,9,31,0.122464180928
additive,robust,0.8,0.1,3,3.75,1,1,501,0.0417356493644
additive,robust,0.8,0.1,3,3.75,1,2,355,0.0266674539312
additive,robust,0.8,0.1,3,3.75,1,3,251,0.0288888746771
additive,robust,0.8,0.1,3,3.75,1,4,177,0.0347440337023
additive,robust,0.8,0.1,3,3.75,1,5,125,0.0432100469181
additive,robust,0.8,0.1,3,3.75,1,6,89,0.0477785365317
additive,robust,0.8,0.1,3,3.75,1,7,63,0.0546361235236
additive,robust,0.8,0.1,3,3.75,1,8,45,0.0663204754008
additive,robust,0.8,0.1,3,3.75,1,9,31,0.0812679889236
additive,linear,0.8,0.1,3,3.75,2,1,501,0.0830464723255
additive,linear,0.8,0.1,3,3.75,2,2,355,0.0358006548993
additive,linear,0.8,0.1,3,3.75,2,3,251,0.0436041763398
additive,linear,0.8,0.1,3,3.75,2,4,177,0.0496824841357
additive,linear,0.8,0.1,3,3.75,2,5,125,0.0540495225228
additive,linear,0.8,0.1,3,3.75,2,6,89,0.0602820465946
additive,linear,0.8,0.1,3,3.75,2,7,63,0.0663703111016
additive,linear,0.8,0.1,3,3.75,2,8,45,0.074292860892
additive,linear,0.8,0.1,3,3.75,2,9,31,0.10895508591
additive,robust,0.8,0.1,3,3.75,2,1,501,0.0621774598396
additive,robust,0.8,0.1,3,3.75,2,2,355,0.0230642861804
additive,robust,0.8,0.1,3,3.75,2,3,251,0.0269110152206
additive,robust,0.8,0.1,3,3.75,2,4,177,0.030264192164
additive,robust,0.8,0.1,3,3.75,2,5,125,0.0331497456871
additive,robust,0.8,0.1,3,3.75,2,6,89,0.0426406510841
additive,robust,0.8,0.1,3,3.75,2,7,63,0.0492321450426
additive,robust,0.8,0.1,3,3.75,2,8,45,0.0518764340015
additive,robust,0.8,0.1,3,3.75,2,9,31,0.0713658401392
additive,linear,0.8,0.15,1,1.25,0,1,501,0.0439504259276
additive,linear,0.8,0.15,1,1.25,0,2,355,0.0315710964311
additive,linear,0.8,0.15,1,1.25,0,3,251,0.0332272028947
additive,linear,0.8,0.15,1,1.25,0,4,177,0.0320268059854
additive,linear,0.8,0.15,1,1.25,0,5,125,0.0433221871609
additive,linear,0.8,0.15,1,1.25,0,6,89,0.0509535799211
additive,linear,0.8,0.15,1,1.25,0,7,63,0.0513878411289
additive,linear,0.8,0.15,1,1.25,0,8,45,0.0595698260484
additive,linear,0.8,0.15,1,1.25,0,9,31,0.078634565866
additive,robust,0.8,0.15,1,1.25,0,1,501,0.0399037149302
additive,robust,0.8,0.15,1,1.25,0,2,355,0.0282165278539
additive,robust,0.8,0.15,1,1.25,0,3,251,0.033064949408
additive,robust,0.8,0.15,1,1.25,0,4,177,0.0313202997463
additive,robust,0.8,0.15,1,1.25,0,5,125,0.0393747880181
additive,robust,0.8,0.15,1,1.25,0,6,89,0.0479642867227
additive,robust,0.8,0.15,1,1.25,0,7,63,0.0497556835477
additive,robust,0.8,0.15,1,1.25,0,8,45,0.0565804412023
additive,robust,0.8,0.15,1,1.25,0,9,31,0.073133956442
additive,linear,0.8,0.15,1,1.25,1,1,501,0.028731924434
additive,linear,0.8,0.15,1,1.25,1,2,355,0.0221770027272
additive,linear,0.8,0.15,1,1.25,1,3,251,0.0293324332237
additive,linear,0.8,0.15,1,1.25,1,4,177,0.0352809216545
additive,linear,0.8,0.15,1,1.25,1,5,125,0.0408562976033
additive,linear,0.8,0.15,1,1.25,1,6,89,0.0430722615502
additive,linear,0.8,0.15,1,1.25,1,7,63,0.0504757130342
additive,linear,0.8,0.15,1,1.25,1,8,45,0.0584856418833
additive,linear,0.8,0.15,1,1.25,1,9,31,0.0702580514233
additive,robust,0.8,0.15,1,1.25,1,1,501,0.0303106682913
additive,robust,0.8,0.15,1,1.25,1,2,355,0.0204319404456
additive,robust,0.8,0.15,1,1.25,1,3,251,0.0274114332441
additive,robust,0.8,0.15,1,1.25,1,4,177,0.0327440355832
additive,robust,0.8,0.15,1,1.25,1,5,125,0.0381996795941
additive,robust,0.8,0.15,1,1.25,1,6,89,0.0419274645008
additive,robust,0.8,0.15,1,1.25,1,7,63,0.0495546649336
additive,robust,0.8,0.15,1,1.25,1,8,45,0.0569561410994
additive,robust,0.8,0.15,1,1.25,1,9,31,0.0678178863522
additive,linear,0.8,0.15,1,1.25,2,1,501,0.0676853903618
additive,linear,0.8,0.15,1,1.25,2,2,355,0.0220364348453
additive,linear,0.8,0.15,1,1.25,2,3,251,0.0268655087824
additive,linear,0.8,0.15,1,1.25,2,4,177,0.0306750308646
additive,linear,0.8,0.15,1,1.25,2,5,125,0.0318995317227
additive,linear,0.8,0.15,1,1.25,2,6,89,0.0422704211961
additive,linear,0.8,0.15,1,1.25,2,7,63,0.0515277554
additive,linear,0.8,0.15,1,1.25,2,8,45,0.0541193920489
additive,linear,0.8,0.15,1,1.25,2,9,31,0.0719972673613
additive,robust,0.8,0.15,1,1.25,2,1,501,0.0621185331121
additive,robust,0.8,0.15,1,1.25,2,2,355,0.019955826263
additive,robust,0.8,0.15,1,1.25,2,3,251,0.0255703993403
additive,robust,0.8,0.15,1,1.25,2,4,177,0.0296834350591
additive,robust,0.8,0.15,1,1.25,2,5,125,0.0310624550591
additive,robust,0.8,0.15,1,1.25,2,6,89,0.0406349741151
additive,robust,0.8,0.15,1,1.25,2,7,63,0.0488420636236
additive,robust,0.8,0.15,1,1.25,2,8,45,0.0508077678905
additive,robust,0.8,0.15,1,1.25,2,9,31,0.0659391048268
additive,linear,0.8,0.15,1.5,1.875,0,1,501,0.0521681137733
additive,linear,0.8,0.15,1.5,1.875,0,2,355,0.0388312987712
additive,linear,0.8,0.15,1.5,1.875,0,3,251,0.0402982920257
additive,linear,0.8,0.15,1.5,1.875,0,4,177,0.038101175848
additive,linear,0.8,0.15,1.5,1.875,0,5,125,0.0503902108287
additive,linear,0.8,0.15,1.5,1.875,0,6,89,0.0578095938657
additive,linear,0.8,0.15,1.5,1.875,0,7,63,0.0589488135592
additive,linear,0.8,0.15,1.5,1.875,0,8,45,0.0702731242923
additive,linear,0.8,0.15,1.5,1.875,0,9,31,0.0931500411137
additive,robust,0.8,0.15,1.5,1.875,0,1,501,0.0396838568611
additive,robust,0.8,0.15,1.5,1.875,0,2,355,0.0305347483368
additive,robust,0.8,0.15,1.5,1.875,0,3,251,0.0356522142457
additive,robust,0.8,0.15,1.5,1.875,0,4,177,0.0331225916928
additive,robust,0.8,0.15,1.5,1.875,0,5,125,0.0416252728038
additive,robust,0.8,0.15,1.5,1.875,0,6,89,0.050717878706
additive,robust,0.8,0.15,1.5,1.875,0,7,63,0.0534246010198
additive,robust,0.8,0.15,1.5,1.875,0,8,45,0.0612181699181
additive,robust,0.8,0.15,1.5,1.875,0,9,31,0.0791585950058
additive,linear,0.8,0.15,1.5,1.875,1,1,501,0.0339176381117
additive,linear,0.8,0.15,1.5,1.875,1,2,355,0.0275562998412
additive,linear,0.8,0.15,1.5,1.875,1,3,251,0.0345372495795
additive,linear,0.8,0.15,1.5,1.875,1,4,177,0.0418060496605
additive,linear,0.8,0.15,1.5,1.875,1,5,125,0.0498854976666
additive,linear,0.8,0.15,1.5,1.875,1,6,89,0.0520392211298
additive,linear,0.8,0.15,1.5,1.875,1,7,63,0.0596914222997
additive,linear,0.8,0.15,1.5,1.875,1,8,45,0.0683670770774
additive,linear,0.8,0.15,1.5,1.875,1,9,31,0.083939464551
additive,robust,0.8,0.15,1.5,1.875,1,1,501,0.0331223043138
additive,robust,0.8,0.15,1.5,1.875,1,2,355,0.0218391085436
additive,robust,0.8,0.15,1.5,1.875,1,3,251,0.02908234826
additive,robust,0.8,0.15,1.5,1.875,1,4,177,0.0351114678463
additive,robust,0.8,0.15,1.5,1.875,1,5,125,0.0418387828825
additive,robust,0.8,0.15,1.5,1.875,1,6,89,0.0460189881832
additive,robust,0.8,0.15,1.5,1.875,1,7,63,0.0537210666682
additive,robust,0.8,0.15,1.5,1.875,1,8,45,0.0620778267831
additive,robust,0.8,0.15,1.5,1.875,1,9,31,0.075029831417
additive,linear,0.8,0.15,1.5,1.875,2,1,501,0.0688883402134
additive,linear,0.8,0.15,1.5,1.875,2,2,355,0.0268511038459
additive,linear,0.8,0.15,1.5,1.875,2,3,251,0.033227646828
additive,linear,0.8,0.15,1.5,1.875,2,4,177,0.0375395048898
additive,linear,0.8,0.15,1.5,1.875,2,5,125,0.0386807472579
additive,linear,0.8,0.15,1.5,1.875,2,6,89,0.0476114629092
additive,linear,0.8,0.15,1.5,1.875,2,7,63,0.0576285262003
additive,linear,0.8,0.15,1.5,1.875,2,8,45,0.0632252127653
additive,linear,0.8,0.15,1.5,1.875,2,9,31,0.0872961563244
additive,robust,0.8,0.15,1.5,1.875,2,1,501,0.0631828143585
additive,robust,0.8,0.15,1.5,1.875,2,2,355,0.02162068045
additive,robust,0.8,0.15,1.5,1.875,2,3,251,0.028583630236
additive,robust,0.8,0.15,1.5,1.875,2,4,177,0.0328762870084
additive,robust,0.8,0.15,1.5,1.875,2,5,125,0.0343505478235
additive,robust,0.8,0.15,1.5,1.875,2,6,89,0.0431701290182
additive,robust,0.8,0.15,1.5,1.875,2,7,63,0.0508260044901
additive,robust,0.8,0.15,1.5,1.875,2,8,45,0.0537350203902
additive,robust,0.8,0.15,1.5,1.875,2,9,31,0.0721690041598
additive,linear,0.8,0.15,2,2.5,0,1,501,0.0626871855057
additive,linear,0.8,0.15,2,2.5,0,2,355,0.0468471835051
additive,linear,0.8,0.15,2,2.5,0,3,251,0.0480679987903
additive,linear,0.8,0.15,2,2.5,0,4,177,0.045200931057
additive,linear,0.8,0.15,2,2.5,0,5,125,0.0583427141234
additive,linear,0.8,0.15,2,2.5,0,6,89,0.0656168833563
additive,linear,0.8,0.15,2,2.5,0,7,63,0.0679740046368
additive,linear,0.8,0.15,2,2.5,0,8,45,0.0826837220184
additive,linear,0.8,0.15,2,2.5,0,9,31,0.109744141712
additive,robust,0.8,0.15,2,2.5,0,1,501,0.0393723333997
additive,robust,0.8,0.15,2,2.5,0,2,355,0.0321929917465
additive,robust,0.8,0.15,2,2.5,0,3,251,0.0372200055527
additive,robust,0.8,0.15,2,2.5,0,4,177,0.0342632367548
additive,robust,0.8,0.15,2,2.5,0,5,125,0.0433344040569
additive,robust,0.8,0.15,2,2.5,0,6,89,0.0527552937346
additive,robust,0.8,0.15,2,2.5,0,7,63,0.056112887135
additive,robust,0.8,0.15,2,2.5,0,8,45,0.0648021325057
additive,robust,0.8,0.15,2,2.5,0,9,31,0.0843143941743
additive,linear,0.8,0.15,2,2.5,1,1,501,0.041031037032
additive,linear,0.8,0.15,2,2.5,1,2,355,0.0348520001958
additive,linear,0.8,0.15,2,2.5,1,3,251,0.0409616607906
additive,linear,0.8,0.15,2,2.5,1,4,177,0.0492182130953
additive,linear,0.8,0.15,2,2.5,1,5,125,0.0598864941133
additive,linear,0.8,0.15,2,2.5,1,6,89,0.0623509012962
additive,linear,0.8,0.15,2,2.5,1,7,63,0.0708164834386
additive,linear,0.8,0.15,2,2.5,1,8,45,0.0802890577061
additive,linear,0.8,0.15,2,2.5,1,9,31,0.100076561621
additive,robust,0.8,0.15,2,2.5,1,1,501,0.0354840033285
additive,robust,0.8,0.15,2,2.5,1,2,355,0.0232579114027
additive,robust,0.8,0.15,2,2.5,1,3,251,0.0302801984321
additive,robust,0.8,0.15,2,2.5,1,4,177,0.0366796177434
additive,robust,0.8,0.15,2,2.5,1,5,125,0.0441607258464
additive,robust,0.8,0.15,2,2.5,1,6,89,0.0488691633807
additive,robust,0.8,0.15,2,2.5,1,7,63,0.056978985539
additive,robust,0.8,0.15,2,2.5,1,8,45,0.0663206490909
additive,robust,0.8,0.15,2,2.5,1,9,31,0.0812207391268
additive,linear,0.8,0.15,2,2.5,2,1,501,0.07084990077
additive,linear,0.8,0.15,2,2.5,2,2,355,0.0323528546601
additive,linear,0.8,0.15,2,2.5,2,3,251,0.0404191800294
additive,linear,0.8,0.15,2,2.5,2,4,177,0.0454148231642
additive,linear,0.8,0.15,2,2.5,2,5,125,0.0466704928384
additive,linear,0.8,0.15,2,2.5,2,6,89,0.054400960898
additive,linear,0.8,0.15,2,2.5,2,7,63,0.0655728671146
additive,linear,0.8,0.15,2,2.5,2,8,45,0.0749479911164
additive,linear,0.8,0.15,2,2.5,2,9,31,0.105192538469
additive,robust,0.8,0.15,2,2.5,2,1,501,0.0651554526783
additive,robust,0.8,0.15,2,2.5,2,2,355,0.0234479806124
additive,robust,0.8,0.15,2,2.5,2,3,251,0.0311869905375
additive,robust,0.8,0.15,2,2.5,2,4,177,0.0354793516695
additive,robust,0.8,0.15,2,2.5,2,5,125,0.0370236889401
additive,robust,0.8,0.15,2,2.5,2,6,89,0.0455408002708
additive,robust,0.8,0.15,2,2.5,2,7,63,0.0529533626767
additive,robust,0.8,0.15,2,2.5,2,8,45,0.0568141401289
additive,robust,0.8,0.15,2,2.5,2,9,31,0.0780697906065
additive,linear,0.8,0.15,2.5,3.125,0,1,501,0.0745396091692
additive,linear,0.8,0.15,2.5,3.125,0,2,355,0.0552910539252
additive,linear,0.8,0.15,2.5,3.125,0,3,251,0.0562475556338
additive,linear,0.8,0.15,2.5,3.125,0,4,177,0.0529149317668
additive,linear,0.8,0.15,2.5,3.125,0,5,125,0.0668648542372
additive,linear,0.8,0.15,2.5,3.125,0,6,89,0.0740752726772
additive,linear,0.8,0.15,2.5,3.125,0,7,63,0.0779565152815
additive,linear,0.8,0.15,2.5,3.125,0,8,45,0.0961427160138
additive,linear,0.8,0.15,2.5,3.125,0,9,31,0.127608520056
additive,robust,0.8,0.15,2.5,3.125,0,1,501,0.0390929640555
additive,robust,0.8,0.15,2.5,3.125,0,2,355,0.0334153592266
additive,robust,0.8,0.15,2.5,3.125,0,3,251,0.0381756256713
additive,robust,0.8,0.15,2.5,3.125,0,4,177,0.0349407717155
additive,robust,0.8,0.15,2.5,3.125,0,5,125,0.0445561660421
additive,robust,0.8,0.15,2.5,3.125,0,6,89,0.0542150234109
additive,robust,0.8,0.15,2.5,3.125,0,7,63,0.0579926463245
additive,robust,0.8,0.15,2.5,3.125,0,8,45,0.0675039741233
additive,robust,0.8,0.15,2.5,3.125,0,9,31,0.0885340662301
additive,linear,0.8,0.15,2.5,3.125,1,1,501,0.0492437098139
additive,linear,0.8,0.15,2.5,3.125,1,2,355,0.0431016962553
additive,linear,0.8,0.15,2.5,3.125,1,3,251,0.0481196402465
additive,linear,0.8,0.15,2.5,3.125,1,4,177,0.0571734516103
additive,linear,0.8,0.15,2.5,3.125,1,5,125,0.0704466106572
additive,linear,0.8,0.15,2.5,3.125,1,6,89,0.0734430581133
additive,linear,0.8,0.15,2.5,3.125,1,7,63,0.0830874412752
additive,linear,0.8,0.15,2.5,3.125,1,8,45,0.0934740444411
additive,linear,0.8,0.15,2.5,3.125,1,9,31,0.117663278979
additive,robust,0.8,0.15,2.5,3.125,1,1,501,0.0375543822465
additive,robust,0.8,0.15,2.5,3.125,1,2,355,0.0244754811042
additive,robust,0.8,0.15,2.5,3.125,1,3,251,0.0310398855841
additive,robust,0.8,0.15,2.5,3.125,1,4,177,0.0376044856957
additive,robust,0.8,0.15,2.5,3.125,1,5,125,0.0455949012785
additive,robust,0.8,0.15,2.5,3.125,1,6,89,0.0508499059693
additive,robust,0.8,0.15,2.5,3.125,1,7,63,0.0594761779071
additive,robust,0.8,0.15,2.5,3.125,1,8,45,0.0696307603867
additive,robust,0.8,0.15,2.5,3.125,1,9,31,0.0862382314497
additive,linear,0.8,0.15,2.5,3.125,2,1,501,0.0735093676596
additive,linear,0.8,0.15,2.5,3.125,2,2,355,0.038246316704
additive,linear,0.8,0.15,2.5,3.125,2,3,251,0.0480692871146
additive,linear,0.8,0.15,2.5,3.125,2,4,177,0.053859379179
additive,linear,0.8,0.15,2.5,3.125,2,5,125,0.0553478473309
additive,linear,0.8,0.15,2.5,3.125,2,6,89,0.0621661318318
additive,linear,0.8,0.15,2.5,3.125,2,7,63,0.0747754718166
additive,linear,0.8,0.15,2.5,3.125,2,8,45,0.0882509497128
additive,linear,0.8,0.15,2.5,3.125,2,9,31,0.124571907866
additive,robust,0.8,0.15,2.5,3.125,2,1,501,0.0672888200712
additive,robust,0.8,0.15,2.5,3.125,2,2,355,0.0252392730633
additive,robust,0.8,0.15,2.5,3.125,2,3,251,0.0334676893534
additive,robust,0.8,0.15,2.5,3.125,2,4,177,0.0375884325892
additive,robust,0.8,0.15,2.5,3.125,2,5,125,0.039050440294
additive,robust,0.8,0.15,2.5,3.125,2,6,89,0.0474516222594
additive,robust,0.8,0.15,2.5,3.125,2,7,63,0.0548368321212
additive,robust,0.8,0.15,2.5,3.125,2,8,45,0.0595185402802
additive,robust,0.8,0.15,2.5,3.125,2,9,31,0.0830442503476
additive,linear,0.8,0.15,3,3.75,0,1,501,0.0871832691524
additive,linear,0.8,0.15,3,3.75,0,2,355,0.0639937175796
additive,linear,0.8,0.15,3,3.75,0,3,251,0.0646816617085
additive,linear,0.8,0.15,3,3.75,0,4,177,0.0610106311015
additive,linear,0.8,0.15,3,3.75,0,5,125,0.0757646531701
additive,linear,0.8,0.15,3,3.75,0,6,89,0.0829859088359
additive,linear,0.8,0.15,3,3.75,0,7,63,0.0885732551364
additive,linear,0.8,0.15,3,3.75,0,8,45,0.110266875647
additive,linear,0.8,0.15,3,3.75,0,9,31,0.146278513157
additive,robust,0.8,0.15,3,3.75,0,1,501,0.0389858224998
additive,robust,0.8,0.15,3,3.75,0,2,355,0.0343725261667
additive,robust,0.8,0.15,3,3.75,0,3,251,0.0387814851845
additive,robust,0.8,0.15,3,3.75,0,4,177,0.0353456794926
additive,robust,0.8,0.15,3,3.75,0,5,125,0.0454162929336
additive,robust,0.8,0.15,3,3.75,0,6,89,0.05529489933
additive,robust,0.8,0.15,3,3.75,0,7,63,0.0593832015594
additive,robust,0.8,0.15,3,3.75,0,8,45,0.0695975535132
additive,robust,0.8,0.15,3,3.75,0,9,31,0.0919129882689
additive,linear,0.8,0.15,3,3.75,1,1,501,0.0580912819965
additive,linear,0.8,0.15,3,3.75,1,2,355,0.0518520256909
additive,linear,0.8,0.15,3,3.75,1,3,251,0.0557292380775
additive,linear,0.8,0.15,3,3.75,1,4,177,0.0654741093443
additive,linear,0.8,0.15,3,3.75,1,5,125,0.0813483939924
additive,linear,0.8,0.15,3,3.75,1,6,89,0.0850107299906
additive,linear,0.8,0.15,3,3.75,1,7,63,0.0960661834847
additive,linear,0.8,0.15,3,3.75,1,8,45,0.107458130538
additive,linear,0.8,0.15,3,3.75,1,9,31,0.136138976093
additive,robust,0.8,0.15,3,3.75,1,1,501,0.0393167749993
additive,robust,0.8,0.15,3,3.75,1,2,355,0.0254632220735
additive,robust,0.8,0.15,3,3.75,1,3,251,0.031492512095
additive,robust,0.8,0.15,3,3.75,1,4,177,0.0380899940906
additive,robust,0.8,0.15,3,3.75,1,5,125,0.0464751783958
additive,robust,0.8,0.15,3,3.75,1,6,89,0.0522636718514
additive,robust,0.8,0.15,3,3.75,1,7,63,0.0613937553406
additive,robust,0.8,0.15,3,3.75,1,8,45,0.0721247751526
additive,robust,0.8,0.15,3,3.75,1,9,31,0.0901932619795
additive,linear,0.8,0.15,3,3.75,2,1,501,0.0767942673715
additive,linear,0.8,0.15,3,3.75,2,2,355,0.0443756959162
additive,linear,0.8,0.15,3,3.75,2,3,251,0.0559903140025
additive,linear,0.8,0.15,3,3.75,2,4,177,0.0626433884372
additive,linear,0.8,0.15,3,3.75,2,5,125,0.064435612169
additive,linear,0.8,0.15,3,3.75,2,6,89,0.0705857039439
additive,linear,0.8,0.15,3,3.75,2,7,63,0.0848278131471
additive,linear,0.8,0.15,3,3.75,2,8,45,0.102520796855
additive,linear,0.8,0.15,3,3.75,2,9,31,0.144840219374
additive,robust,0.8,0.15,3,3.75,2,1,501,0.0692134402245
additive,robust,0.8,0.15,3,3.75,2,2,355,0.026884750706
additive,robust,0.8,0.15,3,3.75,2,3,251,0.0354703712051
additive,robust,0.8,0.15,3,3.75,2,4,177,0.0393296677149
additive,robust,0.8,0.15,3,3.75,2,5,125,0.040590135474
additive,robust,0.8,0.15,3,3.75,2,6,89,0.0488976576426
additive,robust,0.8,0.15,3,3.75,2,7,63,0.0563606938712
additive,robust,0.8,0.15,3,3.75,2,8,45,0.0617724514042
additive,robust,0.8,0.15,3,3.75,2,9,31,0.0870130681987
additive,linear,0.8,0.2,1,1.25,0,1,501,0.0469307185411
additive,linear,0.8,0.2,1,1.25,0,2,355,0.0331686932806
additive,linear,0.8,0.2,1,1.25,0,3,251,0.0330113952407
additive,linear,0.8,0.2,1,1.25,0,4,177,0.0329604897252
additive,linear,0.8,0.2,1,1.25,0,5,125,0.0471175377711
additive,linear,0.8,0.2,1,1.25,0,6,89,0.0555063729694
additive,linear,0.8,0.2,1,1.25,0,7,63,0.0554496025529
additive,linear,0.8,0.2,1,1.25,0,8,45,0.0609462366592
additive,linear,0.8,0.2,1,1.25,0,9,31,0.0783088045822
additive,robust,0.8,0.2,1,1.25,0,1,501,0.0396069888607
additive,robust,0.8,0.2,1,1.25,0,2,355,0.0275337020695
additive,robust,0.8,0.2,1,1.25,0,3,251,0.0328120353725
additive,robust,0.8,0.2,1,1.25,0,4,177,0.0320697747305
additive,robust,0.8,0.2,1,1.25,0,5,125,0.0414492457172
additive,robust,0.8,0.2,1,1.25,0,6,89,0.0494001661076
additive,robust,0.8,0.2,1,1.25,0,7,63,0.0505697513074
additive,robust,0.8,0.2,1,1.25,0,8,45,0.0562134267288
additive,robust,0.8,0.2,1,1.25,0,9,31,0.0728020073539
additive,linear,0.8,0.2,1,1.25,1,1,501,0.0294559584312
additive,linear,0.8,0.2,1,1.25,1,2,355,0.0265376473952
additive,linear,0.8,0.2,1,1.25,1,3,251,0.0345360239162
additive,linear,0.8,0.2,1,1.25,1,4,177,0.0377504902306
additive,linear,0.8,0.2,1,1.25,1,5,125,0.0432874005991
additive,linear,0.8,0.2,1,1.25,1,6,89,0.0464879854054
additive,linear,0.8,0.2,1,1.25,1,7,63,0.0543876367838
additive,linear,0.8,0.2,1,1.25,1,8,45,0.065600334067
additive,linear,0.8,0.2,1,1.25,1,9,31,0.0796989158619
additive,robust,0.8,0.2,1,1.25,1,1,501,0.0318792729727
additive,robust,0.8,0.2,1,1.25,1,2,355,0.0247018525854
additive,robust,0.8,0.2,1,1.25,1,3,251,0.0333337939948
additive,robust,0.8,0.2,1,1.25,1,4,177,0.0356048332664
additive,robust,0.8,0.2,1,1.25,1,5,125,0.0407972259732
additive,robust,0.8,0.2,1,1.25,1,6,89,0.0444951566863
additive,robust,0.8,0.2,1,1.25,1,7,63,0.0518371823018
additive,robust,0.8,0.2,1,1.25,1,8,45,0.0617078568055
additive,robust,0.8,0.2,1,1.25,1,9,31,0.0742827970413
additive,linear,0.8,0.2,1,1.25,2,1,501,0.0814037265383
additive,linear,0.8,0.2,1,1.25,2,2,355,0.0254876488114
additive,linear,0.8,0.2,1,1.25,2,3,251,0.027653571881
additive,linear,0.8,0.2,1,1.25,2,4,177,0.0289396549113
additive,linear,0.8,0.2,1,1.25,2,5,125,0.032055435997
additive,linear,0.8,0.2,1,1.25,2,6,89,0.04309290308
additive,linear,0.8,0.2,1,1.25,2,7,63,0.0539972022799
additive,linear,0.8,0.2,1,1.25,2,8,45,0.0572633132086
additive,linear,0.8,0.2,1,1.25,2,9,31,0.0745771426836
additive,robust,0.8,0.2,1,1.25,2,1,501,0.0738948433603
additive,robust,0.8,0.2,1,1.25,2,2,355,0.0229277377616
additive,robust,0.8,0.2,1,1.25,2,3,251,0.0261407560484
additive,robust,0.8,0.2,1,1.25,2,4,177,0.0282503667017
additive,robust,0.8,0.2,1,1.25,2,5,125,0.0299271248598
additive,robust,0.8,0.2,1,1.25,2,6,89,0.0407505591111
additive,robust,0.8,0.2,1,1.25,2,7,63,0.0507245045725
additive,robust,0.8,0.2,1,1.25,2,8,45,0.0531380708264
additive,robust,0.8,0.2,1,1.25,2,9,31,0.0686527024267
additive,linear,0.8,0.2,1.5,1.875,0,1,501,0.057566609735
additive,linear,0.8,0.2,1.5,1.875,0,2,355,0.0426108069469
additive,linear,0.8,0.2,1.5,1.875,0,3,251,0.0402774296546
additive,linear,0.8,0.2,1.5,1.875,0,4,177,0.0398018042755
additive,linear,0.8,0.2,1.5,1.875,0,5,125,0.0565863887754
additive,linear,0.8,0.2,1.5,1.875,0,6,89,0.0657245505951
additive,linear,0.8,0.2,1.5,1.875,0,7,63,0.0663726914302
additive,linear,0.8,0.2,1.5,1.875,0,8,45,0.0739604697065
additive,linear,0.8,0.2,1.5,1.875,0,9,31,0.0951518734773
additive,robust,0.8,0.2,1.5,1.875,0,1,501,0.0396145513929
additive,robust,0.8,0.2,1.5,1.875,0,2,355,0.0306469712064
additive,robust,0.8,0.2,1.5,1.875,0,3,251,0.0357386204734
additive,robust,0.8,0.2,1.5,1.875,0,4,177,0.0342575600551
additive,robust,0.8,0.2,1.5,1.875,0,5,125,0.044425921555
additive,robust,0.8,0.2,1.5,1.875,0,6,89,0.0522334228001
additive,robust,0.8,0.2,1.5,1.875,0,7,63,0.0539243484134
additive,robust,0.8,0.2,1.5,1.875,0,8,45,0.0611818752425
additive,robust,0.8,0.2,1.5,1.875,0,9,31,0.0802757528677
additive,linear,0.8,0.2,1.5,1.875,1,1,501,0.0379449770584
additive,linear,0.8,0.2,1.5,1.875,1,2,355,0.0333034425663
additive,linear,0.8,0.2,1.5,1.875,1,3,251,0.0424535010152
additive,linear,0.8,0.2,1.5,1.875,1,4,177,0.0464432209955
additive,linear,0.8,0.2,1.5,1.875,1,5,125,0.0542232491637
additive,linear,0.8,0.2,1.5,1.875,1,6,89,0.0586432460535
additive,linear,0.8,0.2,1.5,1.875,1,7,63,0.0683172909752
additive,linear,0.8,0.2,1.5,1.875,1,8,45,0.0812881709509
additive,linear,0.8,0.2,1.5,1.875,1,9,31,0.0997745532314
additive,robust,0.8,0.2,1.5,1.875,1,1,501,0.0372550721185
additive,robust,0.8,0.2,1.5,1.875,1,2,355,0.0277708588717
additive,robust,0.8,0.2,1.5,1.875,1,3,251,0.0379916094089
additive,robust,0.8,0.2,1.5,1.875,1,4,177,0.0401921627252
additive,robust,0.8,0.2,1.5,1.875,1,5,125,0.0460493521554
additive,robust,0.8,0.2,1.5,1.875,1,6,89,0.0501258577494
additive,robust,0.8,0.2,1.5,1.875,1,7,63,0.057706428498
additive,robust,0.8,0.2,1.5,1.875,1,8,45,0.069037922424
additive,robust,0.8,0.2,1.5,1.875,1,9,31,0.0845696511271
additive,linear,0.8,0.2,1.5,1.875,2,1,501,0.0906735629144
additive,linear,0.8,0.2,1.5,1.875,2,2,355,0.0323736266012
additive,linear,0.8,0.2,1.5,1.875,2,3,251,0.0354690358481
additive,linear,0.8,0.2,1.5,1.875,2,4,177,0.036810685408
additive,linear,0.8,0.2,1.5,1.875,2,5,125,0.0413643376437
additive,linear,0.8,0.2,1.5,1.875,2,6,89,0.050996894897
additive,linear,0.8,0.2,1.5,1.875,2,7,63,0.0634255406327
additive,linear,0.8,0.2,1.5,1.875,2,8,45,0.0700367008895
additive,linear,0.8,0.2,1.5,1.875,2,9,31,0.0933009419643
additive,robust,0.8,0.2,1.5,1.875,2,1,501,0.0785785290623
additive,robust,0.8,0.2,1.5,1.875,2,2,355,0.0252456408609
additive,robust,0.8,0.2,1.5,1.875,2,3,251,0.0295415805784
additive,robust,0.8,0.2,1.5,1.875,2,4,177,0.0320632371558
additive,robust,0.8,0.2,1.5,1.875,2,5,125,0.033917097049
additive,robust,0.8,0.2,1.5,1.875,2,6,89,0.0439596085615
additive,robust,0.8,0.2,1.5,1.875,2,7,63,0.054024791478
additive,robust,0.8,0.2,1.5,1.875,2,8,45,0.0575761806365
additive,robust,0.8,0.2,1.5,1.875,2,9,31,0.0769263783395
additive,linear,0.8,0.2,2,2.5,0,1,501,0.0704820425172
additive,linear,0.8,0.2,2,2.5,0,2,355,0.0529965286216
additive,linear,0.8,0.2,2,2.5,0,3,251,0.0483181066721
additive,linear,0.8,0.2,2,2.5,0,4,177,0.0476975862358
additive,linear,0.8,0.2,2,2.5,0,5,125,0.0669698500841
additive,linear,0.8,0.2,2,2.5,0,6,89,0.0770945839161
additive,linear,0.8,0.2,2,2.5,0,7,63,0.0789528953572
additive,linear,0.8,0.2,2,2.5,0,8,45,0.0890116636307
additive,linear,0.8,0.2,2,2.5,0,9,31,0.11467879388
additive,robust,0.8,0.2,2,2.5,0,1,501,0.0404450469862
additive,robust,0.8,0.2,2,2.5,0,2,355,0.0332656426238
additive,robust,0.8,0.2,2,2.5,0,3,251,0.0376250682428
additive,robust,0.8,0.2,2,2.5,0,4,177,0.035607911894
additive,robust,0.8,0.2,2,2.5,0,5,125,0.0466227226572
additive,robust,0.8,0.2,2,2.5,0,6,89,0.0544125090428
additive,robust,0.8,0.2,2,2.5,0,7,63,0.0566067599666
additive,robust,0.8,0.2,2,2.5,0,8,45,0.065370590805
additive,robust,0.8,0.2,2,2.5,0,9,31,0.086848306906
additive,linear,0.8,0.2,2,2.5,1,1,501,0.0486935274221
additive,linear,0.8,0.2,2,2.5,1,2,355,0.0415033295198
additive,linear,0.8,0.2,2,2.5,1,3,251,0.0513657675531
additive,linear,0.8,0.2,2,2.5,1,4,177,0.0561515120827
additive,linear,0.8,0.2,2,2.5,1,5,125,0.066193120313
additive,linear,0.8,0.2,2,2.5,1,6,89,0.0722842177806
additive,linear,0.8,0.2,2,2.5,1,7,63,0.0844928186465
additive,linear,0.8,0.2,2,2.5,1,8,45,0.0991827829319
additive,linear,0.8,0.2,2,2.5,1,9,31,0.122235614377
additive,robust,0.8,0.2,2,2.5,1,1,501,0.041884110668
additive,robust,0.8,0.2,2,2.5,1,2,355,0.0304164005579
additive,robust,0.8,0.2,2,2.5,1,3,251,0.041559840646
additive,robust,0.8,0.2,2,2.5,1,4,177,0.0437328996532
additive,robust,0.8,0.2,2,2.5,1,5,125,0.0497468576521
additive,robust,0.8,0.2,2,2.5,1,6,89,0.0541904485601
additive,robust,0.8,0.2,2,2.5,1,7,63,0.062322849502
additive,robust,0.8,0.2,2,2.5,1,8,45,0.0749746948093
additive,robust,0.8,0.2,2,2.5,1,9,31,0.0933068645729
additive,linear,0.8,0.2,2,2.5,2,1,501,0.100988993321
additive,linear,0.8,0.2,2,2.5,2,2,355,0.0398856126904
additive,linear,0.8,0.2,2,2.5,2,3,251,0.0442536304011
additive,linear,0.8,0.2,2,2.5,2,4,177,0.0460967782849
additive,linear,0.8,0.2,2,2.5,2,5,125,0.0522591151555
additive,linear,0.8,0.2,2,2.5,2,6,89,0.0609037218993
additive,linear,0.8,0.2,2,2.5,2,7,63,0.0751662389201
additive,linear,0.8,0.2,2,2.5,2,8,45,0.0856586811944
additive,linear,0.8,0.2,2,2.5,2,9,31,0.114895783398
additive,robust,0.8,0.2,2,2.5,2,1,501,0.0828307005442
additive,robust,0.8,0.2,2,2.5,2,2,355,0.0272334894834
additive,robust,0.8,0.2,2,2.5,2,3,251,0.0322455310144
additive,robust,0.8,0.2,2,2.5,2,4,177,0.0351422440396
additive,robust,0.8,0.2,2,2.5,2,5,125,0.0372210601279
additive,robust,0.8,0.2,2,2.5,2,6,89,0.0468563744354
additive,robust,0.8,0.2,2,2.5,2,7,63,0.0570219350201
additive,robust,0.8,0.2,2,2.5,2,8,45,0.061682829337
additive,robust,0.8,0.2,2,2.5,2,9,31,0.084408949072
additive,linear,0.8,0.2,2.5,3.125,0,1,501,0.0846398465609
additive,linear,0.8,0.2,2.5,3.125,0,2,355,0.0638671726771
additive,linear,0.8,0.2,2.5,3.125,0,3,251,0.0568054266255
additive,linear,0.8,0.2,2.5,3.125,0,4,177,0.0562051795685
additive,linear,0.8,0.2,2.5,3.125,0,5,125,0.077903059263
additive,linear,0.8,0.2,2.5,3.125,0,6,89,0.089176972336
additive,linear,0.8,0.2,2.5,3.125,0,7,63,0.0925166740436
additive,linear,0.8,0.2,2.5,3.125,0,8,45,0.105229365256
additive,linear,0.8,0.2,2.5,3.125,0,9,31,0.135736174595
additive,robust,0.8,0.2,2.5,3.125,0,1,501,0.0421732704879
additive,robust,0.8,0.2,2.5,3.125,0,2,355,0.0353632221094
additive,robust,0.8,0.2,2.5,3.125,0,3,251,0.0387742786774
additive,robust,0.8,0.2,2.5,3.125,0,4,177,0.0363282673328
additive,robust,0.8,0.2,2.5,3.125,0,5,125,0.0481050954332
additive,robust,0.8,0.2,2.5,3.125,0,6,89,0.0560029326764
additive,robust,0.8,0.2,2.5,3.125,0,7,63,0.0586366778067
additive,robust,0.8,0.2,2.5,3.125,0,8,45,0.0687380910636
additive,robust,0.8,0.2,2.5,3.125,0,9,31,0.0923096551178
additive,linear,0.8,0.2,2.5,3.125,1,1,501,0.0605092428776
additive,linear,0.8,0.2,2.5,3.125,1,2,355,0.0504427195209
additive,linear,0.8,0.2,2.5,3.125,1,3,251,0.060837192009
additive,linear,0.8,0.2,2.5,3.125,1,4,177,0.0664316047591
additive,linear,0.8,0.2,2.5,3.125,1,5,125,0.0787267701061
additive,linear,0.8,0.2,2.5,3.125,1,6,89,0.0867125497518
additive,linear,0.8,0.2,2.5,3.125,1,7,63,0.101849730018
additive,linear,0.8,0.2,2.5,3.125,1,8,45,0.118286841662
additive,linear,0.8,0.2,2.5,3.125,1,9,31,0.145985167186
additive,robust,0.8,0.2,2.5,3.125,1,1,501,0.0451099562529
additive,robust,0.8,0.2,2.5,3.125,1,2,355,0.0325464817623
additive,robust,0.8,0.2,2.5,3.125,1,3,251,0.0442144920396
additive,robust,0.8,0.2,2.5,3.125,1,4,177,0.0463292146117
additive,robust,0.8,0.2,2.5,3.125,1,5,125,0.0523218428112
additive,robust,0.8,0.2,2.5,3.125,1,6,89,0.057152493511
additive,robust,0.8,0.2,2.5,3.125,1,7,63,0.0659207352656
additive,robust,0.8,0.2,2.5,3.125,1,8,45,0.0796562669943
additive,robust,0.8,0.2,2.5,3.125,1,9,31,0.100428262506
additive,linear,0.8,0.2,2.5,3.125,2,1,501,0.11206164364
additive,linear,0.8,0.2,2.5,3.125,2,2,355,0.0477289371667
additive,linear,0.8,0.2,2.5,3.125,2,3,251,0.0535323634526
additive,linear,0.8,0.2,2.5,3.125,2,4,177,0.0560995797713
additive,linear,0.8,0.2,2.5,3.125,2,5,125,0.0639341148478
additive,linear,0.8,0.2,2.5,3.125,2,6,89,0.0719912387171
additive,linear,0.8,0.2,2.5,3.125,2,7,63,0.0883017024785
additive,linear,0.8,0.2,2.5,3.125,2,8,45,0.102839183277
additive,linear,0.8,0.2,2.5,3.125,2,9,31,0.138020563775
additive,robust,0.8,0.2,2.5,3.125,2,1,501,0.086540366894
additive,robust,0.8,0.2,2.5,3.125,2,2,355,0.0290350808546
additive,robust,0.8,0.2,2.5,3.125,2,3,251,0.034623475067
additive,robust,0.8,0.2,2.5,3.125,2,4,177,0.0376603996711
additive,robust,0.8,0.2,2.5,3.125,2,5,125,0.0397729643072
additive,robust,0.8,0.2,2.5,3.125,2,6,89,0.0492199818821
additive,robust,0.8,0.2,2.5,3.125,2,7,63,0.059524260792
additive,robust,0.8,0.2,2.5,3.125,2,8,45,0.0651223142309
additive,robust,0.8,0.2,2.5,3.125,2,9,31,0.0907036939273
additive,linear,0.8,0.2,3,3.75,0,1,501,0.0995111575741
additive,linear,0.8,0.2,3,3.75,0,2,355,0.0750122121268
additive,linear,0.8,0.2,3,3.75,0,3,251,0.0655661690568
additive,linear,0.8,0.2,3,3.75,0,4,177,0.0650851062564
additive,linear,0.8,0.2,3,3.75,0,5,125,0.0891840617004
additive,linear,0.8,0.2,3,3.75,0,6,89,0.101718184846
additive,linear,0.8,0.2,3,3.75,0,7,63,0.106689549817
additive,linear,0.8,0.2,3,3.75,0,8,45,0.12214982697
additive,linear,0.8,0.2,3,3.75,0,9,31,0.157712171408
additive,robust,0.8,0.2,3,3.75,0,1,501,0.0444932149851
additive,robust,0.8,0.2,3,3.75,0,2,355,0.0370263167172
additive,robust,0.8,0.2,3,3.75,0,3,251,0.0394726367385
additive,robust,0.8,0.2,3,3.75,0,4,177,0.0366825870481
additive,robust,0.8,0.2,3,3.75,0,5,125,0.0490940560177
additive,robust,0.8,0.2,3,3.75,0,6,89,0.0571806159713
additive,robust,0.8,0.2,3,3.75,0,7,63,0.0602007964551
additive,robust,0.8,0.2,3,3.75,0,8,45,0.0714642895982
additive,robust,0.8,0.2,3,3.75,0,9,31,0.0967968623886
additive,linear,0.8,0.2,3,3.75,1,1,501,0.072874878157
additive,linear,0.8,0.2,3,3.75,1,2,355,0.0597908359289
additive,linear,0.8,0.2,3,3.75,1,3,251,0.070643225536
additive,linear,0.8,0.2,3,3.75,1,4,177,0.0770549815489
additive,linear,0.8,0.2,3,3.75,1,5,125,0.0915930467535
additive,linear,0.8,0.2,3,3.75,1,6,89,0.101593330197
additive,linear,0.8,0.2,3,3.75,1,7,63,0.119875959025
additive,linear,0.8,0.2,3,3.75,1,8,45,0.138099327216
additive,linear,0.8,0.2,3,3.75,1,9,31,0.170485578044
additive,robust,0.8,0.2,3,3.75,1,1,501,0.0469858604501
additive,robust,0.8,0.2,3,3.75,1,2,355,0.0341819180213
additive,robust,0.8,0.2,3,3.75,1,3,251,0.0461867986549
additive,robust,0.8,0.2,3,3.75,1,4,177,0.048196641928
additive,robust,0.8,0.2,3,3.75,1,5,125,0.0541341493854
additive,robust,0.8,0.2,3,3.75,1,6,89,0.0593884013903
additive,robust,0.8,0.2,3,3.75,1,7,63,0.0687571411331
additive,robust,0.8,0.2,3,3.75,1,8,45,0.0833565862803
additive,robust,0.8,0.2,3,3.75,1,9,31,0.106333144941
additive,linear,0.8,0.2,3,3.75,2,1,501,0.123688320475
additive,linear,0.8,0.2,3,3.75,2,2,355,0.0557639644342
additive,linear,0.8,0.2,3,3.75,2,3,251,0.063087581214
additive,linear,0.8,0.2,3,3.75,2,4,177,0.0664964375513
additive,linear,0.8,0.2,3,3.75,2,5,125,0.0760307582646
additive,linear,0.8,0.2,3,3.75,2,6,89,0.0837920558384
additive,linear,0.8,0.2,3,3.75,2,7,63,0.102296044724
additive,linear,0.8,0.2,3,3.75,2,8,45,0.120915686868
additive,linear,0.8,0.2,3,3.75,2,9,31,0.162021513131
additive,robust,0.8,0.2,3,3.75,2,1,501,0.089621351528
additive,robust,0.8,0.2,3,3.75,2,2,355,0.0307130374874
additive,robust,0.8,0.2,3,3.75,2,3,251,0.0368156899611
additive,robust,0.8,0.2,3,3.75,2,4,177,0.0397825604378
additive,robust,0.8,0.2,3,3.75,2,5,125,0.0417166756149
additive,robust,0.8,0.2,3,3.75,2,6,89,0.051035945555
additive,robust,0.8,0.2,3,3.75,2,7,63,0.0615138785467
additive,robust,0.8,0.2,3,3.75,2,8,45,0.0679238459215
additive,robust,0.8,0.2,3,3.75,2,9,31,0.0957737008304
additive,linear,0.8,0.25,1,1.25,0,1,501,0.0407769433326
additive,linear,0.8,0.25,1,1.25,0,2,355,0.0306774186397
additive,linear,0.8,0.25,1,1.25,0,3,251,0.0329557785522
additive,linear,0.8,0.25,1,1.25,0,4,177,0.0369911999388
additive,linear,0.8,0.25,1,1.25,0,5,125,0.049581539262
additive,linear,0.8,0.25,1,1.25,0,6,89,0.0570671713621
additive,linear,0.8,0.25,1,1.25,0,7,63,0.059358239792
additive,linear,0.8,0.25,1,1.25,0,8,45,0.0663066175223
additive,linear,0.8,0.25,1,1.25,0,9,31,0.0857398855257
additive,robust,0.8,0.25,1,1.25,0,1,501,0.032573498396
additive,robust,0.8,0.25,1,1.25,0,2,355,0.025262276059
additive,robust,0.8,0.25,1,1.25,0,3,251,0.0321422795371
additive,robust,0.8,0.25,1,1.25,0,4,177,0.0336858902141
additive,robust,0.8,0.25,1,1.25,0,5,125,0.0428378519969
additive,robust,0.8,0.25,1,1.25,0,6,89,0.0514084751969
additive,robust,0.8,0.25,1,1.25,0,7,63,0.0548254403578
additive,robust,0.8,0.25,1,1.25,0,8,45,0.0618583217293
additive,robust,0.8,0.25,1,1.25,0,9,31,0.0798729162041
additive,linear,0.8,0.25,1,1.25,1,1,501,0.0361431491429
additive,linear,0.8,0.25,1,1.25,1,2,355,0.029165750351
additive,linear,0.8,0.25,1,1.25,1,3,251,0.0355177395994
additive,linear,0.8,0.25,1,1.25,1,4,177,0.0375138120793
additive,linear,0.8,0.25,1,1.25,1,5,125,0.0432641487808
additive,linear,0.8,0.25,1,1.25,1,6,89,0.0488896131411
additive,linear,0.8,0.25,1,1.25,1,7,63,0.0578812106228
additive,linear,0.8,0.25,1,1.25,1,8,45,0.0679725574072
additive,linear,0.8,0.25,1,1.25,1,9,31,0.085406407391
additive,robust,0.8,0.25,1,1.25,1,1,501,0.0278426326675
additive,robust,0.8,0.25,1,1.25,1,2,355,0.0243679396414
additive,robust,0.8,0.25,1,1.25,1,3,251,0.0334331139376
additive,robust,0.8,0.25,1,1.25,1,4,177,0.0353448944636
additive,robust,0.8,0.25,1,1.25,1,5,125,0.0407497734577
additive,robust,0.8,0.25,1,1.25,1,6,89,0.0453291718404
additive,robust,0.8,0.25,1,1.25,1,7,63,0.0534940817751
additive,robust,0.8,0.25,1,1.25,1,8,45,0.0632070801927
additive,robust,0.8,0.25,1,1.25,1,9,31,0.0766862631991
additive,linear,0.8,0.25,1,1.25,2,1,501,0.075038208795
additive,linear,0.8,0.25,1,1.25,2,2,355,0.027114022824
additive,linear,0.8,0.25,1,1.25,2,3,251,0.0255748589053
additive,linear,0.8,0.25,1,1.25,2,4,177,0.0300850269769
additive,linear,0.8,0.25,1,1.25,2,5,125,0.0410449325772
additive,linear,0.8,0.25,1,1.25,2,6,89,0.0517043154494
additive,linear,0.8,0.25,1,1.25,2,7,63,0.0590414892964
additive,linear,0.8,0.25,1,1.25,2,8,45,0.0618081285121
additive,linear,0.8,0.25,1,1.25,2,9,31,0.0796942207567
additive,robust,0.8,0.25,1,1.25,2,1,501,0.0685158234737
additive,robust,0.8,0.25,1,1.25,2,2,355,0.0240492936234
additive,robust,0.8,0.25,1,1.25,2,3,251,0.0240915729307
additive,robust,0.8,0.25,1,1.25,2,4,177,0.028909681968
additive,robust,0.8,0.25,1,1.25,2,5,125,0.0374856946957
additive,robust,0.8,0.25,1,1.25,2,6,89,0.0482329554009
additive,robust,0.8,0.25,1,1.25,2,7,63,0.0546976114651
additive,robust,0.8,0.25,1,1.25,2,8,45,0.0563294111566
additive,robust,0.8,0.25,1,1.25,2,9,31,0.0723779794637
additive,linear,0.8,0.25,1.5,1.875,0,1,501,0.0485122058051
additive,linear,0.8,0.25,1.5,1.875,0,2,355,0.0381961586829
additive,linear,0.8,0.25,1.5,1.875,0,3,251,0.0409756167997
additive,linear,0.8,0.25,1.5,1.875,0,4,177,0.0480320538747
additive,linear,0.8,0.25,1.5,1.875,0,5,125,0.0615870477246
additive,linear,0.8,0.25,1.5,1.875,0,6,89,0.0683576572979
additive,linear,0.8,0.25,1.5,1.875,0,7,63,0.0724107999157
additive,linear,0.8,0.25,1.5,1.875,0,8,45,0.0823158495396
additive,linear,0.8,0.25,1.5,1.875,0,9,31,0.106713549043
additive,robust,0.8,0.25,1.5,1.875,0,1,501,0.0311298651901
additive,robust,0.8,0.25,1.5,1.875,0,2,355,0.0274068015096
additive,robust,0.8,0.25,1.5,1.875,0,3,251,0.0353793603492
additive,robust,0.8,0.25,1.5,1.875,0,4,177,0.03724659737
additive,robust,0.8,0.25,1.5,1.875,0,5,125,0.0466841076299
additive,robust,0.8,0.25,1.5,1.875,0,6,89,0.0552946730016
additive,robust,0.8,0.25,1.5,1.875,0,7,63,0.060175210057
additive,robust,0.8,0.25,1.5,1.875,0,8,45,0.0691592206108
additive,robust,0.8,0.25,1.5,1.875,0,9,31,0.0904961690074
additive,linear,0.8,0.25,1.5,1.875,1,1,501,0.0480803848799
additive,linear,0.8,0.25,1.5,1.875,1,2,355,0.0352196909306
additive,linear,0.8,0.25,1.5,1.875,1,3,251,0.0438687536419
additive,linear,0.8,0.25,1.5,1.875,1,4,177,0.0469330638046
additive,linear,0.8,0.25,1.5,1.875,1,5,125,0.0549880245607
additive,linear,0.8,0.25,1.5,1.875,1,6,89,0.0632145883999
additive,linear,0.8,0.25,1.5,1.875,1,7,63,0.0753892164523
additive,linear,0.8,0.25,1.5,1.875,1,8,45,0.0862157619547
additive,linear,0.8,0.25,1.5,1.875,1,9,31,0.110009503949
additive,robust,0.8,0.25,1.5,1.875,1,1,501,0.0308037571084
additive,robust,0.8,0.25,1.5,1.875,1,2,355,0.0265469132576
additive,robust,0.8,0.25,1.5,1.875,1,3,251,0.0380050068696
additive,robust,0.8,0.25,1.5,1.875,1,4,177,0.0400219949669
additive,robust,0.8,0.25,1.5,1.875,1,5,125,0.0462866091565
additive,robust,0.8,0.25,1.5,1.875,1,6,89,0.0514504749708
additive,robust,0.8,0.25,1.5,1.875,1,7,63,0.0602748012946
additive,robust,0.8,0.25,1.5,1.875,1,8,45,0.0714000934103
additive,robust,0.8,0.25,1.5,1.875,1,9,31,0.0881116120957
additive,linear,0.8,0.25,1.5,1.875,2,1,501,0.0800621389798
additive,linear,0.8,0.25,1.5,1.875,2,2,355,0.0346311632867
additive,linear,0.8,0.25,1.5,1.875,2,3,251,0.0327988390907
additive,linear,0.8,0.25,1.5,1.875,2,4,177,0.0391476837887
additive,linear,0.8,0.25,1.5,1.875,2,5,125,0.0556044160213
additive,linear,0.8,0.25,1.5,1.875,2,6,89,0.0649325330453
additive,linear,0.8,0.25,1.5,1.875,2,7,63,0.0713763770313
additive,linear,0.8,0.25,1.5,1.875,2,8,45,0.0776687690056
additive,linear,0.8,0.25,1.5,1.875,2,9,31,0.102824398684
additive,robust,0.8,0.25,1.5,1.875,2,1,501,0.0704456509283
additive,robust,0.8,0.25,1.5,1.875,2,2,355,0.0267136103039
additive,robust,0.8,0.25,1.5,1.875,2,3,251,0.0272164595158
additive,robust,0.8,0.25,1.5,1.875,2,4,177,0.0331264568613
additive,robust,0.8,0.25,1.5,1.875,2,5,125,0.044163584459
additive,robust,0.8,0.25,1.5,1.875,2,6,89,0.0542395249695
additive,robust,0.8,0.25,1.5,1.875,2,7,63,0.0591749018359
additive,robust,0.8,0.25,1.5,1.875,2,8,45,0.0617883422272
additive,robust,0.8,0.25,1.5,1.875,2,9,31,0.0824382993314
additive,linear,0.8,0.25,2,2.5,0,1,501,0.0590415413336
additive,linear,0.8,0.25,2,2.5,0,2,355,0.0466417934575
additive,linear,0.8,0.25,2,2.5,0,3,251,0.0499325218402
additive,linear,0.8,0.25,2,2.5,0,4,177,0.0603230355805
additive,linear,0.8,0.25,2,2.5,0,5,125,0.0747280466387
additive,linear,0.8,0.25,2,2.5,0,6,89,0.080830932709
additive,linear,0.8,0.25,2,2.5,0,7,63,0.0870098538907
additive,linear,0.8,0.25,2,2.5,0,8,45,0.100203909189
additive,linear,0.8,0.25,2,2.5,0,9,31,0.130141644518
additive,robust,0.8,0.25,2,2.5,0,1,501,0.0310743688453
additive,robust,0.8,0.25,2,2.5,0,2,355,0.0294054790291
additive,robust,0.8,0.25,2,2.5,0,3,251,0.0377548414879
additive,robust,0.8,0.25,2,2.5,0,4,177,0.0399088380735
additive,robust,0.8,0.25,2,2.5,0,5,125,0.0496648233517
additive,robust,0.8,0.25,2,2.5,0,6,89,0.0584557572459
additive,robust,0.8,0.25,2,2.5,0,7,63,0.0645479197898
additive,robust,0.8,0.25,2,2.5,0,8,45,0.0751378885754
additive,robust,0.8,0.25,2,2.5,0,9,31,0.0996385929913
additive,linear,0.8,0.25,2,2.5,1,1,501,0.0617963143214
additive,linear,0.8,0.25,2,2.5,1,2,355,0.0421887514152
additive,linear,0.8,0.25,2,2.5,1,3,251,0.0531665036785
additive,linear,0.8,0.25,2,2.5,1,4,177,0.0575377413422
additive,linear,0.8,0.25,2,2.5,1,5,125,0.0678843113379
additive,linear,0.8,0.25,2,2.5,1,6,89,0.0790718798212
additive,linear,0.8,0.25,2,2.5,1,7,63,0.0952086232927
additive,linear,0.8,0.25,2,2.5,1,8,45,0.106792028243
additive,linear,0.8,0.25,2,2.5,1,9,31,0.13704944212
additive,robust,0.8,0.25,2,2.5,1,1,501,0.0337162522934
additive,robust,0.8,0.25,2,2.5,1,2,355,0.0286250974522
additive,robust,0.8,0.25,2,2.5,1,3,251,0.0414728849089
additive,robust,0.8,0.25,2,2.5,1,4,177,0.0435694138257
additive,robust,0.8,0.25,2,2.5,1,5,125,0.0502477762661
additive,robust,0.8,0.25,2,2.5,1,6,89,0.0559290195493
additive,robust,0.8,0.25,2,2.5,1,7,63,0.0654262489305
additive,robust,0.8,0.25,2,2.5,1,8,45,0.077834023607
additive,robust,0.8,0.25,2,2.5,1,9,31,0.0977508815712
additive,linear,0.8,0.25,2,2.5,2,1,501,0.0857852794253
additive,linear,0.8,0.25,2,2.5,2,2,355,0.0426982143212
additive,linear,0.8,0.25,2,2.5,2,3,251,0.0411530554685
additive,linear,0.8,0.25,2,2.5,2,4,177,0.0496293738974
additive,linear,0.8,0.25,2,2.5,2,5,125,0.0714072206656
additive,linear,0.8,0.25,2,2.5,2,6,89,0.0799044572192
additive,linear,0.8,0.25,2,2.5,2,7,63,0.085835106926
additive,linear,0.8,0.25,2,2.5,2,8,45,0.0962352471596
additive,linear,0.8,0.25,2,2.5,2,9,31,0.128852552695
additive,robust,0.8,0.25,2,2.5,2,1,501,0.0727544143113
additive,robust,0.8,0.25,2,2.5,2,2,355,0.029239284427
additive,robust,0.8,0.25,2,2.5,2,3,251,0.0299590669002
additive,robust,0.8,0.25,2,2.5,2,4,177,0.0364536799307
additive,robust,0.8,0.25,2,2.5,2,5,125,0.0491798819976
additive,robust,0.8,0.25,2,2.5,2,6,89,0.0588729993917
additive,robust,0.8,0.25,2,2.5,2,7,63,0.062828387435
additive,robust,0.8,0.25,2,2.5,2,8,45,0.0665094857669
additive,robust,0.8,0.25,2,2.5,2,9,31,0.0912574685029
additive,linear,0.8,0.25,2.5,3.125,0,1,501,0.0711348548918
additive,linear,0.8,0.25,2.5,3.125,0,2,355,0.0555934806503
additive,linear,0.8,0.25,2.5,3.125,0,3,251,0.0594041247354
additive,linear,0.8,0.25,2.5,3.125,0,4,177,0.0732374230813
additive,linear,0.8,0.25,2.5,3.125,0,5,125,0.0885001613364
additive,linear,0.8,0.25,2.5,3.125,0,6,89,0.0940174088206
additive,linear,0.8,0.25,2.5,3.125,0,7,63,0.10249669663
additive,linear,0.8,0.25,2.5,3.125,0,8,45,0.119127412973
additive,linear,0.8,0.25,2.5,3.125,0,9,31,0.15491457722
additive,robust,0.8,0.25,2.5,3.125,0,1,501,0.0317326587063
additive,robust,0.8,0.25,2.5,3.125,0,2,355,0.0310610439836
additive,robust,0.8,0.25,2.5,3.125,0,3,251,0.0394119400737
additive,robust,0.8,0.25,2.5,3.125,0,4,177,0.0418278653737
additive,robust,0.8,0.25,2.5,3.125,0,5,125,0.0518801456332
additive,robust,0.8,0.25,2.5,3.125,0,6,89,0.0610746235084
additive,robust,0.8,0.25,2.5,3.125,0,7,63,0.0682036698386
additive,robust,0.8,0.25,2.5,3.125,0,8,45,0.0800412257985
additive,robust,0.8,0.25,2.5,3.125,0,9,31,0.107251355892
additive,linear,0.8,0.25,2.5,3.125,1,1,501,0.0763381319556
additive,linear,0.8,0.25,2.5,3.125,1,2,355,0.0496893685181
additive,linear,0.8,0.25,2.5,3.125,1,3,251,0.062993162551
additive,linear,0.8,0.25,2.5,3.125,1,4,177,0.0687817104959
additive,linear,0.8,0.25,2.5,3.125,1,5,125,0.0813976486881
additive,linear,0.8,0.25,2.5,3.125,1,6,89,0.0957028121256
additive,linear,0.8,0.25,2.5,3.125,1,7,63,0.116162293879
additive,linear,0.8,0.25,2.5,3.125,1,8,45,0.12858618752
additive,linear,0.8,0.25,2.5,3.125,1,9,31,0.16533490346
additive,robust,0.8,0.25,2.5,3.125,1,1,501,0.0357449763715
additive,robust,0.8,0.25,2.5,3.125,1,2,355,0.0304045391875
additive,robust,0.8,0.25,2.5,3.125,1,3,251,0.0440196088527
additive,robust,0.8,0.25,2.5,3.125,1,4,177,0.0461401432434
additive,robust,0.8,0.25,2.5,3.125,1,5,125,0.0530992505148
additive,robust,0.8,0.25,2.5,3.125,1,6,89,0.059286142226
additive,robust,0.8,0.25,2.5,3.125,1,7,63,0.0693698265749
additive,robust,0.8,0.25,2.5,3.125,1,8,45,0.0828314545472
additive,robust,0.8,0.25,2.5,3.125,1,9,31,0.105551603449
additive,linear,0.8,0.25,2.5,3.125,2,1,501,0.0920773423993
additive,linear,0.8,0.25,2.5,3.125,2,2,355,0.0510551695776
additive,linear,0.8,0.25,2.5,3.125,2,3,251,0.0500749817185
additive,linear,0.8,0.25,2.5,3.125,2,4,177,0.0608005729455
additive,linear,0.8,0.25,2.5,3.125,2,5,125,0.087784433339
additive,linear,0.8,0.25,2.5,3.125,2,6,89,0.095806062144
additive,linear,0.8,0.25,2.5,3.125,2,7,63,0.101514199041
additive,linear,0.8,0.25,2.5,3.125,2,8,45,0.116217899229
additive,linear,0.8,0.25,2.5,3.125,2,9,31,0.156337899869
additive,robust,0.8,0.25,2.5,3.125,2,1,501,0.0752996050407
additive,robust,0.8,0.25,2.5,3.125,2,2,355,0.0316225223639
additive,robust,0.8,0.25,2.5,3.125,2,3,251,0.032481086214
additive,robust,0.8,0.25,2.5,3.125,2,4,177,0.0390497713476
additive,robust,0.8,0.25,2.5,3.125,2,5,125,0.0527917449426
additive,robust,0.8,0.25,2.5,3.125,2,6,89,0.062279210413
additive,robust,0.8,0.25,2.5,3.125,2,7,63,0.0657881916623
additive,robust,0.8,0.25,2.5,3.125,2,8,45,0.0704551649526
additive,robust,0.8,0.25,2.5,3.125,2,9,31,0.0985734011923
additive,linear,0.8,0.25,3,3.75,0,1,501,0.0841203069678
additive,linear,0.8,0.25,3,3.75,0,2,355,0.0648419703569
additive,linear,0.8,0.25,3,3.75,0,3,251,0.0691793398848
additive,linear,0.8,0.25,3,3.75,0,4,177,0.086496432026
additive,linear,0.8,0.25,3,3.75,0,5,125,0.102649682191
additive,linear,0.8,0.25,3,3.75,0,6,89,0.107655328468
additive,linear,0.8,0.25,3,3.75,0,7,63,0.118523830442
additive,linear,0.8,0.25,3,3.75,0,8,45,0.138663082324
additive,linear,0.8,0.25,3,3.75,0,9,31,0.180479409744
additive,robust,0.8,0.25,3,3.75,0,1,501,0.0327897124644
additive,robust,0.8,0.25,3,3.75,0,2,355,0.0323663578998
additive,robust,0.8,0.25,3,3.75,0,3,251,0.040518026096
additive,robust,0.8,0.25,3,3.75,0,4,177,0.0431753961888
additive,robust,0.8,0.25,3,3.75,0,5,125,0.0535058590936
additive,robust,0.8,0.25,3,3.75,0,6,89,0.0633041459545
additive,robust,0.8,0.25,3,3.75,0,7,63,0.0713865683294
additive,robust,0.8,0.25,3,3.75,0,8,45,0.0842141880446
additive,robust,0.8,0.25,3,3.75,0,9,31,0.113643677829
additive,linear,0.8,0.25,3,3.75,1,1,501,0.091312108674
additive,linear,0.8,0.25,3,3.75,1,2,355,0.0575139498079
additive,linear,0.8,0.25,3,3.75,1,3,251,0.0731358447715
additive,linear,0.8,0.25,3,3.75,1,4,177,0.0803971923516
additive,linear,0.8,0.25,3,3.75,1,5,125,0.0952658139284
additive,linear,0.8,0.25,3,3.75,1,6,89,0.112765608221
additive,linear,0.8,0.25,3,3.75,1,7,63,0.137733524121
additive,linear,0.8,0.25,3,3.75,1,8,45,0.151072064206
additive,linear,0.8,0.25,3,3.75,1,9,31,0.194322754996
additive,robust,0.8,0.25,3,3.75,1,1,501,0.0369081589312
additive,robust,0.8,0.25,3,3.75,1,2,355,0.0318681352051
additive,robust,0.8,0.25,3,3.75,1,3,251,0.0459177807582
additive,robust,0.8,0.25,3,3.75,1,4,177,0.0479866642321
additive,robust,0.8,0.25,3,3.75,1,5,125,0.055184667212
additive,robust,0.8,0.25,3,3.75,1,6,89,0.0619085402634
additive,robust,0.8,0.25,3,3.75,1,7,63,0.072488878325
additive,robust,0.8,0.25,3,3.75,1,8,45,0.0868075373217
additive,robust,0.8,0.25,3,3.75,1,9,31,0.112035263349
additive,linear,0.8,0.25,3,3.75,2,1,501,0.0988297250313
additive,linear,0.8,0.25,3,3.75,2,2,355,0.059580164264
additive,linear,0.8,0.25,3,3.75,2,3,251,0.0593089647932
additive,linear,0.8,0.25,3,3.75,2,4,177,0.0723425593766
additive,linear,0.8,0.25,3,3.75,2,5,125,0.104466251974
additive,linear,0.8,0.25,3,3.75,2,6,89,0.112242913486
additive,linear,0.8,0.25,3,3.75,2,7,63,0.117927894394
additive,linear,0.8,0.25,3,3.75,2,8,45,0.136998429169
additive,linear,0.8,0.25,3,3.75,2,9,31,0.184630801232
additive,robust,0.8,0.25,3,3.75,2,1,501,0.0777207957363
additive,robust,0.8,0.25,3,3.75,2,2,355,0.033853273676
additive,robust,0.8,0.25,3,3.75,2,3,251,0.0348354848976
additive,robust,0.8,0.25,3,3.75,2,4,177,0.0411216813078
additive,robust,0.8,0.25,3,3.75,2,5,125,0.0553735896624
additive,robust,0.8,0.25,3,3.75,2,6,89,0.0647097835678
additive,robust,0.8,0.25,3,3.75,2,7,63,0.0681448943842
additive,robust,0.8,0.25,3,3.75,2,8,45,0.0737452808517
additive,robust,0.8,0.25,3,3.75,2,9,31,0.104394085832
additive,linear,0.8,0.3,1,1.25,0,1,501,0.0461632599956
additive,linear,0.8,0.3,1,1.25,0,2,355,0.0308632201724
additive,linear,0.8,0.3,1,1.25,0,3,251,0.0364209567177
additive,linear,0.8,0.3,1,1.25,0,4,177,0.0402168534272
additive,linear,0.8,0.3,1,1.25,0,5,125,0.0511988997959
additive,linear,0.8,0.3,1,1.25,0,6,89,0.0599130444842
additive,linear,0.8,0.3,1,1.25,0,7,63,0.0637779054786
additive,linear,0.8,0.3,1,1.25,0,8,45,0.0710966241948
additive,linear,0.8,0.3,1,1.25,0,9,31,0.088138753577
additive,robust,0.8,0.3,1,1.25,0,1,501,0.0348824883837
additive,robust,0.8,0.3,1,1.25,0,2,355,0.0260733447499
additive,robust,0.8,0.3,1,1.25,0,3,251,0.0340999581396
additive,robust,0.8,0.3,1,1.25,0,4,177,0.0351394146476
additive,robust,0.8,0.3,1,1.25,0,5,125,0.0432029199954
additive,robust,0.8,0.3,1,1.25,0,6,89,0.0529435626713
additive,robust,0.8,0.3,1,1.25,0,7,63,0.0582380748776
additive,robust,0.8,0.3,1,1.25,0,8,45,0.0659387346089
additive,robust,0.8,0.3,1,1.25,0,9,31,0.0816147138752
additive,linear,0.8,0.3,1,1.25,1,1,501,0.0311617623856
additive,linear,0.8,0.3,1,1.25,1,2,355,0.0344341816052
additive,linear,0.8,0.3,1,1.25,1,3,251,0.0427801243089
additive,linear,0.8,0.3,1,1.25,1,4,177,0.0446594474793
additive,linear,0.8,0.3,1,1.25,1,5,125,0.0499502354384
additive,linear,0.8,0.3,1,1.25,1,6,89,0.0535727844126
additive,linear,0.8,0.3,1,1.25,1,7,63,0.0604120348285
additive,linear,0.8,0.3,1,1.25,1,8,45,0.0693550913849
additive,linear,0.8,0.3,1,1.25,1,9,31,0.0874593585823
additive,robust,0.8,0.3,1,1.25,1,1,501,0.0285550623587
additive,robust,0.8,0.3,1,1.25,1,2,355,0.0276457227005
additive,robust,0.8,0.3,1,1.25,1,3,251,0.0371293643244
additive,robust,0.8,0.3,1,1.25,1,4,177,0.0384862599767
additive,robust,0.8,0.3,1,1.25,1,5,125,0.0440474529719
additive,robust,0.8,0.3,1,1.25,1,6,89,0.0485863961678
additive,robust,0.8,0.3,1,1.25,1,7,63,0.0550212913826
additive,robust,0.8,0.3,1,1.25,1,8,45,0.063950528962
additive,robust,0.8,0.3,1,1.25,1,9,31,0.0792785092288
additive,linear,0.8,0.3,1,1.25,2,1,501,0.0966181356411
additive,linear,0.8,0.3,1,1.25,2,2,355,0.0270570839455
additive,linear,0.8,0.3,1,1.25,2,3,251,0.027289735722
additive,linear,0.8,0.3,1,1.25,2,4,177,0.0309749250135
additive,linear,0.8,0.3,1,1.25,2,5,125,0.0420981353207
additive,linear,0.8,0.3,1,1.25,2,6,89,0.056605281045
additive,linear,0.8,0.3,1,1.25,2,7,63,0.0645919301984
additive,linear,0.8,0.3,1,1.25,2,8,45,0.0681072130518
additive,linear,0.8,0.3,1,1.25,2,9,31,0.0855642820377
additive,robust,0.8,0.3,1,1.25,2,1,501,0.0845218000077
additive,robust,0.8,0.3,1,1.25,2,2,355,0.0255647648554
additive,robust,0.8,0.3,1,1.25,2,3,251,0.0259321449365
additive,robust,0.8,0.3,1,1.25,2,4,177,0.0297840431278
additive,robust,0.8,0.3,1,1.25,2,5,125,0.0393306221766
additive,robust,0.8,0.3,1,1.25,2,6,89,0.0530556446341
additive,robust,0.8,0.3,1,1.25,2,7,63,0.0597139846213
additive,robust,0.8,0.3,1,1.25,2,8,45,0.0631047377281
additive,robust,0.8,0.3,1,1.25,2,9,31,0.0786575272995
additive,linear,0.8,0.3,1.5,1.875,0,1,501,0.0564619864293
additive,linear,0.8,0.3,1.5,1.875,0,2,355,0.0381470281046
additive,linear,0.8,0.3,1.5,1.875,0,3,251,0.0463042104998
additive,linear,0.8,0.3,1.5,1.875,0,4,177,0.0532752883693
additive,linear,0.8,0.3,1.5,1.875,0,5,125,0.0646372839037
additive,linear,0.8,0.3,1.5,1.875,0,6,89,0.0731082073921
additive,linear,0.8,0.3,1.5,1.875,0,7,63,0.0796399579292
additive,linear,0.8,0.3,1.5,1.875,0,8,45,0.089661959624
additive,linear,0.8,0.3,1.5,1.875,0,9,31,0.110715422031
additive,robust,0.8,0.3,1.5,1.875,0,1,501,0.0355219536051
additive,robust,0.8,0.3,1.5,1.875,0,2,355,0.0294888708597
additive,robust,0.8,0.3,1.5,1.875,0,3,251,0.0386599105641
additive,robust,0.8,0.3,1.5,1.875,0,4,177,0.0399924299001
additive,robust,0.8,0.3,1.5,1.875,0,5,125,0.0480243935876
additive,robust,0.8,0.3,1.5,1.875,0,6,89,0.0579240610453
additive,robust,0.8,0.3,1.5,1.875,0,7,63,0.065456701771
additive,robust,0.8,0.3,1.5,1.875,0,8,45,0.0749301333779
additive,robust,0.8,0.3,1.5,1.875,0,9,31,0.0934383034466
additive,linear,0.8,0.3,1.5,1.875,1,1,501,0.0370372411422
additive,linear,0.8,0.3,1.5,1.875,1,2,355,0.0421816524582
additive,linear,0.8,0.3,1.5,1.875,1,3,251,0.0540140153182
additive,linear,0.8,0.3,1.5,1.875,1,4,177,0.0574495108217
additive,linear,0.8,0.3,1.5,1.875,1,5,125,0.0652402502933
additive,linear,0.8,0.3,1.5,1.875,1,6,89,0.0706150727215
additive,linear,0.8,0.3,1.5,1.875,1,7,63,0.0799284857104
additive,linear,0.8,0.3,1.5,1.875,1,8,45,0.0889479916167
additive,linear,0.8,0.3,1.5,1.875,1,9,31,0.113711970285
additive,robust,0.8,0.3,1.5,1.875,1,1,501,0.0320405898829
additive,robust,0.8,0.3,1.5,1.875,1,2,355,0.0301875544911
additive,robust,0.8,0.3,1.5,1.875,1,3,251,0.0421996510688
additive,robust,0.8,0.3,1.5,1.875,1,4,177,0.0438012195691
additive,robust,0.8,0.3,1.5,1.875,1,5,125,0.0508736911938
additive,robust,0.8,0.3,1.5,1.875,1,6,89,0.0563070300505
additive,robust,0.8,0.3,1.5,1.875,1,7,63,0.0626694977615
additive,robust,0.8,0.3,1.5,1.875,1,8,45,0.0727498168643
additive,robust,0.8,0.3,1.5,1.875,1,9,31,0.0925190558309
additive,linear,0.8,0.3,1.5,1.875,2,1,501,0.115281786112
additive,linear,0.8,0.3,1.5,1.875,2,2,355,0.0364699271882
additive,linear,0.8,0.3,1.5,1.875,2,3,251,0.0358253514211
additive,linear,0.8,0.3,1.5,1.875,2,4,177,0.0392689391761
additive,linear,0.8,0.3,1.5,1.875,2,5,125,0.0560981304464
additive,linear,0.8,0.3,1.5,1.875,2,6,89,0.071591283682
additive,linear,0.8,0.3,1.5,1.875,2,7,63,0.0789412063246
additive,linear,0.8,0.3,1.5,1.875,2,8,45,0.0868980371626
additive,linear,0.8,0.3,1.5,1.875,2,9,31,0.112504333376
additive,robust,0.8,0.3,1.5,1.875,2,1,501,0.0902637038242
additive,robust,0.8,0.3,1.5,1.875,2,2,355,0.0306275766746
additive,robust,0.8,0.3,1.5,1.875,2,3,251,0.0303691040783
additive,robust,0.8,0.3,1.5,1.875,2,4,177,0.0339068293004
additive,robust,0.8,0.3,1.5,1.875,2,5,125,0.0457270343198
additive,robust,0.8,0.3,1.5,1.875,2,6,89,0.0599089459998
additive,robust,0.8,0.3,1.5,1.875,2,7,63,0.0653158035918
additive,robust,0.8,0.3,1.5,1.875,2,8,45,0.0709795183526
additive,robust,0.8,0.3,1.5,1.875,2,9,31,0.0913822848448
additive,linear,0.8,0.3,2,2.5,0,1,501,0.0690993497549
additive,linear,0.8,0.3,2,2.5,0,2,355,0.0462880774475
additive,linear,0.8,0.3,2,2.5,0,3,251,0.0570321068216
additive,linear,0.8,0.3,2,2.5,0,4,177,0.0675074132131
additive,linear,0.8,0.3,2,2.5,0,5,125,0.0792779187817
additive,linear,0.8,0.3,2,2.5,0,6,89,0.0875210057642
additive,linear,0.8,0.3,2,2.5,0,7,63,0.0970230420782
additive,linear,0.8,0.3,2,2.5,0,8,45,0.109970358019
additive,linear,0.8,0.3,2,2.5,0,9,31,0.135731176042
additive,robust,0.8,0.3,2,2.5,0,1,501,0.0366401021798
additive,robust,0.8,0.3,2,2.5,0,2,355,0.0327008661769
additive,robust,0.8,0.3,2,2.5,0,3,251,0.0421522636587
additive,robust,0.8,0.3,2,2.5,0,4,177,0.0436560769867
additive,robust,0.8,0.3,2,2.5,0,5,125,0.0517570543601
additive,robust,0.8,0.3,2,2.5,0,6,89,0.0619293944763
additive,robust,0.8,0.3,2,2.5,0,7,63,0.0713442790428
additive,robust,0.8,0.3,2,2.5,0,8,45,0.0824384732164
additive,robust,0.8,0.3,2,2.5,0,9,31,0.104014483822
additive,linear,0.8,0.3,2,2.5,1,1,501,0.0445280987348
additive,linear,0.8,0.3,2,2.5,1,2,355,0.0504650453981
additive,linear,0.8,0.3,2,2.5,1,3,251,0.0658600195364
additive,linear,0.8,0.3,2,2.5,1,4,177,0.0711584257044
additive,linear,0.8,0.3,2,2.5,1,5,125,0.0815398916272
additive,linear,0.8,0.3,2,2.5,1,6,89,0.0890715578747
additive,linear,0.8,0.3,2,2.5,1,7,63,0.101715289508
additive,linear,0.8,0.3,2,2.5,1,8,45,0.110910101541
additive,linear,0.8,0.3,2,2.5,1,9,31,0.142413609708
additive,robust,0.8,0.3,2,2.5,1,1,501,0.0355274392693
additive,robust,0.8,0.3,2,2.5,1,2,355,0.0327606839863
additive,robust,0.8,0.3,2,2.5,1,3,251,0.0461487673799
additive,robust,0.8,0.3,2,2.5,1,4,177,0.047858872717
additive,robust,0.8,0.3,2,2.5,1,5,125,0.0561119858937
additive,robust,0.8,0.3,2,2.5,1,6,89,0.062322874778
additive,robust,0.8,0.3,2,2.5,1,7,63,0.0685747779473
additive,robust,0.8,0.3,2,2.5,1,8,45,0.0797362011705
additive,robust,0.8,0.3,2,2.5,1,9,31,0.103831231371
additive,linear,0.8,0.3,2,2.5,2,1,501,0.135266289535
additive,linear,0.8,0.3,2,2.5,2,2,355,0.0466684194407
additive,linear,0.8,0.3,2,2.5,2,3,251,0.0454544460116
additive,linear,0.8,0.3,2,2.5,2,4,177,0.0487827461847
additive,linear,0.8,0.3,2,2.5,2,5,125,0.0712104105555
additive,linear,0.8,0.3,2,2.5,2,6,89,0.0880186753412
additive,linear,0.8,0.3,2,2.5,2,7,63,0.0950134932092
additive,linear,0.8,0.3,2,2.5,2,8,45,0.108049728584
additive,linear,0.8,0.3,2,2.5,2,9,31,0.142201055183
additive,robust,0.8,0.3,2,2.5,2,1,501,0.0949408078385
additive,robust,0.8,0.3,2,2.5,2,2,355,0.0350573440477
additive,robust,0.8,0.3,2,2.5,2,3,251,0.0342340288185
additive,robust,0.8,0.3,2,2.5,2,4,177,0.0373016135372
additive,robust,0.8,0.3,2,2.5,2,5,125,0.0504091835516
additive,robust,0.8,0.3,2,2.5,2,6,89,0.0650367504324
additive,robust,0.8,0.3,2,2.5,2,7,63,0.0698321621922
additive,robust,0.8,0.3,2,2.5,2,8,45,0.0775670295078
additive,robust,0.8,0.3,2,2.5,2,9,31,0.102172662201
additive,linear,0.8,0.3,2.5,3.125,0,1,501,0.0830140906622
additive,linear,0.8,0.3,2.5,3.125,0,2,355,0.0549063697684
additive,linear,0.8,0.3,2.5,3.125,0,3,251,0.0682072575592
additive,linear,0.8,0.3,2.5,3.125,0,4,177,0.0823066143349
additive,linear,0.8,0.3,2.5,3.125,0,5,125,0.0945640372871
additive,linear,0.8,0.3,2.5,3.125,0,6,89,0.10263976951
additive,linear,0.8,0.3,2.5,3.125,0,7,63,0.115240898177
additive,linear,0.8,0.3,2.5,3.125,0,8,45,0.131214968236
additive,linear,0.8,0.3,2.5,3.125,0,9,31,0.162060427942
additive,robust,0.8,0.3,2.5,3.125,0,1,501,0.0375773646263
additive,robust,0.8,0.3,2.5,3.125,0,2,355,0.0352855490117
additive,robust,0.8,0.3,2.5,3.125,0,3,251,0.0446396597693
additive,robust,0.8,0.3,2.5,3.125,0,4,177,0.0462003073118
additive,robust,0.8,0.3,2.5,3.125,0,5,125,0.0543443299087
additive,robust,0.8,0.3,2.5,3.125,0,6,89,0.0650265296298
additive,robust,0.8,0.3,2.5,3.125,0,7,63,0.0760676317869
additive,robust,0.8,0.3,2.5,3.125,0,8,45,0.0886775545009
additive,robust,0.8,0.3,2.5,3.125,0,9,31,0.11318431094
additive,linear,0.8,0.3,2.5,3.125,1,1,501,0.0529531724405
additive,linear,0.8,0.3,2.5,3.125,1,2,355,0.059059291154
additive,linear,0.8,0.3,2.5,3.125,1,3,251,0.0780398872598
additive,linear,0.8,0.3,2.5,3.125,1,4,177,0.0853445488264
additive,linear,0.8,0.3,2.5,3.125,1,5,125,0.0983484469885
additive,linear,0.8,0.3,2.5,3.125,1,6,89,0.108221093184
additive,linear,0.8,0.3,2.5,3.125,1,7,63,0.124587021104
additive,linear,0.8,0.3,2.5,3.125,1,8,45,0.134082231986
additive,linear,0.8,0.3,2.5,3.125,1,9,31,0.172345036296
additive,robust,0.8,0.3,2.5,3.125,1,1,501,0.0386815875248
additive,robust,0.8,0.3,2.5,3.125,1,2,355,0.0351749809252
additive,robust,0.8,0.3,2.5,3.125,1,3,251,0.0491760633826
additive,robust,0.8,0.3,2.5,3.125,1,4,177,0.0508250785608
additive,robust,0.8,0.3,2.5,3.125,1,5,125,0.0600844373776
additive,robust,0.8,0.3,2.5,3.125,1,6,89,0.0670496820517
additive,robust,0.8,0.3,2.5,3.125,1,7,63,0.073180021768
additive,robust,0.8,0.3,2.5,3.125,1,8,45,0.0851636977434
additive,robust,0.8,0.3,2.5,3.125,1,9,31,0.112876154753
additive,linear,0.8,0.3,2.5,3.125,2,1,501,0.156065052978
additive,linear,0.8,0.3,2.5,3.125,2,2,355,0.0572341082185
additive,linear,0.8,0.3,2.5,3.125,2,3,251,0.0556118894581
additive,linear,0.8,0.3,2.5,3.125,2,4,177,0.0589284838047
additive,linear,0.8,0.3,2.5,3.125,2,5,125,0.0868563180958
additive,linear,0.8,0.3,2.5,3.125,2,6,89,0.105214465597
additive,linear,0.8,0.3,2.5,3.125,2,7,63,0.112069919935
additive,linear,0.8,0.3,2.5,3.125,2,8,45,0.130418623758
additive,linear,0.8,0.3,2.5,3.125,2,9,31,0.173242580103
additive,robust,0.8,0.3,2.5,3.125,2,1,501,0.0992653809813
additive,robust,0.8,0.3,2.5,3.125,2,2,355,0.0388724759535
additive,robust,0.8,0.3,2.5,3.125,2,3,251,0.037759965476
additive,robust,0.8,0.3,2.5,3.125,2,4,177,0.0401902156427
additive,robust,0.8,0.3,2.5,3.125,2,5,125,0.0538737392362
additive,robust,0.8,0.3,2.5,3.125,2,6,89,0.0689205168526
additive,robust,0.8,0.3,2.5,3.125,2,7,63,0.0736295179511
additive,robust,0.8,0.3,2.5,3.125,2,8,45,0.0831994616799
additive,robust,0.8,0.3,2.5,3.125,2,9,31,0.111323023683
additive,linear,0.8,0.3,3,3.75,0,1,501,0.0976617286724
additive,linear,0.8,0.3,3,3.75,0,2,355,0.0638088217669
additive,linear,0.8,0.3,3,3.75,0,3,251,0.0796416112074
additive,linear,0.8,0.3,3,3.75,0,4,177,0.0974147839111
additive,linear,0.8,0.3,3,3.75,0,5,125,0.110227422611
additive,linear,0.8,0.3,3,3.75,0,6,89,0.118193897868
additive,linear,0.8,0.3,3,3.75,0,7,63,0.133953367463
additive,linear,0.8,0.3,3,3.75,0,8,45,0.153006312756
additive,linear,0.8,0.3,3,3.75,0,9,31,0.189155478749
additive,robust,0.8,0.3,3,3.75,0,1,501,0.0384194455166
additive,robust,0.8,0.3,3,3.75,0,2,355,0.0372403426354
additive,robust,0.8,0.3,3,3.75,0,3,251,0.0463252693304
additive,robust,0.8,0.3,3,3.75,0,4,177,0.0479009841523
additive,robust,0.8,0.3,3,3.75,0,5,125,0.0560672341222
additive,robust,0.8,0.3,3,3.75,0,6,89,0.0674275260607
additive,robust,0.8,0.3,3,3.75,0,7,63,0.0798710554429
additive,robust,0.8,0.3,3,3.75,0,8,45,0.0938245676171
additive,robust,0.8,0.3,3,3.75,0,9,31,0.120922156356
additive,linear,0.8,0.3,3,3.75,1,1,501,0.0619323656513
additive,linear,0.8,0.3,3,3.75,1,2,355,0.0678463631881
additive,linear,0.8,0.3,3,3.75,1,3,251,0.090418799712
additive,linear,0.8,0.3,3,3.75,1,4,177,0.0998045975425
additive,linear,0.8,0.3,3,3.75,1,5,125,0.115443837227
additive,linear,0.8,0.3,3,3.75,1,6,89,0.127752402164
additive,linear,0.8,0.3,3,3.75,1,7,63,0.148041683155
additive,linear,0.8,0.3,3,3.75,1,8,45,0.157932669655
additive,linear,0.8,0.3,3,3.75,1,9,31,0.202962898341
additive,robust,0.8,0.3,3,3.75,1,1,501,0.0414975247455
additive,robust,0.8,0.3,3,3.75,1,2,355,0.0373064051221
additive,robust,0.8,0.3,3,3.75,1,3,251,0.0515355592075
additive,robust,0.8,0.3,3,3.75,1,4,177,0.052967865777
additive,robust,0.8,0.3,3,3.75,1,5,125,0.0630593496087
additive,robust,0.8,0.3,3,3.75,1,6,89,0.0708075376683
additive,robust,0.8,0.3,3,3.75,1,7,63,0.0768816680212
additive,robust,0.8,0.3,3,3.75,1,8,45,0.0895126491312
additive,robust,0.8,0.3,3,3.75,1,9,31,0.120295372698
additive,linear,0.8,0.3,3,3.75,2,1,501,0.177391897331
additive,linear,0.8,0.3,3,3.75,2,2,355,0.0679960359178
additive,linear,0.8,0.3,3,3.75,2,3,251,0.0660543909599
additive,linear,0.8,0.3,3,3.75,2,4,177,0.0694296710248
additive,linear,0.8,0.3,3,3.75,2,5,125,0.102792472996
additive,linear,0.8,0.3,3,3.75,2,6,89,0.122856426717
additive,linear,0.8,0.3,3,3.75,2,7,63,0.129722870934
additive,linear,0.8,0.3,3,3.75,2,8,45,0.153473416559
additive,linear,0.8,0.3,3,3.75,2,9,31,0.20501897333
additive,robust,0.8,0.3,3,3.75,2,1,501,0.103098698744
additive,robust,0.8,0.3,3,3.75,2,2,355,0.0421682520945
additive,robust,0.8,0.3,3,3.75,2,3,251,0.0410143366922
additive,robust,0.8,0.3,3,3.75,2,4,177,0.0427207499067
additive,robust,0.8,0.3,3,3.75,2,5,125,0.0564894585848
additive,robust,0.8,0.3,3,3.75,2,6,89,0.0718613509502
additive,robust,0.8,0.3,3,3.75,2,7,63,0.076817498958
additive,robust,0.8,0.3,3,3.75,2,8,45,0.0880394574246
additive,robust,0.8,0.3,3,3.75,2,9,31,0.118959842123
