model,method,sigma,contamination_probability,contamination_scale,scale_ratio,repeat,stage,window_size,rmse
masked,linear,0.4,0.1,1,2.5,0,1,501,0.0540152067354
masked,linear,0.4,0.1,1,2.5,0,2,355,0.0268006148087
masked,linear,0.4,0.1,1,2.5,0,3,251,0.0257356572368
masked,linear,0.4,0.1,1,2.5,0,4,177,0.025091281425
masked,linear,0.4,0.1,1,2.5,0,5,125,0.0291615264504
masked,linear,0.4,0.1,1,2.5,0,6,89,0.0335175260094
masked,linear,0.4,0.1,1,2.5,0,7,63,0.0381193290838
masked,linear,0.4,0.1,1,2.5,0,8,45,0.0454402260936
masked,linear,0.4,0.1,1,2.5,0,9,31,0.056290162018
masked,robust,0.4,0.1,1,2.5,0,1,501,0.0328909144576
masked,robust,0.4,0.1,1,2.5,0,2,355,0.0177008047179
masked,robust,0.4,0.1,1,2.5,0,3,251,0.0181169039223
masked,robust,0.4,0.1,1,2.5,0,4,177,0.0170268134716
masked,robust,0.4,0.1,1,2.5,0,5,125,0.0206987034483
masked,robust,0.4,0.1,1,2.5,0,6,89,0.0259674178116
masked,robust,0.4,0.1,1,2.5,0,7,63,0.0291558109146
masked,robust,0.4,0.1,1,2.5,0,8,45,0.0330444521763
masked,robust,0.4,0.1,1,2.5,0,9,31,0.041209014652
masked,linear,0.4,0.1,1,2.5,1,1,501,0.0333032919139
masked,linear,0.4,0.1,1,2.5,1,2,355,0.0190994045273
masked,linear,0.4,0.1,1,2.5,1,3,251,0.0194181616146
masked,linear,0.4,0.1,1,2.5,1,4,177,0.0233440805122
masked,linear,0.4,0.1,1,2.5,1,5,125,0.0277135268752
masked,linear,0.4,0.1,1,2.5,1,6,89,0.0276308377666
masked,linear,0.4,0.1,1,2.5,1,7,63,0.031396364047
masked,linear,0.4,0.1,1,2.5,1,8,45,0.0387869696782
masked,linear,0.4,0.1,1,2.5,1,9,31,0.0472011925257
masked,robust,0.4,0.1,1,2.5,1,1,501,0.0281217839002
masked,robust,0.4,0.1,1,2.5,1,2,355,0.0143014499087
masked,robust,0.4,0.1,1,2.5,1,3,251,0.014317682216
masked,robust,0.4,0.1,1,2.5,1,4,177,0.0176580612131
masked,robust,0.4,0.1,1,2.5,1,5,125,0.0212107182591
masked,robust,0.4,0.1,1,2.5,1,6,89,0.0222479080811
masked,robust,0.4,0.1,1,2.5,1,7,63,0.0262475936435
masked,robust,0.4,0.1,1,2.5,1,8,45,0.0322465989433
masked,robust,0.4,0.1,1,2.5,1,9,31,0.0387327638769
masked,linear,0.4,0.1,1,2.5,2,1,501,0.0203640166075
masked,linear,0.4,0.1,1,2.5,2,2,355,0.0138457281201
masked,linear,0.4,0.1,1,2.5,2,3,251,0.0170445892225
masked,linear,0.4,0.1,1,2.5,2,4,177,0.0184786844567
masked,linear,0.4,0.1,1,2.5,2,5,125,0.0210283797154
masked,linear,0.4,0.1,1,2.5,2,6,89,0.0263544855834
masked,linear,0.4,0.1,1,2.5,2,7,63,0.0296491268243
masked,linear,0.4,0.1,1,2.5,2,8,45,0.0298395155664
masked,linear,0.4,0.1,1,2.5,2,9,31,0.0410144622094
masked,robust,0.4,0.1,1,2.5,2,1,501,0.0164919431499
masked,robust,0.4,0.1,1,2.5,2,2,355,0.0121086805256
masked,robust,0.4,0.1,1,2.5,2,3,251,0.0133412832152
masked,robust,0.4,0.1,1,2.5,2,4,177,0.0141714346714
masked,robust,0.4,0.1,1,2.5,2,5,125,0.0162286064016
masked,robust,0.4,0.1,1,2.5,2,6,89,0.0222156824014
masked,robust,0.4,0.1,1,2.5,2,7,63,0.0256721762395
masked,robust,0.4,0.1,1,2.5,2,8,45,0.0254076451367
masked,robust,0.4,0.1,1,2.5,2,9,31,0.0332620771897
masked,linear,0.4,0.1,1.5,3.75,0,1,501,0.0620071877501
masked,linear,0.4,0.1,1.5,3.75,0,2,355,0.0336622380616
masked,linear,0.4,0.1,1.5,3.75,0,3,251,0.0337791676261
masked,linear,0.4,0.1,1.5,3.75,0,4,177,0.0322733812815
masked,linear,0.4,0.1,1.5,3.75,0,5,125,0.0365289667263
masked,linear,0.4,0.1,1.5,3.75,0,6,89,0.0413926157017
masked,linear,0.4,0.1,1.5,3.75,0,7,63,0.048763288101
masked,linear,0.4,0.1,1.5,3.75,0,8,45,0.0597608345736
masked,linear,0.4,0.1,1.5,3.75,0,9,31,0.0738763833124
masked,robust,0.4,0.1,1.5,3.75,0,1,501,0.0279612252001
masked,robust,0.4,0.1,1.5,3.75,0,2,355,0.0176501953054
masked,robust,0.4,0.1,1.5,3.75,0,3,251,0.0182264794541
masked,robust,0.4,0.1,1.5,3.75,0,4,177,0.017045131148
masked,robust,0.4,0.1,1.5,3.75,0,5,125,0.0217455895544
masked,robust,0.4,0.1,1.5,3.75,0,6,89,0.0275449529781
masked,robust,0.4,0.1,1.5,3.75,0,7,63,0.0307835730732
masked,robust,0.4,0.1,1.5,3.75,0,8,45,0.0346540982533
masked,robust,0.4,0.1,1.5,3.75,0,9,31,0.0429582062876
masked,linear,0.4,0.1,1.5,3.75,1,1,501,0.0384960658984
masked,linear,0.4,0.1,1.5,3.75,1,2,355,0.0250732115397
masked,linear,0.4,0.1,1.5,3.75,1,3,251,0.0243437219348
masked,linear,0.4,0.1,1.5,3.75,1,4,177,0.0293472769053
masked,linear,0.4,0.1,1.5,3.75,1,5,125,0.0370659960594
masked,linear,0.4,0.1,1.5,3.75,1,6,89,0.0375036905206
masked,linear,0.4,0.1,1.5,3.75,1,7,63,0.0412723571772
masked,linear,0.4,0.1,1.5,3.75,1,8,45,0.0500139359887
masked,linear,0.4,0.1,1.5,3.75,1,9,31,0.0615788069992
masked,robust,0.4,0.1,1.5,3.75,1,1,501,0.0281112588786
masked,robust,0.4,0.1,1.5,3.75,1,2,355,0.0146770866497
masked,robust,0.4,0.1,1.5,3.75,1,3,251,0.014161244477
masked,robust,0.4,0.1,1.5,3.75,1,4,177,0.0177007272804
masked,robust,0.4,0.1,1.5,3.75,1,5,125,0.0221800527238
masked,robust,0.4,0.1,1.5,3.75,1,6,89,0.0238612703892
masked,robust,0.4,0.1,1.5,3.75,1,7,63,0.0278484431476
masked,robust,0.4,0.1,1.5,3.75,1,8,45,0.0340697358777
masked,robust,0.4,0.1,1.5,3.75,1,9,31,0.0416502105037
masked,linear,0.4,0.1,1.5,3.75,2,1,501,0.0261203178761
masked,linear,0.4,0.1,1.5,3.75,2,2,355,0.0184121323303
masked,linear,0.4,0.1,1.5,3.75,2,3,251,0.0230913564381
masked,linear,0.4,0.1,1.5,3.75,2,4,177,0.0247382241745
masked,linear,0.4,0.1,1.5,3.75,2,5,125,0.0274093489052
masked,linear,0.4,0.1,1.5,3.75,2,6,89,0.0318986438739
masked,linear,0.4,0.1,1.5,3.75,2,7,63,0.0351393234817
masked,linear,0.4,0.1,1.5,3.75,2,8,45,0.0373703142841
masked,linear,0.4,0.1,1.5,3.75,2,9,31,0.0537138436928
masked,robust,0.4,0.1,1.5,3.75,2,1,501,0.0192859120934
masked,robust,0.4,0.1,1.5,3.75,2,2,355,0.0128204216609
masked,robust,0.4,0.1,1.5,3.75,2,3,251,0.014300340537
masked,robust,0.4,0.1,1.5,3.75,2,4,177,0.0149393129294
masked,robust,0.4,0.1,1.5,3.75,2,5,125,0.0167522304523
masked,robust,0.4,0.1,1.5,3.75,2,6,89,0.0226088917628
masked,robust,0.4,0.1,1.5,3.75,2,7,63,0.0260047543271
masked,robust,0.4,0.1,1.5,3.75,2,8,45,0.0262885859524
masked,robust,0.4,0.1,1.5,3.75,2,9,31,0.0356180897538
masked,linear,0.4,0.1,2,5,0,1,501,0.0712182571514
masked,linear,0.4,0.1,2,5,0,2,355,0.0412417285657
masked,linear,0.4,0.1,2,5,0,3,251,0.0423203923742
masked,linear,0.4,0.1,2,5,0,4,177,0.0400320938003
masked,linear,0.4,0.1,2,5,0,5,125,0.0443512258149
masked,linear,0.4,0.1,2,5,0,6,89,0.0497785673979
masked,linear,0.4,0.1,2,5,0,7,63,0.0601999733754
masked,linear,0.4,0.1,2,5,0,8,45,0.0750082900846
masked,linear,0.4,0.1,2,5,0,9,31,0.0927383026759
masked,robust,0.4,0.1,2,5,0,1,501,0.0247695554738
masked,robust,0.4,0.1,2,5,0,2,355,0.0177001906403
masked,robust,0.4,0.1,2,5,0,3,251,0.0181928418541
masked,robust,0.4,0.1,2,5,0,4,177,0.0169473233003
masked,robust,0.4,0.1,2,5,0,5,125,0.0223575449475
masked,robust,0.4,0.1,2,5,0,6,89,0.0285849743171
masked,robust,0.4,0.1,2,5,0,7,63,0.0319258198644
masked,robust,0.4,0.1,2,5,0,8,45,0.035827950388
masked,robust,0.4,0.1,2,5,0,9,31,0.0442386220216
masked,linear,0.4,0.1,2,5,1,1,501,0.0456500456616
masked,linear,0.4,0.1,2,5,1,2,355,0.0325979062061
masked,linear,0.4,0.1,2,5,1,3,251,0.0301060594321
masked,linear,0.4,0.1,2,5,1,4,177,0.0360655775031
masked,linear,0.4,0.1,2,5,1,5,125,0.0471624087217
masked,linear,0.4,0.1,2,5,1,6,89,0.04815935429
masked,linear,0.4,0.1,2,5,1,7,63,0.0522238902549
masked,linear,0.4,0.1,2,5,1,8,45,0.0624637387261
masked,linear,0.4,0.1,2,5,1,9,31,0.0774239798605
masked,robust,0.4,0.1,2,5,1,1,501,0.0282181301124
masked,robust,0.4,0.1,2,5,1,2,355,0.0150987834718
masked,robust,0.4,0.1,2,5,1,3,251,0.013978740125
masked,robust,0.4,0.1,2,5,1,4,177,0.0175394543309
masked,robust,0.4,0.1,2,5,1,5,125,0.0226147858939
masked,robust,0.4,0.1,2,5,1,6,89,0.0247958456244
masked,robust,0.4,0.1,2,5,1,7,63,0.0288467631126
masked,robust,0.4,0.1,2,5,1,8,45,0.0349912974993
masked,robust,0.4,0.1,2,5,1,9,31,0.043276174821
masked,linear,0.4,0.1,2,5,2,1,501,0.0334782127326
masked,linear,0.4,0.1,2,5,2,2,355,0.0236520844677
masked,linear,0.4,0.1,2,5,2,3,251,0.029546750433
masked,linear,0.4,0.1,2,5,2,4,177,0.0315098567847
masked,linear,0.4,0.1,2,5,2,5,125,0.034531285169
masked,linear,0.4,0.1,2,5,2,6,89,0.0384820272589
masked,linear,0.4,0.1,2,5,2,7,63,0.0419274889453
masked,linear,0.4,0.1,2,5,2,8,45,0.0464673632855
masked,linear,0.4,0.1,2,5,2,9,31,0.0678905338759
masked,robust,0.4,0.1,2,5,2,1,501,0.0214684283315
masked,robust,0.4,0.1,2,5,2,2,355,0.0132071120267
masked,robust,0.4,0.1,2,5,2,3,251,0.0147651262461
masked,robust,0.4,0.1,2,5,2,4,177,0.0152898278475
masked,robust,0.4,0.1,2,5,2,5,125,0.0169395464343
masked,robust,0.4,0.1,2,5,2,6,89,0.022739442053
masked,robust,0.4,0.1,2,5,2,7,63,0.0261670497891
masked,robust,0.4,0.1,2,5,2,8,45,0.0269965288814
masked,robust,0.4,0.1,2,5,2,9,31,0.0373729608147
masked,linear,0.4,0.1,2.5,6.25,0,1,501,0.0812347771321
masked,linear,0.4,0.1,2.5,6.25,0,2,355,0.0492084816414
masked,linear,0.4,0.1,2.5,6.25,0,3,251,0.0511104137041
masked,linear,0.4,0.1,2.5,6.25,0,4,177,0.0480891316996
masked,linear,0.4,0.1,2.5,6.25,0,5,125,0.0524251093321
masked,linear,0.4,0.1,2.5,6.25,0,6,89,0.0584559317989
masked,linear,0.4,0.1,2.5,6.25,0,7,63,0.072052889142
masked,linear,0.4,0.1,2.5,6.25,0,8,45,0.0907164419765
masked,linear,0.4,0.1,2.5,6.25,0,9,31,0.112234578699
masked,robust,0.4,0.1,2.5,6.25,0,1,501,0.0229289502347
masked,robust,0.4,0.1,2.5,6.25,0,2,355,0.0178621223165
masked,robust,0.4,0.1,2.5,6.25,0,3,251,0.0182128695698
masked,robust,0.4,0.1,2.5,6.25,0,4,177,0.0168793455433
masked,robust,0.4,0.1,2.5,6.25,0,5,125,0.0227466019
masked,robust,0.4,0.1,2.5,6.25,0,6,89,0.0292649454284
masked,robust,0.4,0.1,2.5,6.25,0,7,63,0.0326646892173
masked,robust,0.4,0.1,2.5,6.25,0,8,45,0.0366904175064
masked,robust,0.4,0.1,2.5,6.25,0,9,31,0.0452794813427
masked,linear,0.4,0.1,2.5,6.25,1,1,501,0.0539911843735
masked,linear,0.4,0.1,2.5,6.25,1,2,355,0.0408247462897
masked,linear,0.4,0.1,2.5,6.25,1,3,251,0.036308938998
masked,linear,0.4,0.1,2.5,6.25,1,4,177,0.0431663729262
masked,linear,0.4,0.1,2.5,6.25,1,5,125,0.0576129652903
masked,linear,0.4,0.1,2.5,6.25,1,6,89,0.0591764565056
masked,linear,0.4,0.1,2.5,6.25,1,7,63,0.0636986139137
masked,linear,0.4,0.1,2.5,6.25,1,8,45,0.0755341221204
masked,linear,0.4,0.1,2.5,6.25,1,9,31,0.0939974581243
masked,robust,0.4,0.1,2.5,6.25,1,1,501,0.0282825177911
masked,robust,0.4,0.1,2.5,6.25,1,2,355,0.0154171594359
masked,robust,0.4,0.1,2.5,6.25,1,3,251,0.0138747087931
masked,robust,0.4,0.1,2.5,6.25,1,4,177,0.0174056219343
masked,robust,0.4,0.1,2.5,6.25,1,5,125,0.0228368605503
masked,robust,0.4,0.1,2.5,6.25,1,6,89,0.0253816803181
masked,robust,0.4,0.1,2.5,6.25,1,7,63,0.0295200665677
masked,robust,0.4,0.1,2.5,6.25,1,8,45,0.0354795019913
masked,robust,0.4,0.1,2.5,6.25,1,9,31,0.0441600093793
masked,linear,0.4,0.1,2.5,6.25,2,1,501,0.0415963019734
masked,linear,0.4,0.1,2.5,6.25,2,2,355,0.0292052672532
masked,linear,0.4,0.1,2.5,6.25,2,3,251,0.0361927779917
masked,linear,0.4,0.1,2.5,6.25,2,4,177,0.0385244830868
masked,linear,0.4,0.1,2.5,6.25,2,5,125,0.0420190968192
masked,linear,0.4,0.1,2.5,6.25,2,6,89,0.0456572856536
masked,linear,0.4,0.1,2.5,6.25,2,7,63,0.0494822952677
masked,linear,0.4,0.1,2.5,6.25,2,8,45,0.0563775050201
masked,linear,0.4,0.1,2.5,6.25,2,9,31,0.0827890624866
masked,robust,0.4,0.1,2.5,6.25,2,1,501,0.0232342816235
masked,robust,0.4,0.1,2.5,6.25,2,2,355,0.0134573631226
masked,robust,0.4,0.1,2.5,6.25,2,3,251,0.0150518382732
masked,robust,0.4,0.1,2.5,6.25,2,4,177,0.0154620897222
masked,robust,0.4,0.1,2.5,6.25,2,5,125,0.0169596187219
masked,robust,0.4,0.1,2.5,6.25,2,6,89,0.0227431246312
masked,robust,0.4,0.1,2.5,6.25,2,7,63,0.0262544027722
masked,robust,0.4,0.1,2.5,6.25,2,8,45,0.0275492328804
masked,robust,0.4,0.1,2.5,6.25,2,9,31,0.0386426507816
masked,linear,0.4,0.1,3,7.5,0,1,501,0.0917934525156
masked,linear,0.4,0.1,3,7.5,0,2,355,0.0574014785733
masked,linear,0.4,0.1,3,7.5,0,3,251,0.060040057465
masked,linear,0.4,0.1,3,7.5,0,4,177,0.0563165987974
masked,linear,0.4,0.1,3,7.5,0,5,125,0.0606502100714
masked,linear,0.4,0.1,3,7.5,0,6,89,0.0673121029644
masked,linear,0.4,0.1,3,7.5,0,7,63,0.0841463272186
masked,linear,0.4,0.1,3,7.5,0,8,45,0.106681981324
masked,linear,0.4,0.1,3,7.5,0,9,31,0.132084607842
masked,robust,0.4,0.1,3,7.5,0,1,501,0.0219361952561
masked,robust,0.4,0.1,3,7.5,0,2,355,0.0180840425794
masked,robust,0.4,0.1,3,7.5,0,3,251,0.0182874728951
masked,robust,0.4,0.1,3,7.5,0,4,177,0.0168534900402
masked,robust,0.4,0.1,3,7.5,0,5,125,0.0230328695737
masked,robust,0.4,0.1,3,7.5,0,6,89,0.0297474169422
masked,robust,0.4,0.1,3,7.5,0,7,63,0.0331390558825
masked,robust,0.4,0.1,3,7.5,0,8,45,0.0373399241411
masked,robust,0.4,0.1,3,7.5,0,9,31,0.0461442556337
masked,linear,0.4,0.1,3,7.5,1,1,501,0.0630500678278
masked,linear,0.4,0.1,3,7.5,1,2,355,0.0494042022372
masked,linear,0.4,0.1,3,7.5,1,3,251,0.042761074677
masked,linear,0.4,0.1,3,7.5,1,4,177,0.0504885360716
masked,linear,0.4,0.1,3,7.5,1,5,125,0.0682551901558
masked,linear,0.4,0.1,3,7.5,1,6,89,0.0703854786122
masked,linear,0.4,0.1,3,7.5,1,7,63,0.0754582240084
masked,linear,0.4,0.1,3,7.5,1,8,45,0.0889519456766
masked,linear,0.4,0.1,3,7.5,1,9,31,0.110973410782
masked,robust,0.4,0.1,3,7.5,1,1,501,0.0283428010183
masked,robust,0.4,0.1,3,7.5,1,2,355,0.0156477537827
masked,robust,0.4,0.1,3,7.5,1,3,251,0.0138337870422
masked,robust,0.4,0.1,3,7.5,1,4,177,0.0173276117198
masked,robust,0.4,0.1,3,7.5,1,5,125,0.0229787754935
masked,robust,0.4,0.1,3,7.5,1,6,89,0.0257970204213
masked,robust,0.4,0.1,3,7.5,1,7,63,0.0300167841828
masked,robust,0.4,0.1,3,7.5,1,8,45,0.0357892311813
masked,robust,0.4,0.1,3,7.5,1,9,31,0.0447001357081
masked,linear,0.4,0.1,3,7.5,2,1,501,0.0501064450568
masked,linear,0.4,0.1,3,7.5,2,2,355,0.0349225747037
masked,linear,0.4,0.1,3,7.5,2,3,251,0.0429410164641
masked,linear,0.4,0.1,3,7.5,2,4,177,0.045670273733
masked,linear,0.4,0.1,3,7.5,2,5,125,0.0497077150314
masked,linear,0.4,0.1,3,7.5,2,6,89,0.0531854060329
masked,linear,0.4,0.1,3,7.5,2,7,63,0.0575023625763
masked,linear,0.4,0.1,3,7.5,2,8,45,0.0667395089466
masked,linear,0.4,0.1,3,7.5,2,9,31,0.0980810370899
masked,robust,0.4,0.1,3,7.5,2,1,501,0.0247942672154
masked,robust,0.4,0.1,3,7.5,2,2,355,0.0137003442301
masked,robust,0.4,0.1,3,7.5,2,3,251,0.0153182585192
masked,robust,0.4,0.1,3,7.5,2,4,177,0.0156092310468
masked,robust,0.4,0.1,3,7.5,2,5,125,0.016955834786
masked,robust,0.4,0.1,3,7.5,2,6,89,0.0227414530761
masked,robust,0.4,0.1,3,7.5,2,7,63,0.0263566022862
masked,robust,0.4,0.1,3,7.5,2,8,45,0.0280436655623
masked,robust,0.4,0.1,3,7.5,2,9,31,0.0396542219926
masked,linear,0.4,0.15,1,2.5,0,1,501,0.0567107418864
masked,linear,0.4,0.15,1,2.5,0,2,355,0.0301567476659
masked,linear,0.4,0.15,1,2.5,0,3,251,0.0272032435293
masked,linear,0.4,0.15,1,2.5,0,4,177,0.0267542949123
masked,linear,0.4,0.15,1,2.5,0,5,125,0.0320957351301
masked,linear,0.4,0.15,1,2.5,0,6,89,0.0358467029228
masked,linear,0.4,0.15,1,2.5,0,7,63,0.0382859219759
masked,linear,0.4,0.15,1,2.5,0,8,45,0.044483288113
masked,linear,0.4,0.15,1,2.5,0,9,31,0.05681928558
masked,robust,0.4,0.15,1,2.5,0,1,501,0.0348982731069
masked,robust,0.4,0.15,1,2.5,0,2,355,0.0210962514737
masked,robust,0.4,0.15,1,2.5,0,3,251,0.0199523194774
masked,robust,0.4,0.15,1,2.5,0,4,177,0.0182191830073
masked,robust,0.4,0.15,1,2.5,0,5,125,0.0216367445154
masked,robust,0.4,0.15,1,2.5,0,6,89,0.0267227623836
masked,robust,0.4,0.15,1,2.5,0,7,63,0.0296699974912
masked,robust,0.4,0.15,1,2.5,0,8,45,0.0333610693253
masked,robust,0.4,0.15,1,2.5,0,9,31,0.0429045100242
masked,linear,0.4,0.15,1,2.5,1,1,501,0.0447554407292
masked,linear,0.4,0.15,1,2.5,1,2,355,0.0219965597392
masked,linear,0.4,0.15,1,2.5,1,3,251,0.0224787955368
masked,linear,0.4,0.15,1,2.5,1,4,177,0.0255919532335
masked,linear,0.4,0.15,1,2.5,1,5,125,0.0289490750546
masked,linear,0.4,0.15,1,2.5,1,6,89,0.0297518950458
masked,linear,0.4,0.15,1,2.5,1,7,63,0.0345208895648
masked,linear,0.4,0.15,1,2.5,1,8,45,0.0402959391353
masked,linear,0.4,0.15,1,2.5,1,9,31,0.0504503051499
masked,robust,0.4,0.15,1,2.5,1,1,501,0.0329441626564
masked,robust,0.4,0.15,1,2.5,1,2,355,0.0156859701536
masked,robust,0.4,0.15,1,2.5,1,3,251,0.0164302773601
masked,robust,0.4,0.15,1,2.5,1,4,177,0.0188744363263
masked,robust,0.4,0.15,1,2.5,1,5,125,0.0218356953621
masked,robust,0.4,0.15,1,2.5,1,6,89,0.023558347295
masked,robust,0.4,0.15,1,2.5,1,7,63,0.0280151574018
masked,robust,0.4,0.15,1,2.5,1,8,45,0.0332634364966
masked,robust,0.4,0.15,1,2.5,1,9,31,0.0408281826367
masked,linear,0.4,0.15,1,2.5,2,1,501,0.0274824288674
masked,linear,0.4,0.15,1,2.5,2,2,355,0.0181285550532
masked,linear,0.4,0.15,1,2.5,2,3,251,0.0228811359944
masked,linear,0.4,0.15,1,2.5,2,4,177,0.0244206002148
masked,linear,0.4,0.15,1,2.5,2,5,125,0.0248395650758
masked,linear,0.4,0.15,1,2.5,2,6,89,0.0292797736407
masked,linear,0.4,0.15,1,2.5,2,7,63,0.034988930178
masked,linear,0.4,0.15,1,2.5,2,8,45,0.0382492730833
masked,linear,0.4,0.15,1,2.5,2,9,31,0.0521245492109
masked,robust,0.4,0.15,1,2.5,2,1,501,0.0198526214338
masked,robust,0.4,0.15,1,2.5,2,2,355,0.0138292056723
masked,robust,0.4,0.15,1,2.5,2,3,251,0.0163485281202
masked,robust,0.4,0.15,1,2.5,2,4,177,0.0176278554829
masked,robust,0.4,0.15,1,2.5,2,5,125,0.0191641247766
masked,robust,0.4,0.15,1,2.5,2,6,89,0.0244817233334
masked,robust,0.4,0.15,1,2.5,2,7,63,0.0283374000469
masked,robust,0.4,0.15,1,2.5,2,8,45,0.028777025252
masked,robust,0.4,0.15,1,2.5,2,9,31,0.0387953095914
masked,linear,0.4,0.15,1.5,3.75,0,1,501,0.0639034380417
masked,linear,0.4,0.15,1.5,3.75,0,2,355,0.0371462679017
masked,linear,0.4,0.15,1.5,3.75,0,3,251,0.0350201361408
masked,linear,0.4,0.15,1.5,3.75,0,4,177,0.0340041833912
masked,linear,0.4,0.15,1.5,3.75,0,5,125,0.0406402373569
masked,linear,0.4,0.15,1.5,3.75,0,6,89,0.0446168205418
masked,linear,0.4,0.15,1.5,3.75,0,7,63,0.04844157113
masked,linear,0.4,0.15,1.5,3.75,0,8,45,0.0579961439546
masked,linear,0.4,0.15,1.5,3.75,0,9,31,0.0746019798583
masked,robust,0.4,0.15,1.5,3.75,0,1,501,0.0283983521904
masked,robust,0.4,0.15,1.5,3.75,0,2,355,0.0207463222277
masked,robust,0.4,0.15,1.5,3.75,0,3,251,0.02021865562
masked,robust,0.4,0.15,1.5,3.75,0,4,177,0.0180622365826
masked,robust,0.4,0.15,1.5,3.75,0,5,125,0.0221628606512
masked,robust,0.4,0.15,1.5,3.75,0,6,89,0.0274979822278
masked,robust,0.4,0.15,1.5,3.75,0,7,63,0.0305319366174
masked,robust,0.4,0.15,1.5,3.75,0,8,45,0.0349753036756
masked,robust,0.4,0.15,1.5,3.75,0,9,31,0.045799939641
masked,linear,0.4,0.15,1.5,3.75,1,1,501,0.0486866104643
masked,linear,0.4,0.15,1.5,3.75,1,2,355,0.0273018555153
masked,linear,0.4,0.15,1.5,3.75,1,3,251,0.0289227348341
masked,linear,0.4,0.15,1.5,3.75,1,4,177,0.0329527029559
masked,linear,0.4,0.15,1.5,3.75,1,5,125,0.0390493088993
masked,linear,0.4,0.15,1.5,3.75,1,6,89,0.0408216369928
masked,linear,0.4,0.15,1.5,3.75,1,7,63,0.0469643866483
masked,linear,0.4,0.15,1.5,3.75,1,8,45,0.0535309267564
masked,linear,0.4,0.15,1.5,3.75,1,9,31,0.0678412038132
masked,robust,0.4,0.15,1.5,3.75,1,1,501,0.0306870816117
masked,robust,0.4,0.15,1.5,3.75,1,2,355,0.0151511499396
masked,robust,0.4,0.15,1.5,3.75,1,3,251,0.0160996812997
masked,robust,0.4,0.15,1.5,3.75,1,4,177,0.01905913458
masked,robust,0.4,0.15,1.5,3.75,1,5,125,0.0231991059661
masked,robust,0.4,0.15,1.5,3.75,1,6,89,0.0258033916253
masked,robust,0.4,0.15,1.5,3.75,1,7,63,0.0308081335098
masked,robust,0.4,0.15,1.5,3.75,1,8,45,0.0363057299835
masked,robust,0.4,0.15,1.5,3.75,1,9,31,0.0450415056212
masked,linear,0.4,0.15,1.5,3.75,2,1,501,0.0314761535403
masked,linear,0.4,0.15,1.5,3.75,2,2,355,0.0227070323133
masked,linear,0.4,0.15,1.5,3.75,2,3,251,0.0305268292036
masked,linear,0.4,0.15,1.5,3.75,2,4,177,0.0327232100608
masked,linear,0.4,0.15,1.5,3.75,2,5,125,0.0328216188847
masked,linear,0.4,0.15,1.5,3.75,2,6,89,0.0364472339429
masked,linear,0.4,0.15,1.5,3.75,2,7,63,0.044062342508
masked,linear,0.4,0.15,1.5,3.75,2,8,45,0.0517957337125
masked,linear,0.4,0.15,1.5,3.75,2,9,31,0.0716395186068
masked,robust,0.4,0.15,1.5,3.75,2,1,501,0.0208285395212
masked,robust,0.4,0.15,1.5,3.75,2,2,355,0.0140487165502
masked,robust,0.4,0.15,1.5,3.75,2,3,251,0.0176338461189
masked,robust,0.4,0.15,1.5,3.75,2,4,177,0.0188574542039
masked,robust,0.4,0.15,1.5,3.75,2,5,125,0.0201791971709
masked,robust,0.4,0.15,1.5,3.75,2,6,89,0.0255256054648
masked,robust,0.4,0.15,1.5,3.75,2,7,63,0.02966740552
masked,robust,0.4,0.15,1.5,3.75,2,8,45,0.0310409926853
masked,robust,0.4,0.15,1.5,3.75,2,9,31,0.0428747119666
masked,linear,0.4,0.15,2,5,0,1,501,0.0732768006828
masked,linear,0.4,0.15,2,5,0,2,355,0.0450101567645
masked,linear,0.4,0.15,2,5,0,3,251,0.0433529497459
masked,linear,0.4,0.15,2,5,0,4,177,0.0419787797344
masked,linear,0.4,0.15,2,5,0,5,125,0.0497539854511
masked,linear,0.4,0.15,2,5,0,6,89,0.0539840684129
masked,linear,0.4,0.15,2,5,0,7,63,0.0594862176281
masked,linear,0.4,0.15,2,5,0,8,45,0.0725043486456
masked,linear,0.4,0.15,2,5,0,9,31,0.0936791911461
masked,robust,0.4,0.15,2,5,0,1,501,0.0245180782132
masked,robust,0.4,0.15,2,5,0,2,355,0.0205515209163
masked,robust,0.4,0.15,2,5,0,3,251,0.0202861601357
masked,robust,0.4,0.15,2,5,0,4,177,0.0179192223006
masked,robust,0.4,0.15,2,5,0,5,125,0.022424149573
masked,robust,0.4,0.15,2,5,0,6,89,0.0279216831021
masked,robust,0.4,0.15,2,5,0,7,63,0.0310288358091
masked,robust,0.4,0.15,2,5,0,8,45,0.0361902553004
masked,robust,0.4,0.15,2,5,0,9,31,0.0481370075929
masked,linear,0.4,0.15,2,5,1,1,501,0.0542768802862
masked,linear,0.4,0.15,2,5,1,2,355,0.0345646645365
masked,linear,0.4,0.15,2,5,1,3,251,0.0363367446024
masked,linear,0.4,0.15,2,5,1,4,177,0.0410913318178
masked,linear,0.4,0.15,2,5,1,5,125,0.0499014186238
masked,linear,0.4,0.15,2,5,1,6,89,0.0526719125402
masked,linear,0.4,0.15,2,5,1,7,63,0.0604669790114
masked,linear,0.4,0.15,2,5,1,8,45,0.0680157787988
masked,linear,0.4,0.15,2,5,1,9,31,0.0867148726422
masked,robust,0.4,0.15,2,5,1,1,501,0.0297189529263
masked,robust,0.4,0.15,2,5,1,2,355,0.0150865321082
masked,robust,0.4,0.15,2,5,1,3,251,0.0157464475602
masked,robust,0.4,0.15,2,5,1,4,177,0.0189589326022
masked,robust,0.4,0.15,2,5,1,5,125,0.0238538836135
masked,robust,0.4,0.15,2,5,1,6,89,0.0271210393299
masked,robust,0.4,0.15,2,5,1,7,63,0.0325501925766
masked,robust,0.4,0.15,2,5,1,8,45,0.0380186545696
masked,robust,0.4,0.15,2,5,1,9,31,0.0476717626013
masked,linear,0.4,0.15,2,5,2,1,501,0.0365516929808
masked,linear,0.4,0.15,2,5,2,2,355,0.0281588748798
masked,linear,0.4,0.15,2,5,2,3,251,0.0385686513504
masked,linear,0.4,0.15,2,5,2,4,177,0.041596707386
masked,linear,0.4,0.15,2,5,2,5,125,0.0417232303197
masked,linear,0.4,0.15,2,5,2,6,89,0.0448558450343
masked,linear,0.4,0.15,2,5,2,7,63,0.0545121200628
masked,linear,0.4,0.15,2,5,2,8,45,0.066737126698
masked,linear,0.4,0.15,2,5,2,9,31,0.0924949266777
masked,robust,0.4,0.15,2,5,2,1,501,0.0230962244062
masked,robust,0.4,0.15,2,5,2,2,355,0.014648029338
masked,robust,0.4,0.15,2,5,2,3,251,0.0187791777714
masked,robust,0.4,0.15,2,5,2,4,177,0.0197789747244
masked,robust,0.4,0.15,2,5,2,5,125,0.0207625985062
masked,robust,0.4,0.15,2,5,2,6,89,0.0261691947722
masked,robust,0.4,0.15,2,5,2,7,63,0.030641132741
masked,robust,0.4,0.15,2,5,2,8,45,0.0327151492155
masked,robust,0.4,0.15,2,5,2,9,31,0.0455688951988
masked,linear,0.4,0.15,2.5,6.25,0,1,501,0.0841048668008
masked,linear,0.4,0.15,2.5,6.25,0,2,355,0.0533632496069
masked,linear,0.4,0.15,2.5,6.25,0,3,251,0.0519540316776
masked,linear,0.4,0.15,2.5,6.25,0,4,177,0.05033480581
masked,linear,0.4,0.15,2.5,6.25,0,5,125,0.0591745447052
masked,linear,0.4,0.15,2.5,6.25,0,6,89,0.0636855007979
masked,linear,0.4,0.15,2.5,6.25,0,7,63,0.0710062296141
masked,linear,0.4,0.15,2.5,6.25,0,8,45,0.0875142645408
masked,linear,0.4,0.15,2.5,6.25,0,9,31,0.113399460223
masked,robust,0.4,0.15,2.5,6.25,0,1,501,0.0225736812641
masked,robust,0.4,0.15,2.5,6.25,0,2,355,0.020644049155
masked,robust,0.4,0.15,2.5,6.25,0,3,251,0.0204082841119
masked,robust,0.4,0.15,2.5,6.25,0,4,177,0.0179084967419
masked,robust,0.4,0.15,2.5,6.25,0,5,125,0.0226165982202
masked,robust,0.4,0.15,2.5,6.25,0,6,89,0.0282340324947
masked,robust,0.4,0.15,2.5,6.25,0,7,63,0.0313963972944
masked,robust,0.4,0.15,2.5,6.25,0,8,45,0.0371738661424
masked,robust,0.4,0.15,2.5,6.25,0,9,31,0.050093432405
masked,linear,0.4,0.15,2.5,6.25,1,1,501,0.061072338748
masked,linear,0.4,0.15,2.5,6.25,1,2,355,0.0427997990673
masked,linear,0.4,0.15,2.5,6.25,1,3,251,0.0442357265436
masked,linear,0.4,0.15,2.5,6.25,1,4,177,0.0496265939358
masked,linear,0.4,0.15,2.5,6.25,1,5,125,0.0611061217226
masked,linear,0.4,0.15,2.5,6.25,1,6,89,0.0648764073484
masked,linear,0.4,0.15,2.5,6.25,1,7,63,0.0744546682814
masked,linear,0.4,0.15,2.5,6.25,1,8,45,0.083099463593
masked,linear,0.4,0.15,2.5,6.25,1,9,31,0.106284306919
masked,robust,0.4,0.15,2.5,6.25,1,1,501,0.0291941158554
masked,robust,0.4,0.15,2.5,6.25,1,2,355,0.0151231478622
masked,robust,0.4,0.15,2.5,6.25,1,3,251,0.0155405780102
masked,robust,0.4,0.15,2.5,6.25,1,4,177,0.0188796107594
masked,robust,0.4,0.15,2.5,6.25,1,5,125,0.0242118565383
masked,robust,0.4,0.15,2.5,6.25,1,6,89,0.0279428978412
masked,robust,0.4,0.15,2.5,6.25,1,7,63,0.0336730978593
masked,robust,0.4,0.15,2.5,6.25,1,8,45,0.0389694924386
masked,robust,0.4,0.15,2.5,6.25,1,9,31,0.0492468290874
masked,linear,0.4,0.15,2.5,6.25,2,1,501,0.0423216014661
masked,linear,0.4,0.15,2.5,6.25,2,2,355,0.0340673342422
masked,linear,0.4,0.15,2.5,6.25,2,3,251,0.0468028533498
masked,linear,0.4,0.15,2.5,6.25,2,4,177,0.0507424721596
masked,linear,0.4,0.15,2.5,6.25,2,5,125,0.0510657599518
masked,linear,0.4,0.15,2.5,6.25,2,6,89,0.0539281286475
masked,linear,0.4,0.15,2.5,6.25,2,7,63,0.0656846165729
masked,linear,0.4,0.15,2.5,6.25,2,8,45,0.0823173434865
masked,linear,0.4,0.15,2.5,6.25,2,9,31,0.113957189923
masked,robust,0.4,0.15,2.5,6.25,2,1,501,0.0254576691331
masked,robust,0.4,0.15,2.5,6.25,2,2,355,0.0153426898829
masked,robust,0.4,0.15,2.5,6.25,2,3,251,0.0198164682788
masked,robust,0.4,0.15,2.5,6.25,2,4,177,0.0205883317799
masked,robust,0.4,0.15,2.5,6.25,2,5,125,0.0212025579837
masked,robust,0.4,0.15,2.5,6.25,2,6,89,0.0265847427391
masked,robust,0.4,0.15,2.5,6.25,2,7,63,0.0313386030939
masked,robust,0.4,0.15,2.5,6.25,2,8,45,0.0340199944728
masked,robust,0.4,0.15,2.5,6.25,2,9,31,0.0475742586514
masked,linear,0.4,0.15,3,7.5,0,1,501,0.095896124517
masked,linear,0.4,0.15,3,7.5,0,2,355,0.0620081592127
masked,linear,0.4,0.15,3,7.5,0,3,251,0.0607094671611
masked,linear,0.4,0.15,3,7.5,0,4,177,0.0589101746043
masked,linear,0.4,0.15,3,7.5,0,5,125,0.0687759544523
masked,linear,0.4,0.15,3,7.5,0,6,89,0.0735890670119
masked,linear,0.4,0.15,3,7.5,0,7,63,0.0828034388324
masked,linear,0.4,0.15,3,7.5,0,8,45,0.102806373783
masked,linear,0.4,0.15,3,7.5,0,9,31,0.13347807151
masked,robust,0.4,0.15,3,7.5,0,1,501,0.0216908993649
masked,robust,0.4,0.15,3,7.5,0,2,355,0.0209192306786
masked,robust,0.4,0.15,3,7.5,0,3,251,0.0205933367144
masked,robust,0.4,0.15,3,7.5,0,4,177,0.0179761579016
masked,robust,0.4,0.15,3,7.5,0,5,125,0.0227766207481
masked,robust,0.4,0.15,3,7.5,0,6,89,0.028507654963
masked,robust,0.4,0.15,3,7.5,0,7,63,0.0317046352281
masked,robust,0.4,0.15,3,7.5,0,8,45,0.0379857384404
masked,robust,0.4,0.15,3,7.5,0,9,31,0.0516750747842
masked,linear,0.4,0.15,3,7.5,1,1,501,0.0687163628124
masked,linear,0.4,0.15,3,7.5,1,2,355,0.051543298416
masked,linear,0.4,0.15,3,7.5,1,3,251,0.0524008213093
masked,linear,0.4,0.15,3,7.5,1,4,177,0.058384796458
masked,linear,0.4,0.15,3,7.5,1,5,125,0.0725001249616
masked,linear,0.4,0.15,3,7.5,1,6,89,0.0772674551551
masked,linear,0.4,0.15,3,7.5,1,7,63,0.0886982516604
masked,linear,0.4,0.15,3,7.5,1,8,45,0.0985072797863
masked,linear,0.4,0.15,3,7.5,1,9,31,0.126226317441
masked,robust,0.4,0.15,3,7.5,1,1,501,0.0288765093321
masked,robust,0.4,0.15,3,7.5,1,2,355,0.0151573538477
masked,robust,0.4,0.15,3,7.5,1,3,251,0.0154446380315
masked,robust,0.4,0.15,3,7.5,1,4,177,0.0188705713293
masked,robust,0.4,0.15,3,7.5,1,5,125,0.0244588445543
masked,robust,0.4,0.15,3,7.5,1,6,89,0.0285177707926
masked,robust,0.4,0.15,3,7.5,1,7,63,0.0344525913333
masked,robust,0.4,0.15,3,7.5,1,8,45,0.0395371051862
masked,robust,0.4,0.15,3,7.5,1,9,31,0.0502175068211
masked,linear,0.4,0.15,3,7.5,2,1,501,0.0485388845606
masked,linear,0.4,0.15,3,7.5,2,2,355,0.0402317337447
masked,linear,0.4,0.15,3,7.5,2,3,251,0.055143321856
masked,linear,0.4,0.15,3,7.5,2,4,177,0.0600362034378
masked,linear,0.4,0.15,3,7.5,2,5,125,0.0606457775912
masked,linear,0.4,0.15,3,7.5,2,6,89,0.0633797249846
masked,linear,0.4,0.15,3,7.5,2,7,63,0.0772669585857
masked,linear,0.4,0.15,3,7.5,2,8,45,0.0982328911675
masked,linear,0.4,0.15,3,7.5,2,9,31,0.135738755145
masked,robust,0.4,0.15,3,7.5,2,1,501,0.0276881441232
masked,robust,0.4,0.15,3,7.5,2,2,355,0.016006805744
masked,robust,0.4,0.15,3,7.5,2,3,251,0.020732157342
masked,robust,0.4,0.15,3,7.5,2,4,177,0.0213123187017
masked,robust,0.4,0.15,3,7.5,2,5,125,0.0215947843079
masked,robust,0.4,0.15,3,7.5,2,6,89,0.0269047236462
masked,robust,0.4,0.15,3,7.5,2,7,63,0.0318762232397
masked,robust,0.4,0.15,3,7.5,2,8,45,0.0351068406539
masked,robust,0.4,0.15,3,7.5,2,9,31,0.0492716677994
masked,linear,0.4,0.2,1,2.5,0,1,501,0.0709983737469
masked,linear,0.4,0.2,1,2.5,0,2,355,0.0342022069213
masked,linear,0.4,0.2,1,2.5,0,3,251,0.0292230943437
masked,linear,0.4,0.2,1,2.5,0,4,177,0.0308131403602
masked,linear,0.4,0.2,1,2.5,0,5,125,0.0373646472002
masked,linear,0.4,0.2,1,2.5,0,6,89,0.0416812808935
masked,linear,0.4,0.2,1,2.5,0,7,63,0.0438310785359
masked,linear,0.4,0.2,1,2.5,0,8,45,0.0473844181116
masked,linear,0.4,0.2,1,2.5,0,9,31,0.059013808605
masked,robust,0.4,0.2,1,2.5,0,1,501,0.0426354250359
masked,robust,0.4,0.2,1,2.5,0,2,355,0.0231478612868
masked,robust,0.4,0.2,1,2.5,0,3,251,0.0214912841723
masked,robust,0.4,0.2,1,2.5,0,4,177,0.0205581514033
masked,robust,0.4,0.2,1,2.5,0,5,125,0.0239234142227
masked,robust,0.4,0.2,1,2.5,0,6,89,0.0278833766601
masked,robust,0.4,0.2,1,2.5,0,7,63,0.0301867667007
masked,robust,0.4,0.2,1,2.5,0,8,45,0.0334786963736
masked,robust,0.4,0.2,1,2.5,0,9,31,0.0436856346073
masked,linear,0.4,0.2,1,2.5,1,1,501,0.0750191081341
masked,linear,0.4,0.2,1,2.5,1,2,355,0.0289506461475
masked,linear,0.4,0.2,1,2.5,1,3,251,0.0282827394693
masked,linear,0.4,0.2,1,2.5,1,4,177,0.0295661469437
masked,linear,0.4,0.2,1,2.5,1,5,125,0.0330089722628
masked,linear,0.4,0.2,1,2.5,1,6,89,0.0358379329149
masked,linear,0.4,0.2,1,2.5,1,7,63,0.0422958432213
masked,linear,0.4,0.2,1,2.5,1,8,45,0.0500486662606
masked,linear,0.4,0.2,1,2.5,1,9,31,0.0618904411985
masked,robust,0.4,0.2,1,2.5,1,1,501,0.0502545763251
masked,robust,0.4,0.2,1,2.5,1,2,355,0.0202152050684
masked,robust,0.4,0.2,1,2.5,1,3,251,0.0221426584846
masked,robust,0.4,0.2,1,2.5,1,4,177,0.0223151746899
masked,robust,0.4,0.2,1,2.5,1,5,125,0.0243883684145
masked,robust,0.4,0.2,1,2.5,1,6,89,0.0261771175341
masked,robust,0.4,0.2,1,2.5,1,7,63,0.0306499425567
masked,robust,0.4,0.2,1,2.5,1,8,45,0.0372636406342
masked,robust,0.4,0.2,1,2.5,1,9,31,0.0468680459344
masked,linear,0.4,0.2,1,2.5,2,1,501,0.0402709355979
masked,linear,0.4,0.2,1,2.5,2,2,355,0.0249996107884
masked,linear,0.4,0.2,1,2.5,2,3,251,0.0278030349976
masked,linear,0.4,0.2,1,2.5,2,4,177,0.0278591718813
masked,linear,0.4,0.2,1,2.5,2,5,125,0.0302877295342
masked,linear,0.4,0.2,1,2.5,2,6,89,0.0347640248953
masked,linear,0.4,0.2,1,2.5,2,7,63,0.0409749250687
masked,linear,0.4,0.2,1,2.5,2,8,45,0.0433365025499
masked,linear,0.4,0.2,1,2.5,2,9,31,0.0576295559448
masked,robust,0.4,0.2,1,2.5,2,1,501,0.0283467744548
masked,robust,0.4,0.2,1,2.5,2,2,355,0.0177238359043
masked,robust,0.4,0.2,1,2.5,2,3,251,0.0182687623716
masked,robust,0.4,0.2,1,2.5,2,4,177,0.0185775547933
masked,robust,0.4,0.2,1,2.5,2,5,125,0.0207755250037
masked,robust,0.4,0.2,1,2.5,2,6,89,0.0268829223889
masked,robust,0.4,0.2,1,2.5,2,7,63,0.0318824100141
masked,robust,0.4,0.2,1,2.5,2,8,45,0.0317358173544
masked,robust,0.4,0.2,1,2.5,2,9,31,0.042543617097
masked,linear,0.4,0.2,1.5,3.75,0,1,501,0.0799053450389
masked,linear,0.4,0.2,1.5,3.75,0,2,355,0.0429587398045
masked,linear,0.4,0.2,1.5,3.75,0,3,251,0.0371867742515
masked,linear,0.4,0.2,1.5,3.75,0,4,177,0.0387881246104
masked,linear,0.4,0.2,1.5,3.75,0,5,125,0.0481259403828
masked,linear,0.4,0.2,1.5,3.75,0,6,89,0.0538271965743
masked,linear,0.4,0.2,1.5,3.75,0,7,63,0.0572452781143
masked,linear,0.4,0.2,1.5,3.75,0,8,45,0.0634116560882
masked,linear,0.4,0.2,1.5,3.75,0,9,31,0.0799287547169
masked,robust,0.4,0.2,1.5,3.75,0,1,501,0.0358804691021
masked,robust,0.4,0.2,1.5,3.75,0,2,355,0.0232935481827
masked,robust,0.4,0.2,1.5,3.75,0,3,251,0.0218317639708
masked,robust,0.4,0.2,1.5,3.75,0,4,177,0.0201556167778
masked,robust,0.4,0.2,1.5,3.75,0,5,125,0.0244595682039
masked,robust,0.4,0.2,1.5,3.75,0,6,89,0.0286288294257
masked,robust,0.4,0.2,1.5,3.75,0,7,63,0.0309610731181
masked,robust,0.4,0.2,1.5,3.75,0,8,45,0.0355931558703
masked,robust,0.4,0.2,1.5,3.75,0,9,31,0.0477642057535
masked,linear,0.4,0.2,1.5,3.75,1,1,501,0.0854227593457
masked,linear,0.4,0.2,1.5,3.75,1,2,355,0.0347977266142
masked,linear,0.4,0.2,1.5,3.75,1,3,251,0.0365169233531
masked,linear,0.4,0.2,1.5,3.75,1,4,177,0.0387650780562
masked,linear,0.4,0.2,1.5,3.75,1,5,125,0.044979710655
masked,linear,0.4,0.2,1.5,3.75,1,6,89,0.0503571775148
masked,linear,0.4,0.2,1.5,3.75,1,7,63,0.0599470103886
masked,linear,0.4,0.2,1.5,3.75,1,8,45,0.0693046202776
masked,linear,0.4,0.2,1.5,3.75,1,9,31,0.0855147900479
masked,robust,0.4,0.2,1.5,3.75,1,1,501,0.0464021412527
masked,robust,0.4,0.2,1.5,3.75,1,2,355,0.0197969613922
masked,robust,0.4,0.2,1.5,3.75,1,3,251,0.0231990716603
masked,robust,0.4,0.2,1.5,3.75,1,4,177,0.0236250130366
masked,robust,0.4,0.2,1.5,3.75,1,5,125,0.0264159015003
masked,robust,0.4,0.2,1.5,3.75,1,6,89,0.0290100125706
masked,robust,0.4,0.2,1.5,3.75,1,7,63,0.0342760965185
masked,robust,0.4,0.2,1.5,3.75,1,8,45,0.0413633282205
masked,robust,0.4,0.2,1.5,3.75,1,9,31,0.0527725089933
masked,linear,0.4,0.2,1.5,3.75,2,1,501,0.0496976973208
masked,linear,0.4,0.2,1.5,3.75,2,2,355,0.0312146244013
masked,linear,0.4,0.2,1.5,3.75,2,3,251,0.0371266736187
masked,linear,0.4,0.2,1.5,3.75,2,4,177,0.0377270954592
masked,linear,0.4,0.2,1.5,3.75,2,5,125,0.0413399247732
masked,linear,0.4,0.2,1.5,3.75,2,6,89,0.0452602073803
masked,linear,0.4,0.2,1.5,3.75,2,7,63,0.0535822842394
masked,linear,0.4,0.2,1.5,3.75,2,8,45,0.060298300526
masked,linear,0.4,0.2,1.5,3.75,2,9,31,0.0806246075207
masked,robust,0.4,0.2,1.5,3.75,2,1,501,0.0299165610155
masked,robust,0.4,0.2,1.5,3.75,2,2,355,0.0175563427956
masked,robust,0.4,0.2,1.5,3.75,2,3,251,0.0191747144236
masked,robust,0.4,0.2,1.5,3.75,2,4,177,0.019707775987
masked,robust,0.4,0.2,1.5,3.75,2,5,125,0.0219463462893
masked,robust,0.4,0.2,1.5,3.75,2,6,89,0.0280216645589
masked,robust,0.4,0.2,1.5,3.75,2,7,63,0.0333316848256
masked,robust,0.4,0.2,1.5,3.75,2,8,45,0.0343419656183
masked,robust,0.4,0.2,1.5,3.75,2,9,31,0.0476069830887
masked,linear,0.4,0.2,2,5,0,1,501,0.0909469120108
masked,linear,0.4,0.2,2,5,0,2,355,0.052901306368
masked,linear,0.4,0.2,2,5,0,3,251,0.045733708404
masked,linear,0.4,0.2,2,5,0,4,177,0.0474623426644
masked,linear,0.4,0.2,2,5,0,5,125,0.0594733537954
masked,linear,0.4,0.2,2,5,0,6,89,0.0666521133403
masked,linear,0.4,0.2,2,5,0,7,63,0.0716270204625
masked,linear,0.4,0.2,2,5,0,8,45,0.0805854269873
masked,linear,0.4,0.2,2,5,0,9,31,0.102324574974
masked,robust,0.4,0.2,2,5,0,1,501,0.0326857854652
masked,robust,0.4,0.2,2,5,0,2,355,0.0234212817953
masked,robust,0.4,0.2,2,5,0,3,251,0.0218927408326
masked,robust,0.4,0.2,2,5,0,4,177,0.019767338452
masked,robust,0.4,0.2,2,5,0,5,125,0.0246510997441
masked,robust,0.4,0.2,2,5,0,6,89,0.0291062153212
masked,robust,0.4,0.2,2,5,0,7,63,0.0315742287689
masked,robust,0.4,0.2,2,5,0,8,45,0.0373175654982
masked,robust,0.4,0.2,2,5,0,9,31,0.0510620244835
masked,linear,0.4,0.2,2,5,1,1,501,0.0965675907083
masked,linear,0.4,0.2,2,5,1,2,355,0.0423338890211
masked,linear,0.4,0.2,2,5,1,3,251,0.0457562843534
masked,linear,0.4,0.2,2,5,1,4,177,0.0489433527382
masked,linear,0.4,0.2,2,5,1,5,125,0.0577214277287
masked,linear,0.4,0.2,2,5,1,6,89,0.0655394044125
masked,linear,0.4,0.2,2,5,1,7,63,0.0784913797854
masked,linear,0.4,0.2,2,5,1,8,45,0.0895906612092
masked,linear,0.4,0.2,2,5,1,9,31,0.110357018756
masked,robust,0.4,0.2,2,5,1,1,501,0.0431883598358
masked,robust,0.4,0.2,2,5,1,2,355,0.0198107735706
masked,robust,0.4,0.2,2,5,1,3,251,0.0238754997244
masked,robust,0.4,0.2,2,5,1,4,177,0.0244069716995
masked,robust,0.4,0.2,2,5,1,5,125,0.0276845120558
masked,robust,0.4,0.2,2,5,1,6,89,0.0309151231194
masked,robust,0.4,0.2,2,5,1,7,63,0.0366975084012
masked,robust,0.4,0.2,2,5,1,8,45,0.0440229850757
masked,robust,0.4,0.2,2,5,1,9,31,0.0570968470066
masked,linear,0.4,0.2,2,5,2,1,501,0.0608270287549
masked,linear,0.4,0.2,2,5,2,2,355,0.038315844718
masked,linear,0.4,0.2,2,5,2,3,251,0.0468056606231
masked,linear,0.4,0.2,2,5,2,4,177,0.0481964467559
masked,linear,0.4,0.2,2,5,2,5,125,0.0532651991132
masked,linear,0.4,0.2,2,5,2,6,89,0.0570379731062
masked,linear,0.4,0.2,2,5,2,7,63,0.0676996366503
masked,linear,0.4,0.2,2,5,2,8,45,0.0787396685288
masked,linear,0.4,0.2,2,5,2,9,31,0.10503403576
masked,robust,0.4,0.2,2,5,2,1,501,0.0326703377774
masked,robust,0.4,0.2,2,5,2,2,355,0.0178889330253
masked,robust,0.4,0.2,2,5,2,3,251,0.020195254008
masked,robust,0.4,0.2,2,5,2,4,177,0.0206292342232
masked,robust,0.4,0.2,2,5,2,5,125,0.0226176174969
masked,robust,0.4,0.2,2,5,2,6,89,0.0287624845256
masked,robust,0.4,0.2,2,5,2,7,63,0.0342979598043
masked,robust,0.4,0.2,2,5,2,8,45,0.0360847425542
masked,robust,0.4,0.2,2,5,2,9,31,0.0509190977951
masked,linear,0.4,0.2,2.5,6.25,0,1,501,0.103441766179
masked,linear,0.4,0.2,2.5,6.25,0,2,355,0.0634750000224
masked,linear,0.4,0.2,2.5,6.25,0,3,251,0.054590630684
masked,linear,0.4,0.2,2.5,6.25,0,4,177,0.0565147387862
masked,linear,0.4,0.2,2.5,6.25,0,5,125,0.071126913909
masked,linear,0.4,0.2,2.5,6.25,0,6,89,0.0798294465844
masked,linear,0.4,0.2,2.5,6.25,0,7,63,0.0864950173565
masked,linear,0.4,0.2,2.5,6.25,0,8,45,0.0983066723289
masked,linear,0.4,0.2,2.5,6.25,0,9,31,0.125410398472
masked,robust,0.4,0.2,2.5,6.25,0,1,501,0.0314600347811
masked,robust,0.4,0.2,2.5,6.25,0,2,355,0.0236410439012
masked,robust,0.4,0.2,2.5,6.25,0,3,251,0.0219570480426
masked,robust,0.4,0.2,2.5,6.25,0,4,177,0.0195253658115
masked,robust,0.4,0.2,2.5,6.25,0,5,125,0.0247959528242
masked,robust,0.4,0.2,2.5,6.25,0,6,89,0.0295516010592
masked,robust,0.4,0.2,2.5,6.25,0,7,63,0.0321035364676
masked,robust,0.4,0.2,2.5,6.25,0,8,45,0.0387190501607
masked,robust,0.4,0.2,2.5,6.25,0,9,31,0.0537921369295
masked,linear,0.4,0.2,2.5,6.25,1,1,501,0.108224867143
masked,linear,0.4,0.2,2.5,6.25,1,2,355,0.0508130796032
masked,linear,0.4,0.2,2.5,6.25,1,3,251,0.0555010716278
masked,linear,0.4,0.2,2.5,6.25,1,4,177,0.0596013300754
masked,linear,0.4,0.2,2.5,6.25,1,5,125,0.0708191979278
masked,linear,0.4,0.2,2.5,6.25,1,6,89,0.0810127276795
masked,linear,0.4,0.2,2.5,6.25,1,7,63,0.0974202047424
masked,linear,0.4,0.2,2.5,6.25,1,8,45,0.11034009945
masked,linear,0.4,0.2,2.5,6.25,1,9,31,0.135750151113
masked,robust,0.4,0.2,2.5,6.25,1,1,501,0.0405677569553
masked,robust,0.4,0.2,2.5,6.25,1,2,355,0.0198601339114
masked,robust,0.4,0.2,2.5,6.25,1,3,251,0.0243551092176
masked,robust,0.4,0.2,2.5,6.25,1,4,177,0.0249243404464
masked,robust,0.4,0.2,2.5,6.25,1,5,125,0.0285223040195
masked,robust,0.4,0.2,2.5,6.25,1,6,89,0.0322689737591
masked,robust,0.4,0.2,2.5,6.25,1,7,63,0.0383262978888
masked,robust,0.4,0.2,2.5,6.25,1,8,45,0.0457447239788
masked,robust,0.4,0.2,2.5,6.25,1,9,31,0.0603391953341
masked,linear,0.4,0.2,2.5,6.25,2,1,501,0.0728831062619
masked,linear,0.4,0.2,2.5,6.25,2,2,355,0.0458937259262
masked,linear,0.4,0.2,2.5,6.25,2,3,251,0.0566581739222
masked,linear,0.4,0.2,2.5,6.25,2,4,177,0.0589476437376
masked,linear,0.4,0.2,2.5,6.25,2,5,125,0.0655890442778
masked,linear,0.4,0.2,2.5,6.25,2,6,89,0.0694483220733
masked,linear,0.4,0.2,2.5,6.25,2,7,63,0.0825559406657
masked,linear,0.4,0.2,2.5,6.25,2,8,45,0.0978274169871
masked,linear,0.4,0.2,2.5,6.25,2,9,31,0.130063944692
masked,robust,0.4,0.2,2.5,6.25,2,1,501,0.0353754574584
masked,robust,0.4,0.2,2.5,6.25,2,2,355,0.0184866685082
masked,robust,0.4,0.2,2.5,6.25,2,3,251,0.0213338709063
masked,robust,0.4,0.2,2.5,6.25,2,4,177,0.021558472048
masked,robust,0.4,0.2,2.5,6.25,2,5,125,0.0231003015336
masked,robust,0.4,0.2,2.5,6.25,2,6,89,0.0292665231718
masked,robust,0.4,0.2,2.5,6.25,2,7,63,0.0350022458903
masked,robust,0.4,0.2,2.5,6.25,2,8,45,0.0373855914097
masked,robust,0.4,0.2,2.5,6.25,2,9,31,0.0532673920685
masked,linear,0.4,0.2,3,7.5,0,1,501,0.116924927725
masked,linear,0.4,0.2,3,7.5,0,2,355,0.0744112596507
masked,linear,0.4,0.2,3,7.5,0,3,251,0.0636282233095
masked,linear,0.4,0.2,3,7.5,0,4,177,0.0657893897024
masked,linear,0.4,0.2,3,7.5,0,5,125,0.0829577021702
masked,linear,0.4,0.2,3,7.5,0,6,89,0.0932098496875
masked,linear,0.4,0.2,3,7.5,0,7,63,0.101636094808
masked,linear,0.4,0.2,3,7.5,0,8,45,0.116325450667
masked,linear,0.4,0.2,3,7.5,0,9,31,0.148865556911
masked,robust,0.4,0.2,3,7.5,0,1,501,0.0311799521872
masked,robust,0.4,0.2,3,7.5,0,2,355,0.0239116024634
masked,robust,0.4,0.2,3,7.5,0,3,251,0.0220642118828
masked,robust,0.4,0.2,3,7.5,0,4,177,0.0193763151041
masked,robust,0.4,0.2,3,7.5,0,5,125,0.0249147995947
masked,robust,0.4,0.2,3,7.5,0,6,89,0.0299982300757
masked,robust,0.4,0.2,3,7.5,0,7,63,0.0325940972622
masked,robust,0.4,0.2,3,7.5,0,8,45,0.0398800656489
masked,robust,0.4,0.2,3,7.5,0,9,31,0.056042047889
masked,linear,0.4,0.2,3,7.5,1,1,501,0.120245643135
masked,linear,0.4,0.2,3,7.5,1,2,355,0.0598357290825
masked,linear,0.4,0.2,3,7.5,1,3,251,0.0655261770074
masked,linear,0.4,0.2,3,7.5,1,4,177,0.0705218518277
masked,linear,0.4,0.2,3,7.5,1,5,125,0.0841068433535
masked,linear,0.4,0.2,3,7.5,1,6,89,0.0966374196325
masked,linear,0.4,0.2,3,7.5,1,7,63,0.116546311949
masked,linear,0.4,0.2,3,7.5,1,8,45,0.131333481276
masked,linear,0.4,0.2,3,7.5,1,9,31,0.161434429823
masked,robust,0.4,0.2,3,7.5,1,1,501,0.0384943668032
masked,robust,0.4,0.2,3,7.5,1,2,355,0.019864724694
masked,robust,0.4,0.2,3,7.5,1,3,251,0.0247028965505
masked,robust,0.4,0.2,3,7.5,1,4,177,0.0253172086286
masked,robust,0.4,0.2,3,7.5,1,5,125,0.02912840073
masked,robust,0.4,0.2,3,7.5,1,6,89,0.0332693981227
masked,robust,0.4,0.2,3,7.5,1,7,63,0.0394406339105
masked,robust,0.4,0.2,3,7.5,1,8,45,0.0468474418129
masked,robust,0.4,0.2,3,7.5,1,9,31,0.0626511514349
masked,linear,0.4,0.2,3,7.5,2,1,501,0.0854746767921
masked,linear,0.4,0.2,3,7.5,2,2,355,0.0537470291767
masked,linear,0.4,0.2,3,7.5,2,3,251,0.0666072541958
masked,linear,0.4,0.2,3,7.5,2,4,177,0.0698506649844
masked,linear,0.4,0.2,3,7.5,2,5,125,0.0781230648296
masked,linear,0.4,0.2,3,7.5,2,6,89,0.0822052526321
masked,linear,0.4,0.2,3,7.5,2,7,63,0.097815074473
masked,linear,0.4,0.2,3,7.5,2,8,45,0.117246276654
masked,linear,0.4,0.2,3,7.5,2,9,31,0.155414833463
masked,robust,0.4,0.2,3,7.5,2,1,501,0.0378618824355
masked,robust,0.4,0.2,3,7.5,2,2,355,0.0191523973699
masked,robust,0.4,0.2,3,7.5,2,3,251,0.0224728503452
masked,robust,0.4,0.2,3,7.5,2,4,177,0.0225062732948
masked,robust,0.4,0.2,3,7.5,2,5,125,0.0235514576526
masked,robust,0.4,0.2,3,7.5,2,6,89,0.0296780353876
masked,robust,0.4,0.2,3,7.5,2,7,63,0.0355901006317
masked,robust,0.4,0.2,3,7.5,2,8,45,0.0384854189147
masked,robust,0.4,0.2,3,7.5,2,9,31,0.0551959734102
masked,linear,0.4,0.25,1,2.5,0,1,501,0.0721480906991
masked,linear,0.4,0.25,1,2.5,0,2,355,0.0352342071714
masked,linear,0.4,0.25,1,2.5,0,3,251,0.0318752946751
masked,linear,0.4,0.25,1,2.5,0,4,177,0.0391963085358
masked,linear,0.4,0.25,1,2.5,0,5,125,0.0440625704079
masked,linear,0.4,0.25,1,2.5,0,6,89,0.0444682945011
masked,linear,0.4,0.25,1,2.5,0,7,63,0.0476378218627
masked,linear,0.4,0.25,1,2.5,0,8,45,0.0526379460903
masked,linear,0.4,0.25,1,2.5,0,9,31,0.0668993238276
masked,robust,0.4,0.25,1,2.5,0,1,501,0.0462822338849
masked,robust,0.4,0.25,1,2.5,0,2,355,0.02433687513
masked,robust,0.4,0.25,1,2.5,0,3,251,0.022820849364
masked,robust,0.4,0.25,1,2.5,0,4,177,0.0242137644201
masked,robust,0.4,0.25,1,2.5,0,5,125,0.0272094518246
masked,robust,0.4,0.25,1,2.5,0,6,89,0.030564423396
masked,robust,0.4,0.25,1,2.5,0,7,63,0.0343101266667
masked,robust,0.4,0.25,1,2.5,0,8,45,0.0389332213102
masked,robust,0.4,0.25,1,2.5,0,9,31,0.0512881001171
masked,linear,0.4,0.25,1,2.5,1,1,501,0.0934614180155
masked,linear,0.4,0.25,1,2.5,1,2,355,0.0349975065493
masked,linear,0.4,0.25,1,2.5,1,3,251,0.0285146899274
masked,linear,0.4,0.25,1,2.5,1,4,177,0.0280987052333
masked,linear,0.4,0.25,1,2.5,1,5,125,0.0330350832644
masked,linear,0.4,0.25,1,2.5,1,6,89,0.0394655860054
masked,linear,0.4,0.25,1,2.5,1,7,63,0.0476055837245
masked,linear,0.4,0.25,1,2.5,1,8,45,0.0535233973211
masked,linear,0.4,0.25,1,2.5,1,9,31,0.0691618501906
masked,robust,0.4,0.25,1,2.5,1,1,501,0.053237658542
masked,robust,0.4,0.25,1,2.5,1,2,355,0.0212202688483
masked,robust,0.4,0.25,1,2.5,1,3,251,0.0219825778441
masked,robust,0.4,0.25,1,2.5,1,4,177,0.0217989012604
masked,robust,0.4,0.25,1,2.5,1,5,125,0.0239909439881
masked,robust,0.4,0.25,1,2.5,1,6,89,0.026721324843
masked,robust,0.4,0.25,1,2.5,1,7,63,0.0318924428492
masked,robust,0.4,0.25,1,2.5,1,8,45,0.0380009520089
masked,robust,0.4,0.25,1,2.5,1,9,31,0.0483534008723
masked,linear,0.4,0.25,1,2.5,2,1,501,0.0420666153601
masked,linear,0.4,0.25,1,2.5,2,2,355,0.0274394694335
masked,linear,0.4,0.25,1,2.5,2,3,251,0.0277110404241
masked,linear,0.4,0.25,1,2.5,2,4,177,0.0323259620441
masked,linear,0.4,0.25,1,2.5,2,5,125,0.042741255623
masked,linear,0.4,0.25,1,2.5,2,6,89,0.0452214242214
masked,linear,0.4,0.25,1,2.5,2,7,63,0.046309137903
masked,linear,0.4,0.25,1,2.5,2,8,45,0.0498219232767
masked,linear,0.4,0.25,1,2.5,2,9,31,0.0662949115623
masked,robust,0.4,0.25,1,2.5,2,1,501,0.0257603075317
masked,robust,0.4,0.25,1,2.5,2,2,355,0.0191516573619
masked,robust,0.4,0.25,1,2.5,2,3,251,0.0178173836468
masked,robust,0.4,0.25,1,2.5,2,4,177,0.0207875352493
masked,robust,0.4,0.25,1,2.5,2,5,125,0.0282457584547
masked,robust,0.4,0.25,1,2.5,2,6,89,0.0331600164595
masked,robust,0.4,0.25,1,2.5,2,7,63,0.0348439860152
masked,robust,0.4,0.25,1,2.5,2,8,45,0.0350447983833
masked,robust,0.4,0.25,1,2.5,2,9,31,0.0471502342403
masked,linear,0.4,0.25,1.5,3.75,0,1,501,0.076848462087
masked,linear,0.4,0.25,1.5,3.75,0,2,355,0.0416048788055
masked,linear,0.4,0.25,1.5,3.75,0,3,251,0.0406877599835
masked,linear,0.4,0.25,1.5,3.75,0,4,177,0.0513754978432
masked,linear,0.4,0.25,1.5,3.75,0,5,125,0.0575649910969
masked,linear,0.4,0.25,1.5,3.75,0,6,89,0.0576596529868
masked,linear,0.4,0.25,1.5,3.75,0,7,63,0.0629916049078
masked,linear,0.4,0.25,1.5,3.75,0,8,45,0.0712858307846
masked,linear,0.4,0.25,1.5,3.75,0,9,31,0.0913753236429
masked,robust,0.4,0.25,1.5,3.75,0,1,501,0.037362229408
masked,robust,0.4,0.25,1.5,3.75,0,2,355,0.0231950147279
masked,robust,0.4,0.25,1.5,3.75,0,3,251,0.0231571500048
masked,robust,0.4,0.25,1.5,3.75,0,4,177,0.0243737724015
masked,robust,0.4,0.25,1.5,3.75,0,5,125,0.0279943338843
masked,robust,0.4,0.25,1.5,3.75,0,6,89,0.032254249334
masked,robust,0.4,0.25,1.5,3.75,0,7,63,0.0368557783202
masked,robust,0.4,0.25,1.5,3.75,0,8,45,0.0427061175974
masked,robust,0.4,0.25,1.5,3.75,0,9,31,0.0576830712971
masked,linear,0.4,0.25,1.5,3.75,1,1,501,0.107616452337
masked,linear,0.4,0.25,1.5,3.75,1,2,355,0.0400308974173
masked,linear,0.4,0.25,1.5,3.75,1,3,251,0.0364896389565
masked,linear,0.4,0.25,1.5,3.75,1,4,177,0.0376867598683
masked,linear,0.4,0.25,1.5,3.75,1,5,125,0.0458634185644
masked,linear,0.4,0.25,1.5,3.75,1,6,89,0.0562070073755
masked,linear,0.4,0.25,1.5,3.75,1,7,63,0.0688764356798
masked,linear,0.4,0.25,1.5,3.75,1,8,45,0.0755796179075
masked,linear,0.4,0.25,1.5,3.75,1,9,31,0.0974612628187
masked,robust,0.4,0.25,1.5,3.75,1,1,501,0.0466737603641
masked,robust,0.4,0.25,1.5,3.75,1,2,355,0.0198553197827
masked,robust,0.4,0.25,1.5,3.75,1,3,251,0.0227372138379
masked,robust,0.4,0.25,1.5,3.75,1,4,177,0.0229467581095
masked,robust,0.4,0.25,1.5,3.75,1,5,125,0.0261635929491
masked,robust,0.4,0.25,1.5,3.75,1,6,89,0.0298053426044
masked,robust,0.4,0.25,1.5,3.75,1,7,63,0.0358462462172
masked,robust,0.4,0.25,1.5,3.75,1,8,45,0.0425387896915
masked,robust,0.4,0.25,1.5,3.75,1,9,31,0.0550868678591
masked,linear,0.4,0.25,1.5,3.75,2,1,501,0.0462216792772
masked,linear,0.4,0.25,1.5,3.75,2,2,355,0.033800894929
masked,linear,0.4,0.25,1.5,3.75,2,3,251,0.0364860635287
masked,linear,0.4,0.25,1.5,3.75,2,4,177,0.0432296908744
masked,linear,0.4,0.25,1.5,3.75,2,5,125,0.0585427038528
masked,linear,0.4,0.25,1.5,3.75,2,6,89,0.0605406384179
masked,linear,0.4,0.25,1.5,3.75,2,7,63,0.0613673954185
masked,linear,0.4,0.25,1.5,3.75,2,8,45,0.0694631671553
masked,linear,0.4,0.25,1.5,3.75,2,9,31,0.0935912159773
masked,robust,0.4,0.25,1.5,3.75,2,1,501,0.0236078649012
masked,robust,0.4,0.25,1.5,3.75,2,2,355,0.0193801119713
masked,robust,0.4,0.25,1.5,3.75,2,3,251,0.0187431032443
masked,robust,0.4,0.25,1.5,3.75,2,4,177,0.0216378082035
masked,robust,0.4,0.25,1.5,3.75,2,5,125,0.0299601650394
masked,robust,0.4,0.25,1.5,3.75,2,6,89,0.0350632166445
masked,robust,0.4,0.25,1.5,3.75,2,7,63,0.036639650498
masked,robust,0.4,0.25,1.5,3.75,2,8,45,0.0379349912197
masked,robust,0.4,0.25,1.5,3.75,2,9,31,0.0528519313992
masked,linear,0.4,0.25,2,5,0,1,501,0.0839512938865
masked,linear,0.4,0.25,2,5,0,2,355,0.0491848590616
masked,linear,0.4,0.25,2,5,0,3,251,0.0501626449401
masked,linear,0.4,0.25,2,5,0,4,177,0.0643085845759
masked,linear,0.4,0.25,2,5,0,5,125,0.0717121146262
masked,linear,0.4,0.25,2,5,0,6,89,0.0715304484583
masked,linear,0.4,0.25,2,5,0,7,63,0.0792085217784
masked,linear,0.4,0.25,2,5,0,8,45,0.0909844972836
masked,linear,0.4,0.25,2,5,0,9,31,0.11720065069
masked,robust,0.4,0.25,2,5,0,1,501,0.0314809199929
masked,robust,0.4,0.25,2,5,0,2,355,0.022458725265
masked,robust,0.4,0.25,2,5,0,3,251,0.0231660725634
masked,robust,0.4,0.25,2,5,0,4,177,0.0243514548892
masked,robust,0.4,0.25,2,5,0,5,125,0.0283637363215
masked,robust,0.4,0.25,2,5,0,6,89,0.033538373391
masked,robust,0.4,0.25,2,5,0,7,63,0.0388632388496
masked,robust,0.4,0.25,2,5,0,8,45,0.0456692455951
masked,robust,0.4,0.25,2,5,0,9,31,0.0625945332354
masked,linear,0.4,0.25,2,5,1,1,501,0.122185227597
masked,linear,0.4,0.25,2,5,1,2,355,0.0461497401123
masked,linear,0.4,0.25,2,5,1,3,251,0.0457072402161
masked,linear,0.4,0.25,2,5,1,4,177,0.0486158340694
masked,linear,0.4,0.25,2,5,1,5,125,0.059567526421
masked,linear,0.4,0.25,2,5,1,6,89,0.0735616133311
masked,linear,0.4,0.25,2,5,1,7,63,0.0909367019416
masked,linear,0.4,0.25,2,5,1,8,45,0.0985814072895
masked,linear,0.4,0.25,2,5,1,9,31,0.126833182051
masked,robust,0.4,0.25,2,5,1,1,501,0.0419426768441
masked,robust,0.4,0.25,2,5,1,2,355,0.0195601999767
masked,robust,0.4,0.25,2,5,1,3,251,0.0233773245907
masked,robust,0.4,0.25,2,5,1,4,177,0.0236741668981
masked,robust,0.4,0.25,2,5,1,5,125,0.0275617396446
masked,robust,0.4,0.25,2,5,1,6,89,0.0319112085913
masked,robust,0.4,0.25,2,5,1,7,63,0.0384474231849
masked,robust,0.4,0.25,2,5,1,8,45,0.0455541139042
masked,robust,0.4,0.25,2,5,1,9,31,0.0601139774791
masked,linear,0.4,0.25,2,5,2,1,501,0.0517034030964
masked,linear,0.4,0.25,2,5,2,2,355,0.041130880272
masked,linear,0.4,0.25,2,5,2,3,251,0.0457239936278
masked,linear,0.4,0.25,2,5,2,4,177,0.054733406926
masked,linear,0.4,0.25,2,5,2,5,125,0.0750177106282
masked,linear,0.4,0.25,2,5,2,6,89,0.0768827120732
masked,linear,0.4,0.25,2,5,2,7,63,0.0777931027192
masked,linear,0.4,0.25,2,5,2,8,45,0.0904689523086
masked,linear,0.4,0.25,2,5,2,9,31,0.122196773057
masked,robust,0.4,0.25,2,5,2,1,501,0.0248993023927
masked,robust,0.4,0.25,2,5,2,2,355,0.0202459973539
masked,robust,0.4,0.25,2,5,2,3,251,0.0199036381509
masked,robust,0.4,0.25,2,5,2,4,177,0.0221909070265
masked,robust,0.4,0.25,2,5,2,5,125,0.0307263972798
masked,robust,0.4,0.25,2,5,2,6,89,0.036050020609
masked,robust,0.4,0.25,2,5,2,7,63,0.0379012327687
masked,robust,0.4,0.25,2,5,2,8,45,0.0400927445316
masked,robust,0.4,0.25,2,5,2,9,31,0.0566389334541
masked,linear,0.4,0.25,2.5,6.25,0,1,501,0.0929072002147
masked,linear,0.4,0.25,2.5,6.25,0,2,355,0.0574978487987
masked,linear,0.4,0.25,2.5,6.25,0,3,251,0.0599868803602
masked,linear,0.4,0.25,2.5,6.25,0,4,177,0.0776196329377
masked,linear,0.4,0.25,2.5,6.25,0,5,125,0.0861870504397
masked,linear,0.4,0.25,2.5,6.25,0,6,89,0.0857516042889
masked,linear,0.4,0.25,2.5,6.25,0,7,63,0.0958514735005
masked,linear,0.4,0.25,2.5,6.25,0,8,45,0.111176798814
masked,linear,0.4,0.25,2.5,6.25,0,9,31,0.143649391862
masked,robust,0.4,0.25,2.5,6.25,0,1,501,0.0277734834424
masked,robust,0.4,0.25,2.5,6.25,0,2,355,0.0220844953409
masked,robust,0.4,0.25,2.5,6.25,0,3,251,0.0230736656127
masked,robust,0.4,0.25,2.5,6.25,0,4,177,0.0242365496485
masked,robust,0.4,0.25,2.5,6.25,0,5,125,0.0285772218631
masked,robust,0.4,0.25,2.5,6.25,0,6,89,0.0345651591472
masked,robust,0.4,0.25,2.5,6.25,0,7,63,0.0403889907028
masked,robust,0.4,0.25,2.5,6.25,0,8,45,0.0479930753747
masked,robust,0.4,0.25,2.5,6.25,0,9,31,0.0666076676268
masked,linear,0.4,0.25,2.5,6.25,1,1,501,0.137035848395
masked,linear,0.4,0.25,2.5,6.25,1,2,355,0.0529792672453
masked,linear,0.4,0.25,2.5,6.25,1,3,251,0.0555523330981
masked,linear,0.4,0.25,2.5,6.25,1,4,177,0.0601594514142
masked,linear,0.4,0.25,2.5,6.25,1,5,125,0.0736602189163
masked,linear,0.4,0.25,2.5,6.25,1,6,89,0.091179944681
masked,linear,0.4,0.25,2.5,6.25,1,7,63,0.11332631074
masked,linear,0.4,0.25,2.5,6.25,1,8,45,0.121995080725
masked,linear,0.4,0.25,2.5,6.25,1,9,31,0.15667557716
masked,robust,0.4,0.25,2.5,6.25,1,1,501,0.0384989550174
masked,robust,0.4,0.25,2.5,6.25,1,2,355,0.0196036721159
masked,robust,0.4,0.25,2.5,6.25,1,3,251,0.0239551769088
masked,robust,0.4,0.25,2.5,6.25,1,4,177,0.0242337446781
masked,robust,0.4,0.25,2.5,6.25,1,5,125,0.0285048882215
masked,robust,0.4,0.25,2.5,6.25,1,6,89,0.033409957143
masked,robust,0.4,0.25,2.5,6.25,1,7,63,0.0401767686382
masked,robust,0.4,0.25,2.5,6.25,1,8,45,0.0475338013728
masked,robust,0.4,0.25,2.5,6.25,1,9,31,0.0639419943669
masked,linear,0.4,0.25,2.5,6.25,2,1,501,0.0581377235321
masked,linear,0.4,0.25,2.5,6.25,2,2,355,0.0489966419732
masked,linear,0.4,0.25,2.5,6.25,2,3,251,0.0551928803901
masked,linear,0.4,0.25,2.5,6.25,2,4,177,0.0665265871962
masked,linear,0.4,0.25,2.5,6.25,2,5,125,0.0918043633643
masked,linear,0.4,0.25,2.5,6.25,2,6,89,0.0937140584738
masked,linear,0.4,0.25,2.5,6.25,2,7,63,0.0948786861419
masked,linear,0.4,0.25,2.5,6.25,2,8,45,0.112074632548
masked,linear,0.4,0.25,2.5,6.25,2,9,31,0.151371140616
masked,robust,0.4,0.25,2.5,6.25,2,1,501,0.0274059286221
masked,robust,0.4,0.25,2.5,6.25,2,2,355,0.0213122516966
masked,robust,0.4,0.25,2.5,6.25,2,3,251,0.0211506959691
masked,robust,0.4,0.25,2.5,6.25,2,4,177,0.0227478126231
masked,robust,0.4,0.25,2.5,6.25,2,5,125,0.0311552281015
masked,robust,0.4,0.25,2.5,6.25,2,6,89,0.0366169158279
masked,robust,0.4,0.25,2.5,6.25,2,7,63,0.0388362302276
masked,robust,0.4,0.25,2.5,6.25,2,8,45,0.0418356654476
masked,robust,0.4,0.25,2.5,6.25,2,9,31,0.0594621385736
masked,linear,0.4,0.25,3,7.5,0,1,501,0.103235025281
masked,linear,0.4,0.25,3,7.5,0,2,355,0.0662685649997
masked,linear,0.4,0.25,3,7.5,0,3,251,0.0700135588038
masked,linear,0.4,0.25,3,7.5,0,4,177,0.0911431943719
masked,linear,0.4,0.25,3,7.5,0,5,125,0.100848743363
masked,linear,0.4,0.25,3,7.5,0,6,89,0.100174015228
masked,linear,0.4,0.25,3,7.5,0,7,63,0.112731927326
masked,linear,0.4,0.25,3,7.5,0,8,45,0.131635767238
masked,linear,0.4,0.25,3,7.5,0,9,31,0.170431556794
masked,robust,0.4,0.25,3,7.5,0,1,501,0.0256016972846
masked,robust,0.4,0.25,3,7.5,0,2,355,0.021923519895
masked,robust,0.4,0.25,3,7.5,0,3,251,0.0229589391715
masked,robust,0.4,0.25,3,7.5,0,4,177,0.0240590459343
masked,robust,0.4,0.25,3,7.5,0,5,125,0.0286916843109
masked,robust,0.4,0.25,3,7.5,0,6,89,0.0353939025039
masked,robust,0.4,0.25,3,7.5,0,7,63,0.0415446057847
masked,robust,0.4,0.25,3,7.5,0,8,45,0.0497737693354
masked,robust,0.4,0.25,3,7.5,0,9,31,0.0698365813446
masked,linear,0.4,0.25,3,7.5,1,1,501,0.152085773566
masked,linear,0.4,0.25,3,7.5,1,2,355,0.0602783998153
masked,linear,0.4,0.25,3,7.5,1,3,251,0.0657436191929
masked,linear,0.4,0.25,3,7.5,1,4,177,0.0720227234
masked,linear,0.4,0.25,3,7.5,1,5,125,0.0879549094881
masked,linear,0.4,0.25,3,7.5,1,6,89,0.108934116541
masked,linear,0.4,0.25,3,7.5,1,7,63,0.135882560433
masked,linear,0.4,0.25,3,7.5,1,8,45,0.145622100716
masked,linear,0.4,0.25,3,7.5,1,9,31,0.186763055711
masked,robust,0.4,0.25,3,7.5,1,1,501,0.0359128793235
masked,robust,0.4,0.25,3,7.5,1,2,355,0.0197048217653
masked,robust,0.4,0.25,3,7.5,1,3,251,0.0244407960065
masked,robust,0.4,0.25,3,7.5,1,4,177,0.0247065662603
masked,robust,0.4,0.25,3,7.5,1,5,125,0.0291951851387
masked,robust,0.4,0.25,3,7.5,1,6,89,0.0345292724611
masked,robust,0.4,0.25,3,7.5,1,7,63,0.0413722308343
masked,robust,0.4,0.25,3,7.5,1,8,45,0.0488277403271
masked,robust,0.4,0.25,3,7.5,1,9,31,0.066696759165
masked,linear,0.4,0.25,3,7.5,2,1,501,0.0652434107971
masked,linear,0.4,0.25,3,7.5,2,2,355,0.0571774897673
masked,linear,0.4,0.25,3,7.5,2,3,251,0.0647915441185
masked,linear,0.4,0.25,3,7.5,2,4,177,0.0784788448172
masked,linear,0.4,0.25,3,7.5,2,5,125,0.10875845185
masked,linear,0.4,0.25,3,7.5,2,6,89,0.110811952964
masked,linear,0.4,0.25,3,7.5,2,7,63,0.112323425787
masked,linear,0.4,0.25,3,7.5,2,8,45,0.133990325688
masked,linear,0.4,0.25,3,7.5,2,9,31,0.180839233315
masked,robust,0.4,0.25,3,7.5,2,1,501,0.0302220498192
masked,robust,0.4,0.25,3,7.5,2,2,355,0.0223505881952
masked,robust,0.4,0.25,3,7.5,2,3,251,0.0223503883848
masked,robust,0.4,0.25,3,7.5,2,4,177,0.0233605800705
masked,robust,0.4,0.25,3,7.5,2,5,125,0.0315005358417
masked,robust,0.4,0.25,3,7.5,2,6,89,0.0370190497121
masked,robust,0.4,0.25,3,7.5,2,7,63,0.0395889572379
masked,robust,0.4,0.25,3,7.5,2,8,45,0.0433116500181
masked,robust,0.4,0.25,3,7.5,2,9,31,0.0618195560303
masked,linear,0.4,0.3,1,2.5,0,1,501,0.0825597554963
masked,linear,0.4,0.3,1,2.5,0,2,355,0.0386763181045
masked,linear,0.4,0.3,1,2.5,0,3,251,0.0366036228199
masked,linear,0.4,0.3,1,2.5,0,4,177,0.0442715899729
masked,linear,0.4,0.3,1,2.5,0,5,125,0.0474129407285
masked,linear,0.4,0.3,1,2.5,0,6,89,0.0481161724907
masked,linear,0.4,0.3,1,2.5,0,7,63,0.0536311870131
masked,linear,0.4,0.3,1,2.5,0,8,45,0.0588648063278
masked,linear,0.4,0.3,1,2.5,0,9,31,0.0698847599228
masked,robust,0.4,0.3,1,2.5,0,1,501,0.0525502180038
masked,robust,0.4,0.3,1,2.5,0,2,355,0.0282998897812
masked,robust,0.4,0.3,1,2.5,0,3,251,0.026249683118
masked,robust,0.4,0.3,1,2.5,0,4,177,0.0271362097701
masked,robust,0.4,0.3,1,2.5,0,5,125,0.0292293809725
masked,robust,0.4,0.3,1,2.5,0,6,89,0.0325413370382
masked,robust,0.4,0.3,1,2.5,0,7,63,0.038379736632
masked,robust,0.4,0.3,1,2.5,0,8,45,0.0435832962584
masked,robust,0.4,0.3,1,2.5,0,9,31,0.0541914945618
masked,linear,0.4,0.3,1,2.5,1,1,501,0.0919089772386
masked,linear,0.4,0.3,1,2.5,1,2,355,0.0414249718934
masked,linear,0.4,0.3,1,2.5,1,3,251,0.0366190131511
masked,linear,0.4,0.3,1,2.5,1,4,177,0.0348655246454
masked,linear,0.4,0.3,1,2.5,1,5,125,0.0380681251741
masked,linear,0.4,0.3,1,2.5,1,6,89,0.0429502039696
masked,linear,0.4,0.3,1,2.5,1,7,63,0.0500411909691
masked,linear,0.4,0.3,1,2.5,1,8,45,0.0552373567231
masked,linear,0.4,0.3,1,2.5,1,9,31,0.0719209526882
masked,robust,0.4,0.3,1,2.5,1,1,501,0.054950658925
masked,robust,0.4,0.3,1,2.5,1,2,355,0.0259110230976
masked,robust,0.4,0.3,1,2.5,1,3,251,0.0259905156114
masked,robust,0.4,0.3,1,2.5,1,4,177,0.0240687476087
masked,robust,0.4,0.3,1,2.5,1,5,125,0.0255555318817
masked,robust,0.4,0.3,1,2.5,1,6,89,0.028826262696
masked,robust,0.4,0.3,1,2.5,1,7,63,0.033609804884
masked,robust,0.4,0.3,1,2.5,1,8,45,0.039634472913
masked,robust,0.4,0.3,1,2.5,1,9,31,0.0514184499226
masked,linear,0.4,0.3,1,2.5,2,1,501,0.0666658397358
masked,linear,0.4,0.3,1,2.5,2,2,355,0.0337930826548
masked,linear,0.4,0.3,1,2.5,2,3,251,0.0293179923461
masked,linear,0.4,0.3,1,2.5,2,4,177,0.0316727634254
masked,linear,0.4,0.3,1,2.5,2,5,125,0.0427178273586
masked,linear,0.4,0.3,1,2.5,2,6,89,0.0490283646179
masked,linear,0.4,0.3,1,2.5,2,7,63,0.0509725029247
masked,linear,0.4,0.3,1,2.5,2,8,45,0.054688714918
masked,linear,0.4,0.3,1,2.5,2,9,31,0.0725066552586
masked,robust,0.4,0.3,1,2.5,2,1,501,0.038457302327
masked,robust,0.4,0.3,1,2.5,2,2,355,0.0223286514956
masked,robust,0.4,0.3,1,2.5,2,3,251,0.01919040119
masked,robust,0.4,0.3,1,2.5,2,4,177,0.0216234507377
masked,robust,0.4,0.3,1,2.5,2,5,125,0.0295375993304
masked,robust,0.4,0.3,1,2.5,2,6,89,0.036245604887
masked,robust,0.4,0.3,1,2.5,2,7,63,0.0383997506059
masked,robust,0.4,0.3,1,2.5,2,8,45,0.0402079009355
masked,robust,0.4,0.3,1,2.5,2,9,31,0.052342602984
masked,linear,0.4,0.3,1.5,3.75,0,1,501,0.0884122003421
masked,linear,0.4,0.3,1.5,3.75,0,2,355,0.0447860410315
masked,linear,0.4,0.3,1.5,3.75,0,3,251,0.0469394511754
masked,linear,0.4,0.3,1.5,3.75,0,4,177,0.0580889857814
masked,linear,0.4,0.3,1.5,3.75,0,5,125,0.0622186309437
masked,linear,0.4,0.3,1.5,3.75,0,6,89,0.0630651539864
masked,linear,0.4,0.3,1.5,3.75,0,7,63,0.0717099653088
masked,linear,0.4,0.3,1.5,3.75,0,8,45,0.0799588143912
masked,linear,0.4,0.3,1.5,3.75,0,9,31,0.0960035051693
masked,robust,0.4,0.3,1.5,3.75,0,1,501,0.0435515345531
masked,robust,0.4,0.3,1.5,3.75,0,2,355,0.0279862503119
masked,robust,0.4,0.3,1.5,3.75,0,3,251,0.02738771404
masked,robust,0.4,0.3,1.5,3.75,0,4,177,0.0278632104556
masked,robust,0.4,0.3,1.5,3.75,0,5,125,0.0303720764817
masked,robust,0.4,0.3,1.5,3.75,0,6,89,0.0345346653672
masked,robust,0.4,0.3,1.5,3.75,0,7,63,0.0415018797253
masked,robust,0.4,0.3,1.5,3.75,0,8,45,0.0480555424121
masked,robust,0.4,0.3,1.5,3.75,0,9,31,0.0616071144146
masked,linear,0.4,0.3,1.5,3.75,1,1,501,0.0999378948713
masked,linear,0.4,0.3,1.5,3.75,1,2,355,0.0475548545918
masked,linear,0.4,0.3,1.5,3.75,1,3,251,0.0469827846515
masked,linear,0.4,0.3,1.5,3.75,1,4,177,0.0470989775686
masked,linear,0.4,0.3,1.5,3.75,1,5,125,0.0538488562336
masked,linear,0.4,0.3,1.5,3.75,1,6,89,0.0620575459667
masked,linear,0.4,0.3,1.5,3.75,1,7,63,0.0731601885369
masked,linear,0.4,0.3,1.5,3.75,1,8,45,0.0786299249412
masked,linear,0.4,0.3,1.5,3.75,1,9,31,0.101924960937
masked,robust,0.4,0.3,1.5,3.75,1,1,501,0.0462073616714
masked,robust,0.4,0.3,1.5,3.75,1,2,355,0.0246317895375
masked,robust,0.4,0.3,1.5,3.75,1,3,251,0.0270692703264
masked,robust,0.4,0.3,1.5,3.75,1,4,177,0.0255923861359
masked,robust,0.4,0.3,1.5,3.75,1,5,125,0.028924426767
masked,robust,0.4,0.3,1.5,3.75,1,6,89,0.0334576997086
masked,robust,0.4,0.3,1.5,3.75,1,7,63,0.038515630137
masked,robust,0.4,0.3,1.5,3.75,1,8,45,0.0447056367816
masked,robust,0.4,0.3,1.5,3.75,1,9,31,0.0591396589634
masked,linear,0.4,0.3,1.5,3.75,2,1,501,0.082381455978
masked,linear,0.4,0.3,1.5,3.75,2,2,355,0.0417713262348
masked,linear,0.4,0.3,1.5,3.75,2,3,251,0.0388297096763
masked,linear,0.4,0.3,1.5,3.75,2,4,177,0.0410884840796
masked,linear,0.4,0.3,1.5,3.75,2,5,125,0.0574874386431
masked,linear,0.4,0.3,1.5,3.75,2,6,89,0.0654706902135
masked,linear,0.4,0.3,1.5,3.75,2,7,63,0.0673863541218
masked,linear,0.4,0.3,1.5,3.75,2,8,45,0.0765779924211
masked,linear,0.4,0.3,1.5,3.75,2,9,31,0.103169184218
masked,robust,0.4,0.3,1.5,3.75,2,1,501,0.0341429846905
masked,robust,0.4,0.3,1.5,3.75,2,2,355,0.0226419441676
masked,robust,0.4,0.3,1.5,3.75,2,3,251,0.0208558482237
masked,robust,0.4,0.3,1.5,3.75,2,4,177,0.0224782561403
masked,robust,0.4,0.3,1.5,3.75,2,5,125,0.031170211374
masked,robust,0.4,0.3,1.5,3.75,2,6,89,0.0386539146478
masked,robust,0.4,0.3,1.5,3.75,2,7,63,0.0410141203374
masked,robust,0.4,0.3,1.5,3.75,2,8,45,0.0446736481724
masked,robust,0.4,0.3,1.5,3.75,2,9,31,0.0594950886393
masked,linear,0.4,0.3,2,5,0,1,501,0.0966807943593
masked,linear,0.4,0.3,2,5,0,2,355,0.0519658958088
masked,linear,0.4,0.3,2,5,0,3,251,0.0579464099534
masked,linear,0.4,0.3,2,5,0,4,177,0.072710523971
masked,linear,0.4,0.3,2,5,0,5,125,0.077747591154
masked,linear,0.4,0.3,2,5,0,6,89,0.0787346214361
masked,linear,0.4,0.3,2,5,0,7,63,0.090578033497
masked,linear,0.4,0.3,2,5,0,8,45,0.101938384238
masked,linear,0.4,0.3,2,5,0,9,31,0.123389825435
masked,robust,0.4,0.3,2,5,0,1,501,0.0376556268867
masked,robust,0.4,0.3,2,5,0,2,355,0.0277500862656
masked,robust,0.4,0.3,2,5,0,3,251,0.0278219272123
masked,robust,0.4,0.3,2,5,0,4,177,0.0281024770657
masked,robust,0.4,0.3,2,5,0,5,125,0.0308206665237
masked,robust,0.4,0.3,2,5,0,6,89,0.0358874311913
masked,robust,0.4,0.3,2,5,0,7,63,0.0436577536143
masked,robust,0.4,0.3,2,5,0,8,45,0.0512097240028
masked,robust,0.4,0.3,2,5,0,9,31,0.0669022766807
masked,linear,0.4,0.3,2,5,1,1,501,0.108342965229
masked,linear,0.4,0.3,2,5,1,2,355,0.0545962467188
masked,linear,0.4,0.3,2,5,1,3,251,0.058364933742
masked,linear,0.4,0.3,2,5,1,4,177,0.0606474878111
masked,linear,0.4,0.3,2,5,1,5,125,0.0705791464338
masked,linear,0.4,0.3,2,5,1,6,89,0.0817824349284
masked,linear,0.4,0.3,2,5,1,7,63,0.0970525321457
masked,linear,0.4,0.3,2,5,1,8,45,0.102965302477
masked,linear,0.4,0.3,2,5,1,9,31,0.132946316798
masked,robust,0.4,0.3,2,5,1,1,501,0.0408001260652
masked,robust,0.4,0.3,2,5,1,2,355,0.0245781923321
masked,robust,0.4,0.3,2,5,1,3,251,0.0279635726681
masked,robust,0.4,0.3,2,5,1,4,177,0.0265379164508
masked,robust,0.4,0.3,2,5,1,5,125,0.0311493339427
masked,robust,0.4,0.3,2,5,1,6,89,0.0366898861129
masked,robust,0.4,0.3,2,5,1,7,63,0.0418582447687
masked,robust,0.4,0.3,2,5,1,8,45,0.0482070322327
masked,robust,0.4,0.3,2,5,1,9,31,0.0649026421995
masked,linear,0.4,0.3,2,5,2,1,501,0.100902562859
masked,linear,0.4,0.3,2,5,2,2,355,0.0509669593169
masked,linear,0.4,0.3,2,5,2,3,251,0.0489884962107
masked,linear,0.4,0.3,2,5,2,4,177,0.0512685697266
masked,linear,0.4,0.3,2,5,2,5,125,0.0730340572544
masked,linear,0.4,0.3,2,5,2,6,89,0.0828846383203
masked,linear,0.4,0.3,2,5,2,7,63,0.084969986559
masked,linear,0.4,0.3,2,5,2,8,45,0.099741269786
masked,linear,0.4,0.3,2,5,2,9,31,0.135123952306
masked,robust,0.4,0.3,2,5,2,1,501,0.0335901470296
masked,robust,0.4,0.3,2,5,2,2,355,0.0237022027762
masked,robust,0.4,0.3,2,5,2,3,251,0.0226323400932
masked,robust,0.4,0.3,2,5,2,4,177,0.0232572807217
masked,robust,0.4,0.3,2,5,2,5,125,0.0320565995239
masked,robust,0.4,0.3,2,5,2,6,89,0.0402202055211
masked,robust,0.4,0.3,2,5,2,7,63,0.0431150391602
masked,robust,0.4,0.3,2,5,2,8,45,0.0481433794536
masked,robust,0.4,0.3,2,5,2,9,31,0.0648022605089
masked,linear,0.4,0.3,2.5,6.25,0,1,501,0.106805850558
masked,linear,0.4,0.3,2.5,6.25,0,2,355,0.0598318656731
masked,linear,0.4,0.3,2.5,6.25,0,3,251,0.0693054705853
masked,linear,0.4,0.3,2.5,6.25,0,4,177,0.0877350771346
masked,linear,0.4,0.3,2.5,6.25,0,5,125,0.0936406782855
masked,linear,0.4,0.3,2.5,6.25,0,6,89,0.0947678582179
masked,linear,0.4,0.3,2.5,6.25,0,7,63,0.10982935538
masked,linear,0.4,0.3,2.5,6.25,0,8,45,0.124334757694
masked,linear,0.4,0.3,2.5,6.25,0,9,31,0.151357218916
masked,robust,0.4,0.3,2.5,6.25,0,1,501,0.034179509289
masked,robust,0.4,0.3,2.5,6.25,0,2,355,0.0276649169358
masked,robust,0.4,0.3,2.5,6.25,0,3,251,0.0279511860912
masked,robust,0.4,0.3,2.5,6.25,0,4,177,0.0281913610018
masked,robust,0.4,0.3,2.5,6.25,0,5,125,0.0311672792238
masked,robust,0.4,0.3,2.5,6.25,0,6,89,0.0369981399066
masked,robust,0.4,0.3,2.5,6.25,0,7,63,0.0452256173793
masked,robust,0.4,0.3,2.5,6.25,0,8,45,0.0535381384457
masked,robust,0.4,0.3,2.5,6.25,0,9,31,0.0709734192608
masked,linear,0.4,0.3,2.5,6.25,1,1,501,0.11704317984
masked,linear,0.4,0.3,2.5,6.25,1,2,355,0.062240550913
masked,linear,0.4,0.3,2.5,6.25,1,3,251,0.0702723447413
masked,linear,0.4,0.3,2.5,6.25,1,4,177,0.074799846779
masked,linear,0.4,0.3,2.5,6.25,1,5,125,0.0877173411317
masked,linear,0.4,0.3,2.5,6.25,1,6,89,0.101766413788
masked,linear,0.4,0.3,2.5,6.25,1,7,63,0.121261961146
masked,linear,0.4,0.3,2.5,6.25,1,8,45,0.127705641346
masked,linear,0.4,0.3,2.5,6.25,1,9,31,0.164410157533
masked,robust,0.4,0.3,2.5,6.25,1,1,501,0.0375364604944
masked,robust,0.4,0.3,2.5,6.25,1,2,355,0.0248757806969
masked,robust,0.4,0.3,2.5,6.25,1,3,251,0.0287305751949
masked,robust,0.4,0.3,2.5,6.25,1,4,177,0.0272234361375
masked,robust,0.4,0.3,2.5,6.25,1,5,125,0.0325823203879
masked,robust,0.4,0.3,2.5,6.25,1,6,89,0.0389461774238
masked,robust,0.4,0.3,2.5,6.25,1,7,63,0.04414617549
masked,robust,0.4,0.3,2.5,6.25,1,8,45,0.0506510823373
masked,robust,0.4,0.3,2.5,6.25,1,9,31,0.0694238954256
masked,linear,0.4,0.3,2.5,6.25,2,1,501,0.12094710784
masked,linear,0.4,0.3,2.5,6.25,2,2,355,0.0608303721434
masked,linear,0.4,0.3,2.5,6.25,2,3,251,0.0594636350851
masked,linear,0.4,0.3,2.5,6.25,2,4,177,0.0618366565764
masked,linear,0.4,0.3,2.5,6.25,2,5,125,0.0889512030616
masked,linear,0.4,0.3,2.5,6.25,2,6,89,0.100767735483
masked,linear,0.4,0.3,2.5,6.25,2,7,63,0.103126765374
masked,linear,0.4,0.3,2.5,6.25,2,8,45,0.12346356331
masked,linear,0.4,0.3,2.5,6.25,2,9,31,0.167633590906
masked,robust,0.4,0.3,2.5,6.25,2,1,501,0.035217805685
masked,robust,0.4,0.3,2.5,6.25,2,2,355,0.0249187871436
masked,robust,0.4,0.3,2.5,6.25,2,3,251,0.0242725596282
masked,robust,0.4,0.3,2.5,6.25,2,4,177,0.0240642495076
masked,robust,0.4,0.3,2.5,6.25,2,5,125,0.032611303719
masked,robust,0.4,0.3,2.5,6.25,2,6,89,0.0413031361669
masked,robust,0.4,0.3,2.5,6.25,2,7,63,0.0448583664878
masked,robust,0.4,0.3,2.5,6.25,2,8,45,0.0510098754632
masked,robust,0.4,0.3,2.5,6.25,2,9,31,0.0690792696893
masked,linear,0.4,0.3,3,7.5,0,1,501,0.118311699827
masked,linear,0.4,0.3,3,7.5,0,2,355,0.0681467749744
masked,linear,0.4,0.3,3,7.5,0,3,251,0.0808683965239
masked,linear,0.4,0.3,3,7.5,0,4,177,0.102986410075
masked,linear,0.4,0.3,3,7.5,0,5,125,0.109739801964
masked,linear,0.4,0.3,3,7.5,0,6,89,0.111007354094
masked,linear,0.4,0.3,3,7.5,0,7,63,0.12929284813
masked,linear,0.4,0.3,3,7.5,0,8,45,0.146957495106
masked,linear,0.4,0.3,3,7.5,0,9,31,0.17963448749
masked,robust,0.4,0.3,3,7.5,0,1,501,0.0323402541879
masked,robust,0.4,0.3,3,7.5,0,2,355,0.0277100580911
masked,robust,0.4,0.3,3,7.5,0,3,251,0.0279877934868
masked,robust,0.4,0.3,3,7.5,0,4,177,0.028231438836
masked,robust,0.4,0.3,3,7.5,0,5,125,0.0314947803272
masked,robust,0.4,0.3,3,7.5,0,6,89,0.0379499780556
masked,robust,0.4,0.3,3,7.5,0,7,63,0.0464050353348
masked,robust,0.4,0.3,3,7.5,0,8,45,0.0552882196153
masked,robust,0.4,0.3,3,7.5,0,9,31,0.0742184851748
masked,linear,0.4,0.3,3,7.5,1,1,501,0.125977404039
masked,linear,0.4,0.3,3,7.5,1,2,355,0.0702913384549
masked,linear,0.4,0.3,3,7.5,1,3,251,0.0824778327056
masked,linear,0.4,0.3,3,7.5,1,4,177,0.0892693205369
masked,linear,0.4,0.3,3,7.5,1,5,125,0.105064015673
masked,linear,0.4,0.3,3,7.5,1,6,89,0.121882106762
masked,linear,0.4,0.3,3,7.5,1,7,63,0.145630425606
masked,linear,0.4,0.3,3,7.5,1,8,45,0.152654174684
masked,linear,0.4,0.3,3,7.5,1,9,31,0.196103615243
masked,robust,0.4,0.3,3,7.5,1,1,501,0.0354020522473
masked,robust,0.4,0.3,3,7.5,1,2,355,0.0251941088203
masked,robust,0.4,0.3,3,7.5,1,3,251,0.0293432795713
masked,robust,0.4,0.3,3,7.5,1,4,177,0.0277667439859
masked,robust,0.4,0.3,3,7.5,1,5,125,0.033582169632
masked,robust,0.4,0.3,3,7.5,1,6,89,0.040616424395
masked,robust,0.4,0.3,3,7.5,1,7,63,0.045804886003
masked,robust,0.4,0.3,3,7.5,1,8,45,0.0523680611858
masked,robust,0.4,0.3,3,7.5,1,9,31,0.0728198344866
masked,linear,0.4,0.3,3,7.5,2,1,501,0.141870826456
masked,linear,0.4,0.3,3,7.5,2,2,355,0.071084128993
masked,linear,0.4,0.3,3,7.5,2,3,251,0.0701134777571
masked,linear,0.4,0.3,3,7.5,2,4,177,0.0726235573913
masked,linear,0.4,0.3,3,7.5,2,5,125,0.105070617315
masked,linear,0.4,0.3,3,7.5,2,6,89,0.118908498485
masked,linear,0.4,0.3,3,7.5,2,7,63,0.121600222383
masked,linear,0.4,0.3,3,7.5,2,8,45,0.147475355986
masked,linear,0.4,0.3,3,7.5,2,9,31,0.200428280221
masked,robust,0.4,0.3,3,7.5,2,1,501,0.0379241534751
masked,robust,0.4,0.3,3,7.5,2,2,355,0.0260870194313
masked,robust,0.4,0.3,3,7.5,2,3,251,0.025708556017
masked,robust,0.4,0.3,3,7.5,2,4,177,0.024876284295
masked,robust,0.4,0.3,3,7.5,2,5,125,0.0330187742808
masked,robust,0.4,0.3,3,7.5,2,6,89,0.0420899013666
masked,robust,0.4,0.3,3,7.5,2,7,63,0.0462991274824
masked,robust,0.4,0.3,3,7.5,2,8,45,0.053401686733
masked,robust,0.4,0.3,3,7.5,2,9,31,0.0727415016554
masked,linear,0.6,0.1,1,1.66666666667,0,1,501,0.061042163989
masked,linear,0.6,0.1,1,1.66666666667,0,2,355,0.0311230989257
masked,linear,0.6,0.1,1,1.66666666667,0,3,251,0.0295878742702
masked,linear,0.6,0.1,1,1.66666666667,0,4,177,0.0290501348242
masked,linear,0.6,0.1,1,1.66666666667,0,5,125,0.0357004077406
masked,linear,0.6,0.1,1,1.66666666667,0,6,89,0.0421879023653
masked,linear,0.6,0.1,1,1.66666666667,0,7,63,0.0463354286686
masked,linear,0.6,0.1,1,1.66666666667,0,8,45,0.0539338817108
masked,linear,0.6,0.1,1,1.66666666667,0,9,31,0.0673445778772
masked,robust,0.6,0.1,1,1.66666666667,0,1,501,0.045949880917
masked,robust,0.6,0.1,1,1.66666666667,0,2,355,0.0245481767053
masked,robust,0.6,0.1,1,1.66666666667,0,3,251,0.0254804384167
masked,robust,0.6,0.1,1,1.66666666667,0,4,177,0.0243896513118
masked,robust,0.6,0.1,1,1.66666666667,0,5,125,0.0296331457249
masked,robust,0.6,0.1,1,1.66666666667,0,6,89,0.0370647864236
masked,robust,0.6,0.1,1,1.66666666667,0,7,63,0.041297560946
masked,robust,0.6,0.1,1,1.66666666667,0,8,45,0.0467817091538
masked,robust,0.6,0.1,1,1.66666666667,0,9,31,0.0579830282211
masked,linear,0.6,0.1,1,1.66666666667,1,1,501,0.0362473410859
masked,linear,0.6,0.1,1,1.66666666667,1,2,355,0.0224785142715
masked,linear,0.6,0.1,1,1.66666666667,1,3,251,0.0242630583478
masked,linear,0.6,0.1,1,1.66666666667,1,4,177,0.0289347122431
masked,linear,0.6,0.1,1,1.66666666667,1,5,125,0.0331331263588
masked,linear,0.6,0.1,1,1.66666666667,1,6,89,0.0332878264214
masked,linear,0.6,0.1,1,1.66666666667,1,7,63,0.0388047274468
masked,linear,0.6,0.1,1,1.66666666667,1,8,45,0.0477908846037
masked,linear,0.6,0.1,1,1.66666666667,1,9,31,0.0575310962561
masked,robust,0.6,0.1,1,1.66666666667,1,1,501,0.0328835988759
masked,robust,0.6,0.1,1,1.66666666667,1,2,355,0.0193742619258
masked,robust,0.6,0.1,1,1.66666666667,1,3,251,0.0208337105229
masked,robust,0.6,0.1,1,1.66666666667,1,4,177,0.0251848052032
masked,robust,0.6,0.1,1,1.66666666667,1,5,125,0.0293604991817
masked,robust,0.6,0.1,1,1.66666666667,1,6,89,0.0308761030951
masked,robust,0.6,0.1,1,1.66666666667,1,7,63,0.0367006108959
masked,robust,0.6,0.1,1,1.66666666667,1,8,45,0.0445829571819
masked,robust,0.6,0.1,1,1.66666666667,1,9,31,0.0528873194859
masked,linear,0.6,0.1,1,1.66666666667,2,1,501,0.0334704632032
masked,linear,0.6,0.1,1,1.66666666667,2,2,355,0.0154416111369
masked,linear,0.6,0.1,1,1.66666666667,2,3,251,0.0192503346345
masked,linear,0.6,0.1,1,1.66666666667,2,4,177,0.0218911564757
masked,linear,0.6,0.1,1,1.66666666667,2,5,125,0.0253286057817
masked,linear,0.6,0.1,1,1.66666666667,2,6,89,0.0339154061923
masked,linear,0.6,0.1,1,1.66666666667,2,7,63,0.039235307223
masked,linear,0.6,0.1,1,1.66666666667,2,8,45,0.0388977389104
masked,linear,0.6,0.1,1,1.66666666667,2,9,31,0.0511439504334
masked,robust,0.6,0.1,1,1.66666666667,2,1,501,0.029245150123
masked,robust,0.6,0.1,1,1.66666666667,2,2,355,0.0153584936481
masked,robust,0.6,0.1,1,1.66666666667,2,3,251,0.0177284523186
masked,robust,0.6,0.1,1,1.66666666667,2,4,177,0.0198614471084
masked,robust,0.6,0.1,1,1.66666666667,2,5,125,0.0228501815786
masked,robust,0.6,0.1,1,1.66666666667,2,6,89,0.0315293325952
masked,robust,0.6,0.1,1,1.66666666667,2,7,63,0.036936521276
masked,robust,0.6,0.1,1,1.66666666667,2,8,45,0.0366857129184
masked,robust,0.6,0.1,1,1.66666666667,2,9,31,0.0468699222768
masked,linear,0.6,0.1,1.5,2.5,0,1,501,0.0680589654494
masked,linear,0.6,0.1,1.5,2.5,0,2,355,0.0374823868159
masked,linear,0.6,0.1,1.5,2.5,0,3,251,0.0369853739931
masked,linear,0.6,0.1,1.5,2.5,0,4,177,0.0354059659195
masked,linear,0.6,0.1,1.5,2.5,0,5,125,0.0423445010148
masked,linear,0.6,0.1,1.5,2.5,0,6,89,0.0492553542238
masked,linear,0.6,0.1,1.5,2.5,0,7,63,0.0557397332813
masked,linear,0.6,0.1,1.5,2.5,0,8,45,0.066777508793
masked,linear,0.6,0.1,1.5,2.5,0,9,31,0.0829616136393
masked,robust,0.6,0.1,1.5,2.5,0,1,501,0.0410883898338
masked,robust,0.6,0.1,1.5,2.5,0,2,355,0.0248961610673
masked,robust,0.6,0.1,1.5,2.5,0,3,251,0.0263681058376
masked,robust,0.6,0.1,1.5,2.5,0,4,177,0.0249617233988
masked,robust,0.6,0.1,1.5,2.5,0,5,125,0.0313147478993
masked,robust,0.6,0.1,1.5,2.5,0,6,89,0.0393101623407
masked,robust,0.6,0.1,1.5,2.5,0,7,63,0.0437884888598
masked,robust,0.6,0.1,1.5,2.5,0,8,45,0.0495948147223
masked,robust,0.6,0.1,1.5,2.5,0,9,31,0.0612552331138
masked,linear,0.6,0.1,1.5,2.5,1,1,501,0.0406342410457
masked,linear,0.6,0.1,1.5,2.5,1,2,355,0.0269655299375
masked,linear,0.6,0.1,1.5,2.5,1,3,251,0.0283091302286
masked,linear,0.6,0.1,1.5,2.5,1,4,177,0.0342671065897
masked,linear,0.6,0.1,1.5,2.5,1,5,125,0.0415785264809
masked,linear,0.6,0.1,1.5,2.5,1,6,89,0.0419336866586
masked,linear,0.6,0.1,1.5,2.5,1,7,63,0.0470474353754
masked,linear,0.6,0.1,1.5,2.5,1,8,45,0.057315727316
masked,linear,0.6,0.1,1.5,2.5,1,9,31,0.0698746881711
masked,robust,0.6,0.1,1.5,2.5,1,1,501,0.033752766419
masked,robust,0.6,0.1,1.5,2.5,1,2,355,0.0198315409911
masked,robust,0.6,0.1,1.5,2.5,1,3,251,0.0210428702376
masked,robust,0.6,0.1,1.5,2.5,1,4,177,0.0258802016188
masked,robust,0.6,0.1,1.5,2.5,1,5,125,0.0313089879422
masked,robust,0.6,0.1,1.5,2.5,1,6,89,0.0334094056342
masked,robust,0.6,0.1,1.5,2.5,1,7,63,0.0391212759288
masked,robust,0.6,0.1,1.5,2.5,1,8,45,0.0477393544784
masked,robust,0.6,0.1,1.5,2.5,1,9,31,0.0573601416153
masked,linear,0.6,0.1,1.5,2.5,2,1,501,0.0368250288312
masked,linear,0.6,0.1,1.5,2.5,2,2,355,0.0192977487944
masked,linear,0.6,0.1,1.5,2.5,2,3,251,0.0245567209977
masked,linear,0.6,0.1,1.5,2.5,2,4,177,0.0273220428867
masked,linear,0.6,0.1,1.5,2.5,2,5,125,0.0307468566173
masked,linear,0.6,0.1,1.5,2.5,2,6,89,0.0381881664359
masked,linear,0.6,0.1,1.5,2.5,2,7,63,0.0431142152382
masked,linear,0.6,0.1,1.5,2.5,2,8,45,0.0442137276281
masked,linear,0.6,0.1,1.5,2.5,2,9,31,0.061512045402
masked,robust,0.6,0.1,1.5,2.5,2,1,501,0.0313959367719
masked,robust,0.6,0.1,1.5,2.5,2,2,355,0.0165667795491
masked,robust,0.6,0.1,1.5,2.5,2,3,251,0.0192144429981
masked,robust,0.6,0.1,1.5,2.5,2,4,177,0.0210693106606
masked,robust,0.6,0.1,1.5,2.5,2,5,125,0.0239008737367
masked,robust,0.6,0.1,1.5,2.5,2,6,89,0.0323542344536
masked,robust,0.6,0.1,1.5,2.5,2,7,63,0.0375200290565
masked,robust,0.6,0.1,1.5,2.5,2,8,45,0.0376787628343
masked,robust,0.6,0.1,1.5,2.5,2,9,31,0.0497721680198
masked,linear,0.6,0.1,2,3.33333333333,0,1,501,0.0764054959845
masked,linear,0.6,0.1,2,3.33333333333,0,2,355,0.0446550326691
masked,linear,0.6,0.1,2,3.33333333333,0,3,251,0.0450740369624
masked,linear,0.6,0.1,2,3.33333333333,0,4,177,0.0425705669563
masked,linear,0.6,0.1,2,3.33333333333,0,5,125,0.0496013049783
masked,linear,0.6,0.1,2,3.33333333333,0,6,89,0.0569823989155
masked,linear,0.6,0.1,2,3.33333333333,0,7,63,0.0662439981734
masked,linear,0.6,0.1,2,3.33333333333,0,8,45,0.0809811755643
masked,linear,0.6,0.1,2,3.33333333333,0,9,31,0.100416640087
masked,robust,0.6,0.1,2,3.33333333333,0,1,501,0.0372403586299
masked,robust,0.6,0.1,2,3.33333333333,0,2,355,0.025138331715
masked,robust,0.6,0.1,2,3.33333333333,0,3,251,0.0266834499482
masked,robust,0.6,0.1,2,3.33333333333,0,4,177,0.0251698989402
masked,robust,0.6,0.1,2,3.33333333333,0,5,125,0.0325558260597
masked,robust,0.6,0.1,2,3.33333333333,0,6,89,0.0410804135547
masked,robust,0.6,0.1,2,3.33333333333,0,7,63,0.0456405523528
masked,robust,0.6,0.1,2,3.33333333333,0,8,45,0.0514582008868
masked,robust,0.6,0.1,2,3.33333333333,0,9,31,0.0633431930257
masked,linear,0.6,0.1,2,3.33333333333,1,1,501,0.0470909237202
masked,linear,0.6,0.1,2,3.33333333333,1,2,355,0.0334525764966
masked,linear,0.6,0.1,2,3.33333333333,1,3,251,0.0333515206243
masked,linear,0.6,0.1,2,3.33333333333,1,4,177,0.0404276918406
masked,linear,0.6,0.1,2,3.33333333333,1,5,125,0.0510323417734
masked,linear,0.6,0.1,2,3.33333333333,1,6,89,0.0517544371207
masked,linear,0.6,0.1,2,3.33333333333,1,7,63,0.056809919322
masked,linear,0.6,0.1,2,3.33333333333,1,8,45,0.0684804835747
masked,linear,0.6,0.1,2,3.33333333333,1,9,31,0.0842237694952
masked,robust,0.6,0.1,2,3.33333333333,1,1,501,0.0348013356494
masked,robust,0.6,0.1,2,3.33333333333,1,2,355,0.0205216127788
masked,robust,0.6,0.1,2,3.33333333333,1,3,251,0.0211189904697
masked,robust,0.6,0.1,2,3.33333333333,1,4,177,0.0261493316688
masked,robust,0.6,0.1,2,3.33333333333,1,5,125,0.032436353188
masked,robust,0.6,0.1,2,3.33333333333,1,6,89,0.03505509933
masked,robust,0.6,0.1,2,3.33333333333,1,7,63,0.0407556609775
masked,robust,0.6,0.1,2,3.33333333333,1,8,45,0.0498233317819
masked,robust,0.6,0.1,2,3.33333333333,1,9,31,0.0606975546243
masked,linear,0.6,0.1,2,3.33333333333,2,1,501,0.0419861343549
masked,linear,0.6,0.1,2,3.33333333333,2,2,355,0.0240722852156
masked,linear,0.6,0.1,2,3.33333333333,2,3,251,0.0305384463813
masked,linear,0.6,0.1,2,3.33333333333,2,4,177,0.033528177797
masked,linear,0.6,0.1,2,3.33333333333,2,5,125,0.0371652755527
masked,linear,0.6,0.1,2,3.33333333333,2,6,89,0.0436668719353
masked,linear,0.6,0.1,2,3.33333333333,2,7,63,0.0484324552292
masked,linear,0.6,0.1,2,3.33333333333,2,8,45,0.0515092718816
masked,linear,0.6,0.1,2,3.33333333333,2,9,31,0.0739778107604
masked,robust,0.6,0.1,2,3.33333333333,2,1,501,0.0340234343746
masked,robust,0.6,0.1,2,3.33333333333,2,2,355,0.0175531603074
masked,robust,0.6,0.1,2,3.33333333333,2,3,251,0.0203010584314
masked,robust,0.6,0.1,2,3.33333333333,2,4,177,0.021966049149
masked,robust,0.6,0.1,2,3.33333333333,2,5,125,0.0246330834935
masked,robust,0.6,0.1,2,3.33333333333,2,6,89,0.0328946770997
masked,robust,0.6,0.1,2,3.33333333333,2,7,63,0.0379505601203
masked,robust,0.6,0.1,2,3.33333333333,2,8,45,0.0386406423361
masked,robust,0.6,0.1,2,3.33333333333,2,9,31,0.052280949059
masked,linear,0.6,0.1,2.5,4.16666666667,0,1,501,0.0856940890624
masked,linear,0.6,0.1,2.5,4.16666666667,0,2,355,0.0523075056807
masked,linear,0.6,0.1,2.5,4.16666666667,0,3,251,0.0535415264992
masked,linear,0.6,0.1,2.5,4.16666666667,0,4,177,0.0501988304461
masked,linear,0.6,0.1,2.5,4.16666666667,0,5,125,0.0572382492826
masked,linear,0.6,0.1,2.5,4.16666666667,0,6,89,0.0651347119848
masked,linear,0.6,0.1,2.5,4.16666666667,0,7,63,0.0774016810738
masked,linear,0.6,0.1,2.5,4.16666666667,0,8,45,0.0959427378281
masked,linear,0.6,0.1,2.5,4.16666666667,0,9,31,0.118902939307
masked,robust,0.6,0.1,2.5,4.16666666667,0,1,501,0.0343746180642
masked,robust,0.6,0.1,2.5,4.16666666667,0,2,355,0.0253653842344
masked,robust,0.6,0.1,2.5,4.16666666667,0,3,251,0.0267906218443
masked,robust,0.6,0.1,2.5,4.16666666667,0,4,177,0.0252004373145
masked,robust,0.6,0.1,2.5,4.16666666667,0,5,125,0.0334087628765
masked,robust,0.6,0.1,2.5,4.16666666667,0,6,89,0.0424011443752
masked,robust,0.6,0.1,2.5,4.16666666667,0,7,63,0.0470600456461
masked,robust,0.6,0.1,2.5,4.16666666667,0,8,45,0.0528754875252
masked,robust,0.6,0.1,2.5,4.16666666667,0,9,31,0.064900144563
masked,linear,0.6,0.1,2.5,4.16666666667,1,1,501,0.0548918062208
masked,linear,0.6,0.1,2.5,4.16666666667,1,2,355,0.0410010830612
masked,linear,0.6,0.1,2.5,4.16666666667,1,3,251,0.0390057331856
masked,linear,0.6,0.1,2.5,4.16666666667,1,4,177,0.047092553479
masked,linear,0.6,0.1,2.5,4.16666666667,1,5,125,0.061027716572
masked,linear,0.6,0.1,2.5,4.16666666667,1,6,89,0.0621960002135
masked,linear,0.6,0.1,2.5,4.16666666667,1,7,63,0.0674353330691
masked,linear,0.6,0.1,2.5,4.16666666667,1,8,45,0.080606580065
masked,linear,0.6,0.1,2.5,4.16666666667,1,9,31,0.0997163022748
masked,robust,0.6,0.1,2.5,4.16666666667,1,1,501,0.0356954855759
masked,robust,0.6,0.1,2.5,4.16666666667,1,2,355,0.0211730617507
masked,robust,0.6,0.1,2.5,4.16666666667,1,3,251,0.0210881001628
masked,robust,0.6,0.1,2.5,4.16666666667,1,4,177,0.0261676352307
masked,robust,0.6,0.1,2.5,4.16666666667,1,5,125,0.0330948664563
masked,robust,0.6,0.1,2.5,4.16666666667,1,6,89,0.0361841028751
masked,robust,0.6,0.1,2.5,4.16666666667,1,7,63,0.041922600246
masked,robust,0.6,0.1,2.5,4.16666666667,1,8,45,0.0511414023033
masked,robust,0.6,0.1,2.5,4.16666666667,1,9,31,0.0629699254042
masked,linear,0.6,0.1,2.5,4.16666666667,2,1,501,0.0483790253724
masked,linear,0.6,0.1,2.5,4.16666666667,2,2,355,0.0293199381891
masked,linear,0.6,0.1,2.5,4.16666666667,2,3,251,0.0368682501242
masked,linear,0.6,0.1,2.5,4.16666666667,2,4,177,0.0401516720511
masked,linear,0.6,0.1,2.5,4.16666666667,2,5,125,0.044149788403
masked,linear,0.6,0.1,2.5,4.16666666667,2,6,89,0.0499563181572
masked,linear,0.6,0.1,2.5,4.16666666667,2,7,63,0.0547723545655
masked,linear,0.6,0.1,2.5,4.16666666667,2,8,45,0.0600673640951
masked,linear,0.6,0.1,2.5,4.16666666667,2,9,31,0.0876507725696
masked,robust,0.6,0.1,2.5,4.16666666667,2,1,501,0.0361898841322
masked,robust,0.6,0.1,2.5,4.16666666667,2,2,355,0.0182515681394
masked,robust,0.6,0.1,2.5,4.16666666667,2,3,251,0.0210246672155
masked,robust,0.6,0.1,2.5,4.16666666667,2,4,177,0.0225447788202
masked,robust,0.6,0.1,2.5,4.16666666667,2,5,125,0.0250717839695
masked,robust,0.6,0.1,2.5,4.16666666667,2,6,89,0.0331909006179
masked,robust,0.6,0.1,2.5,4.16666666667,2,7,63,0.0382150066858
masked,robust,0.6,0.1,2.5,4.16666666667,2,8,45,0.039476515612
masked,robust,0.6,0.1,2.5,4.16666666667,2,9,31,0.0543149589241
masked,linear,0.6,0.1,3,5,0,1,501,0.0956506875502
masked,linear,0.6,0.1,3,5,0,2,355,0.0602572729633
masked,linear,0.6,0.1,3,5,0,3,251,0.0622334045729
masked,linear,0.6,0.1,3,5,0,4,177,0.0581084386663
masked,linear,0.6,0.1,3,5,0,5,125,0.0651217317209
masked,linear,0.6,0.1,3,5,0,6,89,0.0735710586933
masked,linear,0.6,0.1,3,5,0,7,63,0.0889672787235
masked,linear,0.6,0.1,3,5,0,8,45,0.11135712873
masked,linear,0.6,0.1,3,5,0,9,31,0.138006707974
masked,robust,0.6,0.1,3,5,0,1,501,0.0324216124241
masked,robust,0.6,0.1,3,5,0,2,355,0.0256234676895
masked,robust,0.6,0.1,3,5,0,3,251,0.0268532071436
masked,robust,0.6,0.1,3,5,0,4,177,0.0251776846294
masked,robust,0.6,0.1,3,5,0,5,125,0.0339989165727
masked,robust,0.6,0.1,3,5,0,6,89,0.0433692073805
masked,robust,0.6,0.1,3,5,0,7,63,0.0481266596732
masked,robust,0.6,0.1,3,5,0,8,45,0.0540070429201
masked,robust,0.6,0.1,3,5,0,9,31,0.0662117508885
masked,linear,0.6,0.1,3,5,1,1,501,0.0635437441881
masked,linear,0.6,0.1,3,5,1,2,355,0.0491241449657
masked,linear,0.6,0.1,3,5,1,3,251,0.0450419441686
masked,linear,0.6,0.1,3,5,1,4,177,0.0540755542817
masked,linear,0.6,0.1,3,5,1,5,125,0.0713373724891
masked,linear,0.6,0.1,3,5,1,6,89,0.0729924387824
masked,linear,0.6,0.1,3,5,1,7,63,0.0785743775902
masked,linear,0.6,0.1,3,5,1,8,45,0.0933200136906
masked,linear,0.6,0.1,3,5,1,9,31,0.115894628094
masked,robust,0.6,0.1,3,5,1,1,501,0.0363449296711
masked,robust,0.6,0.1,3,5,1,2,355,0.0217016225822
masked,robust,0.6,0.1,3,5,1,3,251,0.0210335541793
masked,robust,0.6,0.1,3,5,1,4,177,0.0261001646499
masked,robust,0.6,0.1,3,5,1,5,125,0.0334942875315
masked,robust,0.6,0.1,3,5,1,6,89,0.0369878500667
masked,robust,0.6,0.1,3,5,1,7,63,0.0427922363551
masked,robust,0.6,0.1,3,5,1,8,45,0.0519695261848
masked,robust,0.6,0.1,3,5,1,9,31,0.0644557721091
masked,linear,0.6,0.1,3,5,2,1,501,0.0555802716993
masked,linear,0.6,0.1,3,5,2,2,355,0.0348274990241
masked,linear,0.6,0.1,3,5,2,3,251,0.0433940782328
masked,linear,0.6,0.1,3,5,2,4,177,0.0470164674751
masked,linear,0.6,0.1,3,5,2,5,125,0.0514704528756
masked,linear,0.6,0.1,3,5,2,6,89,0.0567877637645
masked,linear,0.6,0.1,3,5,2,7,63,0.0618203839439
masked,linear,0.6,0.1,3,5,2,8,45,0.0694226413316
masked,linear,0.6,0.1,3,5,2,9,31,0.102046832734
masked,robust,0.6,0.1,3,5,2,1,501,0.0379236982208
masked,robust,0.6,0.1,3,5,2,2,355,0.0187415009743
masked,robust,0.6,0.1,3,5,2,3,251,0.021519016873
masked,robust,0.6,0.1,3,5,2,4,177,0.0229029677511
masked,robust,0.6,0.1,3,5,2,5,125,0.0252979833746
masked,robust,0.6,0.1,3,5,2,6,89,0.0333251243305
masked,robust,0.6,0.1,3,5,2,7,63,0.0383726670355
masked,robust,0.6,0.1,3,5,2,8,45,0.0401804384148
masked,robust,0.6,0.1,3,5,2,9,31,0.0559328305325
masked,linear,0.6,0.15,1,1.66666666667,0,1,501,0.0634914353578
masked,linear,0.6,0.15,1,1.66666666667,0,2,355,0.0342699603355
masked,linear,0.6,0.15,1,1.66666666667,0,3,251,0.0313909298481
masked,linear,0.6,0.15,1,1.66666666667,0,4,177,0.0309363543996
masked,linear,0.6,0.15,1,1.66666666667,0,5,125,0.0383190853968
masked,linear,0.6,0.15,1,1.66666666667,0,6,89,0.0440236110113
masked,linear,0.6,0.15,1,1.66666666667,0,7,63,0.0462201067624
masked,linear,0.6,0.15,1,1.66666666667,0,8,45,0.0529497732296
masked,linear,0.6,0.15,1,1.66666666667,0,9,31,0.0680939178087
masked,robust,0.6,0.15,1,1.66666666667,0,1,501,0.0482572661359
masked,robust,0.6,0.15,1,1.66666666667,0,2,355,0.0280400790977
masked,robust,0.6,0.15,1,1.66666666667,0,3,251,0.0276678188853
masked,robust,0.6,0.15,1,1.66666666667,0,4,177,0.0259605299237
masked,robust,0.6,0.15,1,1.66666666667,0,5,125,0.0308878598445
masked,robust,0.6,0.15,1,1.66666666667,0,6,89,0.037930633991
masked,robust,0.6,0.15,1,1.66666666667,0,7,63,0.0414948505938
masked,robust,0.6,0.15,1,1.66666666667,0,8,45,0.0465858405726
masked,robust,0.6,0.15,1,1.66666666667,0,9,31,0.0594117362966
masked,linear,0.6,0.15,1,1.66666666667,1,1,501,0.04641305386
masked,linear,0.6,0.15,1,1.66666666667,1,2,355,0.025395878266
masked,linear,0.6,0.15,1,1.66666666667,1,3,251,0.0267248279165
masked,linear,0.6,0.15,1,1.66666666667,1,4,177,0.030688688214
masked,linear,0.6,0.15,1,1.66666666667,1,5,125,0.034032399951
masked,linear,0.6,0.15,1,1.66666666667,1,6,89,0.0348268542069
masked,linear,0.6,0.15,1,1.66666666667,1,7,63,0.0410081021886
masked,linear,0.6,0.15,1,1.66666666667,1,8,45,0.0485451731864
masked,linear,0.6,0.15,1,1.66666666667,1,9,31,0.0597409564043
masked,robust,0.6,0.15,1,1.66666666667,1,1,501,0.0378548540286
masked,robust,0.6,0.15,1,1.66666666667,1,2,355,0.0210523738044
masked,robust,0.6,0.15,1,1.66666666667,1,3,251,0.0231426279675
masked,robust,0.6,0.15,1,1.66666666667,1,4,177,0.0266366910413
masked,robust,0.6,0.15,1,1.66666666667,1,5,125,0.030035267457
masked,robust,0.6,0.15,1,1.66666666667,1,6,89,0.0320421445182
masked,robust,0.6,0.15,1,1.66666666667,1,7,63,0.0381331972745
masked,robust,0.6,0.15,1,1.66666666667,1,8,45,0.0451131455438
masked,robust,0.6,0.15,1,1.66666666667,1,9,31,0.0547670708554
masked,linear,0.6,0.15,1,1.66666666667,2,1,501,0.0313821134244
masked,linear,0.6,0.15,1,1.66666666667,2,2,355,0.0198073504176
masked,linear,0.6,0.15,1,1.66666666667,2,3,251,0.0248785825886
masked,linear,0.6,0.15,1,1.66666666667,2,4,177,0.027019115134
masked,linear,0.6,0.15,1,1.66666666667,2,5,125,0.0285440979919
masked,linear,0.6,0.15,1,1.66666666667,2,6,89,0.0365289662531
masked,linear,0.6,0.15,1,1.66666666667,2,7,63,0.0437597446154
masked,linear,0.6,0.15,1,1.66666666667,2,8,45,0.0454703935495
masked,linear,0.6,0.15,1,1.66666666667,2,9,31,0.0608705166247
masked,robust,0.6,0.15,1,1.66666666667,2,1,501,0.0284425015571
masked,robust,0.6,0.15,1,1.66666666667,2,2,355,0.0171918343272
masked,robust,0.6,0.15,1,1.66666666667,2,3,251,0.0210221254036
masked,robust,0.6,0.15,1,1.66666666667,2,4,177,0.0232687609758
masked,robust,0.6,0.15,1,1.66666666667,2,5,125,0.0256443937275
masked,robust,0.6,0.15,1,1.66666666667,2,6,89,0.0337517941862
masked,robust,0.6,0.15,1,1.66666666667,2,7,63,0.0395781254593
masked,robust,0.6,0.15,1,1.66666666667,2,8,45,0.0398181445124
masked,robust,0.6,0.15,1,1.66666666667,2,9,31,0.0523817949398
masked,linear,0.6,0.15,1.5,2.5,0,1,501,0.0695322564755
masked,linear,0.6,0.15,1.5,2.5,0,2,355,0.0407780164663
masked,linear,0.6,0.15,1.5,2.5,0,3,251,0.038698688748
masked,linear,0.6,0.15,1.5,2.5,0,4,177,0.0374251953594
masked,linear,0.6,0.15,1.5,2.5,0,5,125,0.0461408106851
masked,linear,0.6,0.15,1.5,2.5,0,6,89,0.0519033534454
masked,linear,0.6,0.15,1.5,2.5,0,7,63,0.0550554623613
masked,linear,0.6,0.15,1.5,2.5,0,8,45,0.0649466622795
masked,linear,0.6,0.15,1.5,2.5,0,9,31,0.0839724364679
masked,robust,0.6,0.15,1.5,2.5,0,1,501,0.0419196485311
masked,robust,0.6,0.15,1.5,2.5,0,2,355,0.0285329070901
masked,robust,0.6,0.15,1.5,2.5,0,3,251,0.0289702838276
masked,robust,0.6,0.15,1.5,2.5,0,4,177,0.0264779500321
masked,robust,0.6,0.15,1.5,2.5,0,5,125,0.0322672318064
masked,robust,0.6,0.15,1.5,2.5,0,6,89,0.0396562975958
masked,robust,0.6,0.15,1.5,2.5,0,7,63,0.0434968965262
masked,robust,0.6,0.15,1.5,2.5,0,8,45,0.0494661336749
masked,robust,0.6,0.15,1.5,2.5,0,9,31,0.0639021627758
masked,linear,0.6,0.15,1.5,2.5,1,1,501,0.049724924318
masked,linear,0.6,0.15,1.5,2.5,1,2,355,0.0292576841408
masked,linear,0.6,0.15,1.5,2.5,1,3,251,0.0321430157774
masked,linear,0.6,0.15,1.5,2.5,1,4,177,0.03729847198
masked,linear,0.6,0.15,1.5,2.5,1,5,125,0.0433101674982
masked,linear,0.6,0.15,1.5,2.5,1,6,89,0.044756812969
masked,linear,0.6,0.15,1.5,2.5,1,7,63,0.0517353189475
masked,linear,0.6,0.15,1.5,2.5,1,8,45,0.0598962442911
masked,linear,0.6,0.15,1.5,2.5,1,9,31,0.0749412079476
masked,robust,0.6,0.15,1.5,2.5,1,1,501,0.0359306916874
masked,robust,0.6,0.15,1.5,2.5,1,2,355,0.020530136015
masked,robust,0.6,0.15,1.5,2.5,1,3,251,0.0236434032943
masked,robust,0.6,0.15,1.5,2.5,1,4,177,0.0278111589071
masked,robust,0.6,0.15,1.5,2.5,1,5,125,0.0325764088872
masked,robust,0.6,0.15,1.5,2.5,1,6,89,0.0354606681797
masked,robust,0.6,0.15,1.5,2.5,1,7,63,0.0420279267501
masked,robust,0.6,0.15,1.5,2.5,1,8,45,0.0497042198004
masked,robust,0.6,0.15,1.5,2.5,1,9,31,0.0609204407662
masked,linear,0.6,0.15,1.5,2.5,2,1,501,0.0345360779467
masked,linear,0.6,0.15,1.5,2.5,2,2,355,0.024117891685
masked,linear,0.6,0.15,1.5,2.5,2,3,251,0.0321059904187
masked,linear,0.6,0.15,1.5,2.5,2,4,177,0.0347259672995
masked,linear,0.6,0.15,1.5,2.5,2,5,125,0.0356034210948
masked,linear,0.6,0.15,1.5,2.5,2,6,89,0.0423394958338
masked,linear,0.6,0.15,1.5,2.5,2,7,63,0.0510211147087
masked,linear,0.6,0.15,1.5,2.5,2,8,45,0.0566563610178
masked,linear,0.6,0.15,1.5,2.5,2,9,31,0.0781013803712
masked,robust,0.6,0.15,1.5,2.5,2,1,501,0.0311424992409
masked,robust,0.6,0.15,1.5,2.5,2,2,355,0.0179976983326
masked,robust,0.6,0.15,1.5,2.5,2,3,251,0.0232459793949
masked,robust,0.6,0.15,1.5,2.5,2,4,177,0.0256148339955
masked,robust,0.6,0.15,1.5,2.5,2,5,125,0.0277933957935
masked,robust,0.6,0.15,1.5,2.5,2,6,89,0.0355143731469
masked,robust,0.6,0.15,1.5,2.5,2,7,63,0.041326866258
masked,robust,0.6,0.15,1.5,2.5,2,8,45,0.0427243130036
masked,robust,0.6,0.15,1.5,2.5,2,9,31,0.0580133886743
masked,linear,0.6,0.15,2,3.33333333333,0,1,501,0.0778241992819
masked,linear,0.6,0.15,2,3.33333333333,0,2,355,0.0482381205703
masked,linear,0.6,0.15,2,3.33333333333,0,3,251,0.0466525603204
masked,linear,0.6,0.15,2,3.33333333333,0,4,177,0.0448293847816
masked,linear,0.6,0.15,2,3.33333333333,0,5,125,0.0546985741374
masked,linear,0.6,0.15,2,3.33333333333,0,6,89,0.0605622182025
masked,linear,0.6,0.15,2,3.33333333333,0,7,63,0.0650934703689
masked,linear,0.6,0.15,2,3.33333333333,0,8,45,0.0783645166137
masked,linear,0.6,0.15,2,3.33333333333,0,9,31,0.101682200017
masked,robust,0.6,0.15,2,3.33333333333,0,1,501,0.0372819766572
masked,robust,0.6,0.15,2,3.33333333333,0,2,355,0.0287468949931
masked,robust,0.6,0.15,2,3.33333333333,0,3,251,0.0295734680368
masked,robust,0.6,0.15,2,3.33333333333,0,4,177,0.0266524245208
masked,robust,0.6,0.15,2,3.33333333333,0,5,125,0.0331063720543
masked,robust,0.6,0.15,2,3.33333333333,0,6,89,0.0407406250119
masked,robust,0.6,0.15,2,3.33333333333,0,7,63,0.0447209965848
masked,robust,0.6,0.15,2,3.33333333333,0,8,45,0.0514474934471
masked,robust,0.6,0.15,2,3.33333333333,0,9,31,0.0672684649032
masked,linear,0.6,0.15,2,3.33333333333,1,1,501,0.0547651509604
masked,linear,0.6,0.15,2,3.33333333333,1,2,355,0.0354239407095
masked,linear,0.6,0.15,2,3.33333333333,1,3,251,0.0387909341971
masked,linear,0.6,0.15,2,3.33333333333,1,4,177,0.0448580070494
masked,linear,0.6,0.15,2,3.33333333333,1,5,125,0.0535895553925
masked,linear,0.6,0.15,2,3.33333333333,1,6,89,0.0558581093151
masked,linear,0.6,0.15,2,3.33333333333,1,7,63,0.064094166261
masked,linear,0.6,0.15,2,3.33333333333,1,8,45,0.073056655811
masked,linear,0.6,0.15,2,3.33333333333,1,9,31,0.0923213517157
masked,robust,0.6,0.15,2,3.33333333333,1,1,501,0.0354276868117
masked,robust,0.6,0.15,2,3.33333333333,1,2,355,0.0205697455188
masked,robust,0.6,0.15,2,3.33333333333,1,3,251,0.0237035134742
masked,robust,0.6,0.15,2,3.33333333333,1,4,177,0.0282899138541
masked,robust,0.6,0.15,2,3.33333333333,1,5,125,0.0340852536577
masked,robust,0.6,0.15,2,3.33333333333,1,6,89,0.0377670031077
masked,robust,0.6,0.15,2,3.33333333333,1,7,63,0.044894388593
masked,robust,0.6,0.15,2,3.33333333333,1,8,45,0.0530540882658
masked,robust,0.6,0.15,2,3.33333333333,1,9,31,0.0656799845641
masked,linear,0.6,0.15,2,3.33333333333,2,1,501,0.0388646110198
masked,linear,0.6,0.15,2,3.33333333333,2,2,355,0.0293489757564
masked,linear,0.6,0.15,2,3.33333333333,2,3,251,0.0398742776592
masked,linear,0.6,0.15,2,3.33333333333,2,4,177,0.0432063404373
masked,linear,0.6,0.15,2,3.33333333333,2,5,125,0.0438606459845
masked,linear,0.6,0.15,2,3.33333333333,2,6,89,0.0496331612273
masked,linear,0.6,0.15,2,3.33333333333,2,7,63,0.0600350685648
masked,linear,0.6,0.15,2,3.33333333333,2,8,45,0.0700256003737
masked,linear,0.6,0.15,2,3.33333333333,2,9,31,0.0974795890262
masked,robust,0.6,0.15,2,3.33333333333,2,1,501,0.0344254921482
masked,robust,0.6,0.15,2,3.33333333333,2,2,355,0.0190329354751
masked,robust,0.6,0.15,2,3.33333333333,2,3,251,0.0250842326099
masked,robust,0.6,0.15,2,3.33333333333,2,4,177,0.0273673301622
masked,robust,0.6,0.15,2,3.33333333333,2,5,125,0.0293044213668
masked,robust,0.6,0.15,2,3.33333333333,2,6,89,0.036909599334
masked,robust,0.6,0.15,2,3.33333333333,2,7,63,0.0429171117582
masked,robust,0.6,0.15,2,3.33333333333,2,8,45,0.0452641669608
masked,robust,0.6,0.15,2,3.33333333333,2,9,31,0.0625905561993
masked,linear,0.6,0.15,2.5,4.16666666667,0,1,501,0.0877312730654
masked,linear,0.6,0.15,2.5,4.16666666667,0,2,355,0.0562728987088
masked,linear,0.6,0.15,2.5,4.16666666667,0,3,251,0.0549728032541
masked,linear,0.6,0.15,2.5,4.16666666667,0,4,177,0.0527649836553
masked,linear,0.6,0.15,2.5,4.16666666667,0,5,125,0.0636963979484
masked,linear,0.6,0.15,2.5,4.16666666667,0,6,89,0.0697104787723
masked,linear,0.6,0.15,2.5,4.16666666667,0,7,63,0.075858197419
masked,linear,0.6,0.15,2.5,4.16666666667,0,8,45,0.0925876020513
masked,linear,0.6,0.15,2.5,4.16666666667,0,9,31,0.120417942119
masked,robust,0.6,0.15,2.5,4.16666666667,0,1,501,0.0341352290638
masked,robust,0.6,0.15,2.5,4.16666666667,0,2,355,0.0288910435878
masked,robust,0.6,0.15,2.5,4.16666666667,0,3,251,0.0298694000425
masked,robust,0.6,0.15,2.5,4.16666666667,0,4,177,0.0266832514483
masked,robust,0.6,0.15,2.5,4.16666666667,0,5,125,0.033619129109
masked,robust,0.6,0.15,2.5,4.16666666667,0,6,89,0.0414590631665
masked,robust,0.6,0.15,2.5,4.16666666667,0,7,63,0.0455628527897
masked,robust,0.6,0.15,2.5,4.16666666667,0,8,45,0.0529987203724
masked,robust,0.6,0.15,2.5,4.16666666667,0,9,31,0.0700029661885
masked,linear,0.6,0.15,2.5,4.16666666667,1,1,501,0.0611075490628
masked,linear,0.6,0.15,2.5,4.16666666667,1,2,355,0.0429124820446
masked,linear,0.6,0.15,2.5,4.16666666667,1,3,251,0.0461400668077
masked,linear,0.6,0.15,2.5,4.16666666667,1,4,177,0.0529621557105
masked,linear,0.6,0.15,2.5,4.16666666667,1,5,125,0.0643926530109
masked,linear,0.6,0.15,2.5,4.16666666667,1,6,89,0.06755573981
masked,linear,0.6,0.15,2.5,4.16666666667,1,7,63,0.077306023125
masked,linear,0.6,0.15,2.5,4.16666666667,1,8,45,0.087211114395
masked,linear,0.6,0.15,2.5,4.16666666667,1,9,31,0.110860831108
masked,robust,0.6,0.15,2.5,4.16666666667,1,1,501,0.0354537878286
masked,robust,0.6,0.15,2.5,4.16666666667,1,2,355,0.0207938044751
masked,robust,0.6,0.15,2.5,4.16666666667,1,3,251,0.0235766786587
masked,robust,0.6,0.15,2.5,4.16666666667,1,4,177,0.0283819517499
masked,robust,0.6,0.15,2.5,4.16666666667,1,5,125,0.034946218527
masked,robust,0.6,0.15,2.5,4.16666666667,1,6,89,0.039320561648
masked,robust,0.6,0.15,2.5,4.16666666667,1,7,63,0.0469365435107
masked,robust,0.6,0.15,2.5,4.16666666667,1,8,45,0.0553153304265
masked,robust,0.6,0.15,2.5,4.16666666667,1,9,31,0.0691560203003
masked,linear,0.6,0.15,2.5,4.16666666667,2,1,501,0.0440225961562
masked,linear,0.6,0.15,2.5,4.16666666667,2,2,355,0.0350913118368
masked,linear,0.6,0.15,2.5,4.16666666667,2,3,251,0.0479211233784
masked,linear,0.6,0.15,2.5,4.16666666667,2,4,177,0.0520837568723
masked,linear,0.6,0.15,2.5,4.16666666667,2,5,125,0.0527562654832
masked,linear,0.6,0.15,2.5,4.16666666667,2,6,89,0.0578516960287
masked,linear,0.6,0.15,2.5,4.16666666667,2,7,63,0.0701290323846
masked,linear,0.6,0.15,2.5,4.16666666667,2,8,45,0.0845486905947
masked,linear,0.6,0.15,2.5,4.16666666667,2,9,31,0.117951489082
masked,robust,0.6,0.15,2.5,4.16666666667,2,1,501,0.037531750418
masked,robust,0.6,0.15,2.5,4.16666666667,2,2,355,0.0201765347131
masked,robust,0.6,0.15,2.5,4.16666666667,2,3,251,0.0266945134654
masked,robust,0.6,0.15,2.5,4.16666666667,2,4,177,0.0287402990488
masked,robust,0.6,0.15,2.5,4.16666666667,2,5,125,0.0303444357425
masked,robust,0.6,0.15,2.5,4.16666666667,2,6,89,0.0378946468468
masked,robust,0.6,0.15,2.5,4.16666666667,2,7,63,0.0441677066503
masked,robust,0.6,0.15,2.5,4.16666666667,2,8,45,0.0472934428346
masked,robust,0.6,0.15,2.5,4.16666666667,2,9,31,0.0659818121211
masked,linear,0.6,0.15,3,5,0,1,501,0.0987686464928
masked,linear,0.6,0.15,3,5,0,2,355,0.064668502269
masked,linear,0.6,0.15,3,5,0,3,251,0.0635156016293
masked,linear,0.6,0.15,3,5,0,4,177,0.0610250319823
masked,linear,0.6,0.15,3,5,0,5,125,0.0729716774338
masked,linear,0.6,0.15,3,5,0,6,89,0.079178682927
masked,linear,0.6,0.15,3,5,0,7,63,0.0870805525294
masked,linear,0.6,0.15,3,5,0,8,45,0.107296172857
masked,linear,0.6,0.15,3,5,0,9,31,0.139767675226
masked,robust,0.6,0.15,3,5,0,1,501,0.0322842197752
masked,robust,0.6,0.15,3,5,0,2,355,0.0291159389597
masked,robust,0.6,0.15,3,5,0,3,251,0.0300756167085
masked,robust,0.6,0.15,3,5,0,4,177,0.0267090173462
masked,robust,0.6,0.15,3,5,0,5,125,0.0339674318047
masked,robust,0.6,0.15,3,5,0,6,89,0.0419889172578
masked,robust,0.6,0.15,3,5,0,7,63,0.0462160594702
masked,robust,0.6,0.15,3,5,0,8,45,0.0542952874742
masked,robust,0.6,0.15,3,5,0,9,31,0.0723548618498
masked,linear,0.6,0.15,3,5,1,1,501,0.0683907923383
masked,linear,0.6,0.15,3,5,1,2,355,0.0511457593628
masked,linear,0.6,0.15,3,5,1,3,251,0.0539043693096
masked,linear,0.6,0.15,3,5,1,4,177,0.0613956304244
masked,linear,0.6,0.15,3,5,1,5,125,0.0754949703791
masked,linear,0.6,0.15,3,5,1,6,89,0.0795871919484
masked,linear,0.6,0.15,3,5,1,7,63,0.0910001121687
masked,linear,0.6,0.15,3,5,1,8,45,0.101946410566
masked,linear,0.6,0.15,3,5,1,9,31,0.13006483123
masked,robust,0.6,0.15,3,5,1,1,501,0.0355879654985
masked,robust,0.6,0.15,3,5,1,2,355,0.0210396140654
masked,robust,0.6,0.15,3,5,1,3,251,0.0234354304221
masked,robust,0.6,0.15,3,5,1,4,177,0.0283414752675
masked,robust,0.6,0.15,3,5,1,5,125,0.0354588476486
masked,robust,0.6,0.15,3,5,1,6,89,0.0404018577469
masked,robust,0.6,0.15,3,5,1,7,63,0.0484065381061
masked,robust,0.6,0.15,3,5,1,8,45,0.0567932210251
masked,robust,0.6,0.15,3,5,1,9,31,0.0716056994787
masked,linear,0.6,0.15,3,5,2,1,501,0.0497527248277
masked,linear,0.6,0.15,3,5,2,2,355,0.0411313270484
masked,linear,0.6,0.15,3,5,2,3,251,0.0561268452863
masked,linear,0.6,0.15,3,5,2,4,177,0.0611856391052
masked,linear,0.6,0.15,3,5,2,5,125,0.0620161707811
masked,linear,0.6,0.15,3,5,2,6,89,0.0666538598087
masked,linear,0.6,0.15,3,5,2,7,63,0.0808997485964
masked,linear,0.6,0.15,3,5,2,8,45,0.0997227775614
masked,linear,0.6,0.15,3,5,2,9,31,0.139034801815
masked,robust,0.6,0.15,3,5,2,1,501,0.0402844206256
masked,robust,0.6,0.15,3,5,2,2,355,0.0212801212351
masked,robust,0.6,0.15,3,5,2,3,251,0.028113480403
masked,robust,0.6,0.15,3,5,2,4,177,0.0298847172794
masked,robust,0.6,0.15,3,5,2,5,125,0.0311150450794
masked,robust,0.6,0.15,3,5,2,6,89,0.0385898553168
masked,robust,0.6,0.15,3,5,2,7,63,0.0451257426898
masked,robust,0.6,0.15,3,5,2,8,45,0.048938912599
masked,robust,0.6,0.15,3,5,2,9,31,0.06857057006
masked,linear,0.6,0.2,1,1.66666666667,0,1,501,0.0774607531628
masked,linear,0.6,0.2,1,1.66666666667,0,2,355,0.0378495038699
masked,linear,0.6,0.2,1,1.66666666667,0,3,251,0.0331649749605
masked,linear,0.6,0.2,1,1.66666666667,0,4,177,0.0346599355506
masked,linear,0.6,0.2,1,1.66666666667,0,5,125,0.0431919404219
masked,linear,0.6,0.2,1,1.66666666667,0,6,89,0.0492024756737
masked,linear,0.6,0.2,1,1.66666666667,0,7,63,0.0511545826021
masked,linear,0.6,0.2,1,1.66666666667,0,8,45,0.0549666894905
masked,linear,0.6,0.2,1,1.66666666667,0,9,31,0.0686705917191
masked,robust,0.6,0.2,1,1.66666666667,0,1,501,0.0568530795991
masked,robust,0.6,0.2,1,1.66666666667,0,2,355,0.0298257352876
masked,robust,0.6,0.2,1,1.66666666667,0,3,251,0.0291216676709
masked,robust,0.6,0.2,1,1.66666666667,0,4,177,0.0285776969416
masked,robust,0.6,0.2,1,1.66666666667,0,5,125,0.0334768505749
masked,robust,0.6,0.2,1,1.66666666667,0,6,89,0.0393708325599
masked,robust,0.6,0.2,1,1.66666666667,0,7,63,0.0424527966909
masked,robust,0.6,0.2,1,1.66666666667,0,8,45,0.0465143593432
masked,robust,0.6,0.2,1,1.66666666667,0,9,31,0.0595537527508
masked,linear,0.6,0.2,1,1.66666666667,1,1,501,0.0754943217575
masked,linear,0.6,0.2,1,1.66666666667,1,2,355,0.0327563390521
masked,linear,0.6,0.2,1,1.66666666667,1,3,251,0.0329174548788
masked,linear,0.6,0.2,1,1.66666666667,1,4,177,0.0343156322777
masked,linear,0.6,0.2,1,1.66666666667,1,5,125,0.0375204287679
masked,linear,0.6,0.2,1,1.66666666667,1,6,89,0.0398091929494
masked,linear,0.6,0.2,1,1.66666666667,1,7,63,0.047046045457
masked,linear,0.6,0.2,1,1.66666666667,1,8,45,0.0570078379003
masked,linear,0.6,0.2,1,1.66666666667,1,9,31,0.0703135461238
masked,robust,0.6,0.2,1,1.66666666667,1,1,501,0.0566836081327
masked,robust,0.6,0.2,1,1.66666666667,1,2,355,0.0266622809655
masked,robust,0.6,0.2,1,1.66666666667,1,3,251,0.0295091314213
masked,robust,0.6,0.2,1,1.66666666667,1,4,177,0.0300622314002
masked,robust,0.6,0.2,1,1.66666666667,1,5,125,0.0327664157537
masked,robust,0.6,0.2,1,1.66666666667,1,6,89,0.0348145277505
masked,robust,0.6,0.2,1,1.66666666667,1,7,63,0.0407375274952
masked,robust,0.6,0.2,1,1.66666666667,1,8,45,0.0495472712246
masked,robust,0.6,0.2,1,1.66666666667,1,9,31,0.0612203542016
masked,linear,0.6,0.2,1,1.66666666667,2,1,501,0.0446748024658
masked,linear,0.6,0.2,1,1.66666666667,2,2,355,0.0263240440347
masked,linear,0.6,0.2,1,1.66666666667,2,3,251,0.0289350633086
masked,linear,0.6,0.2,1,1.66666666667,2,4,177,0.0289017888957
masked,linear,0.6,0.2,1,1.66666666667,2,5,125,0.032280894127
masked,linear,0.6,0.2,1,1.66666666667,2,6,89,0.0405333491349
masked,linear,0.6,0.2,1,1.66666666667,2,7,63,0.0487105321088
masked,linear,0.6,0.2,1,1.66666666667,2,8,45,0.0497020048961
masked,linear,0.6,0.2,1,1.66666666667,2,9,31,0.0651627376507
masked,robust,0.6,0.2,1,1.66666666667,2,1,501,0.0389633057097
masked,robust,0.6,0.2,1,1.66666666667,2,2,355,0.0217123066506
masked,robust,0.6,0.2,1,1.66666666667,2,3,251,0.0232082428069
masked,robust,0.6,0.2,1,1.66666666667,2,4,177,0.0237187107927
masked,robust,0.6,0.2,1,1.66666666667,2,5,125,0.0268319171331
masked,robust,0.6,0.2,1,1.66666666667,2,6,89,0.036156370253
masked,robust,0.6,0.2,1,1.66666666667,2,7,63,0.0434193749408
masked,robust,0.6,0.2,1,1.66666666667,2,8,45,0.0429670783656
masked,robust,0.6,0.2,1,1.66666666667,2,9,31,0.0560645445728
masked,linear,0.6,0.2,1.5,2.5,0,1,501,0.0853412588253
masked,linear,0.6,0.2,1.5,2.5,0,2,355,0.0459753373841
masked,linear,0.6,0.2,1.5,2.5,0,3,251,0.040614119167
masked,linear,0.6,0.2,1.5,2.5,0,4,177,0.0419541246979
masked,linear,0.6,0.2,1.5,2.5,0,5,125,0.0533189178822
masked,linear,0.6,0.2,1.5,2.5,0,6,89,0.060414603363
masked,linear,0.6,0.2,1.5,2.5,0,7,63,0.0632008707995
masked,linear,0.6,0.2,1.5,2.5,0,8,45,0.0692838918071
masked,linear,0.6,0.2,1.5,2.5,0,9,31,0.0872765350001
masked,robust,0.6,0.2,1.5,2.5,0,1,501,0.0491922654701
masked,robust,0.6,0.2,1.5,2.5,0,2,355,0.0308722787081
masked,robust,0.6,0.2,1.5,2.5,0,3,251,0.030566178108
masked,robust,0.6,0.2,1.5,2.5,0,4,177,0.0290147641229
masked,robust,0.6,0.2,1.5,2.5,0,5,125,0.0352553383556
masked,robust,0.6,0.2,1.5,2.5,0,6,89,0.04108637049
masked,robust,0.6,0.2,1.5,2.5,0,7,63,0.0440060160445
masked,robust,0.6,0.2,1.5,2.5,0,8,45,0.0495715120876
masked,robust,0.6,0.2,1.5,2.5,0,9,31,0.0651603813487
masked,linear,0.6,0.2,1.5,2.5,1,1,501,0.085365079004
masked,linear,0.6,0.2,1.5,2.5,1,2,355,0.037637795891
masked,linear,0.6,0.2,1.5,2.5,1,3,251,0.0403473626216
masked,linear,0.6,0.2,1.5,2.5,1,4,177,0.042708473961
masked,linear,0.6,0.2,1.5,2.5,1,5,125,0.0487193587366
masked,linear,0.6,0.2,1.5,2.5,1,6,89,0.0532746085879
masked,linear,0.6,0.2,1.5,2.5,1,7,63,0.0629980440636
masked,linear,0.6,0.2,1.5,2.5,1,8,45,0.0744718837176
masked,linear,0.6,0.2,1.5,2.5,1,9,31,0.0919912830262
masked,robust,0.6,0.2,1.5,2.5,1,1,501,0.05521277625
masked,robust,0.6,0.2,1.5,2.5,1,2,355,0.026702734213
masked,robust,0.6,0.2,1.5,2.5,1,3,251,0.0320441433499
masked,robust,0.6,0.2,1.5,2.5,1,4,177,0.0327613425098
masked,robust,0.6,0.2,1.5,2.5,1,5,125,0.0362993350839
masked,robust,0.6,0.2,1.5,2.5,1,6,89,0.0392485675262
masked,robust,0.6,0.2,1.5,2.5,1,7,63,0.0459053631533
masked,robust,0.6,0.2,1.5,2.5,1,8,45,0.0557526992642
masked,robust,0.6,0.2,1.5,2.5,1,9,31,0.069873942422
masked,linear,0.6,0.2,1.5,2.5,2,1,501,0.0548088680581
masked,linear,0.6,0.2,1.5,2.5,2,2,355,0.0324299021931
masked,linear,0.6,0.2,1.5,2.5,2,3,251,0.0379022146216
masked,linear,0.6,0.2,1.5,2.5,2,4,177,0.0381335447777
masked,linear,0.6,0.2,1.5,2.5,2,5,125,0.0423582345683
masked,linear,0.6,0.2,1.5,2.5,2,6,89,0.0494040805385
masked,linear,0.6,0.2,1.5,2.5,2,7,63,0.0593006631658
masked,linear,0.6,0.2,1.5,2.5,2,8,45,0.064270902369
masked,linear,0.6,0.2,1.5,2.5,2,9,31,0.0858240092782
masked,robust,0.6,0.2,1.5,2.5,2,1,501,0.0431257077281
masked,robust,0.6,0.2,1.5,2.5,2,2,355,0.0223319470873
masked,robust,0.6,0.2,1.5,2.5,2,3,251,0.0252254391527
masked,robust,0.6,0.2,1.5,2.5,2,4,177,0.0261797570818
masked,robust,0.6,0.2,1.5,2.5,2,5,125,0.0292835832057
masked,robust,0.6,0.2,1.5,2.5,2,6,89,0.0381475551136
masked,robust,0.6,0.2,1.5,2.5,2,7,63,0.0457640571345
masked,robust,0.6,0.2,1.5,2.5,2,8,45,0.0467431624992
masked,robust,0.6,0.2,1.5,2.5,2,9,31,0.063114116827
masked,linear,0.6,0.2,2,3.33333333333,0,1,501,0.0954383265918
masked,linear,0.6,0.2,2,3.33333333333,0,2,355,0.0554284302007
masked,linear,0.6,0.2,2,3.33333333333,0,3,251,0.0487744477799
masked,linear,0.6,0.2,2,3.33333333333,0,4,177,0.0501205785526
masked,linear,0.6,0.2,2,3.33333333333,0,5,125,0.0641969990533
masked,linear,0.6,0.2,2,3.33333333333,0,6,89,0.0725538709797
masked,linear,0.6,0.2,2,3.33333333333,0,7,63,0.0766123918935
masked,linear,0.6,0.2,2,3.33333333333,0,8,45,0.085301795064
masked,linear,0.6,0.2,2,3.33333333333,0,9,31,0.108140989197
masked,robust,0.6,0.2,2,3.33333333333,0,1,501,0.0448572196844
masked,robust,0.6,0.2,2,3.33333333333,0,2,355,0.0317552169899
masked,robust,0.6,0.2,2,3.33333333333,0,3,251,0.0312898449165
masked,robust,0.6,0.2,2,3.33333333333,0,4,177,0.0290348996147
masked,robust,0.6,0.2,2,3.33333333333,0,5,125,0.0362304688534
masked,robust,0.6,0.2,2,3.33333333333,0,6,89,0.0422166017784
masked,robust,0.6,0.2,2,3.33333333333,0,7,63,0.0452283529997
masked,robust,0.6,0.2,2,3.33333333333,0,8,45,0.0521296888681
masked,robust,0.6,0.2,2,3.33333333333,0,9,31,0.069751575084
masked,linear,0.6,0.2,2,3.33333333333,1,1,501,0.0960940754732
masked,linear,0.6,0.2,2,3.33333333333,1,2,355,0.0443707575767
masked,linear,0.6,0.2,2,3.33333333333,1,3,251,0.0489779545581
masked,linear,0.6,0.2,2,3.33333333333,1,4,177,0.0522935096019
masked,linear,0.6,0.2,2,3.33333333333,1,5,125,0.060945680603
masked,linear,0.6,0.2,2,3.33333333333,1,6,89,0.0678209135071
masked,linear,0.6,0.2,2,3.33333333333,1,7,63,0.0805401990555
masked,linear,0.6,0.2,2,3.33333333333,1,8,45,0.0936339902682
masked,linear,0.6,0.2,2,3.33333333333,1,9,31,0.115604226582
masked,robust,0.6,0.2,2,3.33333333333,1,1,501,0.0538747029632
masked,robust,0.6,0.2,2,3.33333333333,1,2,355,0.027186243888
masked,robust,0.6,0.2,2,3.33333333333,1,3,251,0.0337812971617
masked,robust,0.6,0.2,2,3.33333333333,1,4,177,0.0346541140784
masked,robust,0.6,0.2,2,3.33333333333,1,5,125,0.0386894212654
masked,robust,0.6,0.2,2,3.33333333333,1,6,89,0.0423014116049
masked,robust,0.6,0.2,2,3.33333333333,1,7,63,0.0497173749617
masked,robust,0.6,0.2,2,3.33333333333,1,8,45,0.0602709875974
masked,robust,0.6,0.2,2,3.33333333333,1,9,31,0.0764554872484
masked,linear,0.6,0.2,2,3.33333333333,2,1,501,0.0662883059321
masked,linear,0.6,0.2,2,3.33333333333,2,2,355,0.039431215568
masked,linear,0.6,0.2,2,3.33333333333,2,3,251,0.047359441416
masked,linear,0.6,0.2,2,3.33333333333,2,4,177,0.0482222412117
masked,linear,0.6,0.2,2,3.33333333333,2,5,125,0.0536929528173
masked,linear,0.6,0.2,2,3.33333333333,2,6,89,0.0600289014925
masked,linear,0.6,0.2,2,3.33333333333,2,7,63,0.0719755811635
masked,linear,0.6,0.2,2,3.33333333333,2,8,45,0.0812245421815
masked,linear,0.6,0.2,2,3.33333333333,2,9,31,0.108802566467
masked,robust,0.6,0.2,2,3.33333333333,2,1,501,0.0473874220499
masked,robust,0.6,0.2,2,3.33333333333,2,2,355,0.0230666602112
masked,robust,0.6,0.2,2,3.33333333333,2,3,251,0.0268162694017
masked,robust,0.6,0.2,2,3.33333333333,2,4,177,0.0280286934793
masked,robust,0.6,0.2,2,3.33333333333,2,5,125,0.0310961927194
masked,robust,0.6,0.2,2,3.33333333333,2,6,89,0.0397587786922
masked,robust,0.6,0.2,2,3.33333333333,2,7,63,0.0476560545854
masked,robust,0.6,0.2,2,3.33333333333,2,8,45,0.0498014612032
masked,robust,0.6,0.2,2,3.33333333333,2,9,31,0.0688487015729
masked,linear,0.6,0.2,2.5,4.16666666667,0,1,501,0.107127024858
masked,linear,0.6,0.2,2.5,4.16666666667,0,2,355,0.0656378139795
masked,linear,0.6,0.2,2.5,4.16666666667,0,3,251,0.0573431408776
masked,linear,0.6,0.2,2.5,4.16666666667,0,4,177,0.0587969606203
masked,linear,0.6,0.2,2.5,4.16666666667,0,5,125,0.0755022302146
masked,linear,0.6,0.2,2.5,4.16666666667,0,6,89,0.0852250156723
masked,linear,0.6,0.2,2.5,4.16666666667,0,7,63,0.0907861051409
masked,linear,0.6,0.2,2.5,4.16666666667,0,8,45,0.102224031838
masked,linear,0.6,0.2,2.5,4.16666666667,0,9,31,0.130182526154
masked,robust,0.6,0.2,2.5,4.16666666667,0,1,501,0.0429015262016
masked,robust,0.6,0.2,2.5,4.16666666667,0,2,355,0.0324092914885
masked,robust,0.6,0.2,2.5,4.16666666667,0,3,251,0.0316324505623
masked,robust,0.6,0.2,2.5,4.16666666667,0,4,177,0.0288804836254
masked,robust,0.6,0.2,2.5,4.16666666667,0,5,125,0.0367547614491
masked,robust,0.6,0.2,2.5,4.16666666667,0,6,89,0.0429964394301
masked,robust,0.6,0.2,2.5,4.16666666667,0,7,63,0.0461995914594
masked,robust,0.6,0.2,2.5,4.16666666667,0,8,45,0.0542763247594
masked,robust,0.6,0.2,2.5,4.16666666667,0,9,31,0.0735847817836
masked,linear,0.6,0.2,2.5,4.16666666667,1,1,501,0.107424468818
masked,linear,0.6,0.2,2.5,4.16666666667,1,2,355,0.0522442254541
masked,linear,0.6,0.2,2.5,4.16666666667,1,3,251,0.058278211385
masked,linear,0.6,0.2,2.5,4.16666666667,1,4,177,0.0625248335771
masked,linear,0.6,0.2,2.5,4.16666666667,1,5,125,0.0736897739193
masked,linear,0.6,0.2,2.5,4.16666666667,1,6,89,0.0828809327259
masked,linear,0.6,0.2,2.5,4.16666666667,1,7,63,0.098829351497
masked,linear,0.6,0.2,2.5,4.16666666667,1,8,45,0.113638380793
masked,linear,0.6,0.2,2.5,4.16666666667,1,9,31,0.140177808234
masked,robust,0.6,0.2,2.5,4.16666666667,1,1,501,0.0521626150725
masked,robust,0.6,0.2,2.5,4.16666666667,1,2,355,0.0277291745481
masked,robust,0.6,0.2,2.5,4.16666666667,1,3,251,0.0349914925662
masked,robust,0.6,0.2,2.5,4.16666666667,1,4,177,0.0359319451258
masked,robust,0.6,0.2,2.5,4.16666666667,1,5,125,0.0403292818252
masked,robust,0.6,0.2,2.5,4.16666666667,1,6,89,0.0445435782094
masked,robust,0.6,0.2,2.5,4.16666666667,1,7,63,0.0525768847069
masked,robust,0.6,0.2,2.5,4.16666666667,1,8,45,0.0636048250149
masked,robust,0.6,0.2,2.5,4.16666666667,1,9,31,0.0816697514036
masked,linear,0.6,0.2,2.5,4.16666666667,2,1,501,0.0785252853034
masked,linear,0.6,0.2,2.5,4.16666666667,2,2,355,0.0469289027048
masked,linear,0.6,0.2,2.5,4.16666666667,2,3,251,0.0570635991041
masked,linear,0.6,0.2,2.5,4.16666666667,2,4,177,0.0587278922819
masked,linear,0.6,0.2,2.5,4.16666666667,2,5,125,0.0656368460938
masked,linear,0.6,0.2,2.5,4.16666666667,2,6,89,0.0716314868875
masked,linear,0.6,0.2,2.5,4.16666666667,2,7,63,0.0858164485055
masked,linear,0.6,0.2,2.5,4.16666666667,2,8,45,0.099349491063
masked,linear,0.6,0.2,2.5,4.16666666667,2,9,31,0.132901828737
masked,robust,0.6,0.2,2.5,4.16666666667,2,1,501,0.0512703800256
masked,robust,0.6,0.2,2.5,4.16666666667,2,2,355,0.0239868531732
masked,robust,0.6,0.2,2.5,4.16666666667,2,3,251,0.0283470815559
masked,robust,0.6,0.2,2.5,4.16666666667,2,4,177,0.0295307513827
masked,robust,0.6,0.2,2.5,4.16666666667,2,5,125,0.0323525019421
masked,robust,0.6,0.2,2.5,4.16666666667,2,6,89,0.0409292477964
masked,robust,0.6,0.2,2.5,4.16666666667,2,7,63,0.0490576295397
masked,robust,0.6,0.2,2.5,4.16666666667,2,8,45,0.052105869157
masked,robust,0.6,0.2,2.5,4.16666666667,2,9,31,0.0731302301067
masked,linear,0.6,0.2,3,5,0,1,501,0.119942929239
masked,linear,0.6,0.2,3,5,0,2,355,0.0763005039043
masked,linear,0.6,0.2,3,5,0,3,251,0.0661617247668
masked,linear,0.6,0.2,3,5,0,4,177,0.0677877505926
masked,linear,0.6,0.2,3,5,0,5,125,0.0870683825732
masked,linear,0.6,0.2,3,5,0,6,89,0.0982224088795
masked,linear,0.6,0.2,3,5,0,7,63,0.105415012948
masked,linear,0.6,0.2,3,5,0,8,45,0.119667568689
masked,linear,0.6,0.2,3,5,0,9,31,0.152892914406
masked,robust,0.6,0.2,3,5,0,1,501,0.0424449147888
masked,robust,0.6,0.2,3,5,0,2,355,0.0329652413162
masked,robust,0.6,0.2,3,5,0,3,251,0.0318408339778
masked,robust,0.6,0.2,3,5,0,4,177,0.0287263985905
masked,robust,0.6,0.2,3,5,0,5,125,0.0370968429764
masked,robust,0.6,0.2,3,5,0,6,89,0.0436313425606
masked,robust,0.6,0.2,3,5,0,7,63,0.0470157286873
masked,robust,0.6,0.2,3,5,0,8,45,0.0560955252745
masked,robust,0.6,0.2,3,5,0,9,31,0.0768838145867
masked,linear,0.6,0.2,3,5,1,1,501,0.119184865618
masked,linear,0.6,0.2,3,5,1,2,355,0.0608168445058
masked,linear,0.6,0.2,3,5,1,3,251,0.067973813628
masked,linear,0.6,0.2,3,5,1,4,177,0.0731316945664
masked,linear,0.6,0.2,3,5,1,5,125,0.0867236778743
masked,linear,0.6,0.2,3,5,1,6,89,0.0982186439631
masked,linear,0.6,0.2,3,5,1,7,63,0.117517252844
masked,linear,0.6,0.2,3,5,1,8,45,0.134108664268
masked,linear,0.6,0.2,3,5,1,9,31,0.165284113893
masked,robust,0.6,0.2,3,5,1,1,501,0.0502948246703
masked,robust,0.6,0.2,3,5,1,2,355,0.0281494735446
masked,robust,0.6,0.2,3,5,1,3,251,0.0358504660834
masked,robust,0.6,0.2,3,5,1,4,177,0.0368019049788
masked,robust,0.6,0.2,3,5,1,5,125,0.0414853365328
masked,robust,0.6,0.2,3,5,1,6,89,0.0462600537444
masked,robust,0.6,0.2,3,5,1,7,63,0.0547285420163
masked,robust,0.6,0.2,3,5,1,8,45,0.0660689587885
masked,robust,0.6,0.2,3,5,1,9,31,0.0859502673353
masked,linear,0.6,0.2,3,5,2,1,501,0.0912154307324
masked,linear,0.6,0.2,3,5,2,2,355,0.0547193018959
masked,linear,0.6,0.2,3,5,2,3,251,0.0669073301489
masked,linear,0.6,0.2,3,5,2,4,177,0.0694615691623
masked,linear,0.6,0.2,3,5,2,5,125,0.0779102508302
masked,linear,0.6,0.2,3,5,2,6,89,0.083806717343
masked,linear,0.6,0.2,3,5,2,7,63,0.100341936909
masked,linear,0.6,0.2,3,5,2,8,45,0.118107723105
masked,linear,0.6,0.2,3,5,2,9,31,0.157608544832
masked,robust,0.6,0.2,3,5,2,1,501,0.0546128999664
masked,robust,0.6,0.2,3,5,2,2,355,0.0249907383436
masked,robust,0.6,0.2,3,5,2,3,251,0.0298488474304
masked,robust,0.6,0.2,3,5,2,4,177,0.0308438952441
masked,robust,0.6,0.2,3,5,2,5,125,0.0332523473881
masked,robust,0.6,0.2,3,5,2,6,89,0.0417678646975
masked,robust,0.6,0.2,3,5,2,7,63,0.0501059850675
masked,robust,0.6,0.2,3,5,2,8,45,0.0538893343634
masked,robust,0.6,0.2,3,5,2,9,31,0.0763324959967
masked,linear,0.6,0.25,1,1.66666666667,0,1,501,0.0786525699015
masked,linear,0.6,0.25,1,1.66666666667,0,2,355,0.0390267848807
masked,linear,0.6,0.25,1,1.66666666667,0,3,251,0.0353109654172
masked,linear,0.6,0.25,1,1.66666666667,0,4,177,0.0420663432726
masked,linear,0.6,0.25,1,1.66666666667,0,5,125,0.0490457288822
masked,linear,0.6,0.25,1,1.66666666667,0,6,89,0.0516865298266
masked,linear,0.6,0.25,1,1.66666666667,0,7,63,0.0547905078063
masked,linear,0.6,0.25,1,1.66666666667,0,8,45,0.0601495723797
masked,linear,0.6,0.25,1,1.66666666667,0,9,31,0.0765383833123
masked,robust,0.6,0.25,1,1.66666666667,0,1,501,0.0595743487413
masked,robust,0.6,0.25,1,1.66666666667,0,2,355,0.0311194453214
masked,robust,0.6,0.25,1,1.66666666667,0,3,251,0.0302179582513
masked,robust,0.6,0.25,1,1.66666666667,0,4,177,0.0324242813466
masked,robust,0.6,0.25,1,1.66666666667,0,5,125,0.0369902870752
masked,robust,0.6,0.25,1,1.66666666667,0,6,89,0.0419847774281
masked,robust,0.6,0.25,1,1.66666666667,0,7,63,0.0465373810073
masked,robust,0.6,0.25,1,1.66666666667,0,8,45,0.0521634058471
masked,robust,0.6,0.25,1,1.66666666667,0,9,31,0.0671858652383
masked,linear,0.6,0.25,1,1.66666666667,1,1,501,0.0941747183274
masked,linear,0.6,0.25,1,1.66666666667,1,2,355,0.0394353023503
masked,linear,0.6,0.25,1,1.66666666667,1,3,251,0.0335268702907
masked,linear,0.6,0.25,1,1.66666666667,1,4,177,0.0326244093227
masked,linear,0.6,0.25,1,1.66666666667,1,5,125,0.0369063686693
masked,linear,0.6,0.25,1,1.66666666667,1,6,89,0.0427523876642
masked,linear,0.6,0.25,1,1.66666666667,1,7,63,0.0512878868252
masked,linear,0.6,0.25,1,1.66666666667,1,8,45,0.0595596471416
masked,linear,0.6,0.25,1,1.66666666667,1,9,31,0.0765432310666
masked,robust,0.6,0.25,1,1.66666666667,1,1,501,0.0601698580199
masked,robust,0.6,0.25,1,1.66666666667,1,2,355,0.0283284582583
masked,robust,0.6,0.25,1,1.66666666667,1,3,251,0.029490822079
masked,robust,0.6,0.25,1,1.66666666667,1,4,177,0.0293160211234
masked,robust,0.6,0.25,1,1.66666666667,1,5,125,0.0320641718463
masked,robust,0.6,0.25,1,1.66666666667,1,6,89,0.0352840162879
masked,robust,0.6,0.25,1,1.66666666667,1,7,63,0.0420575702959
masked,robust,0.6,0.25,1,1.66666666667,1,8,45,0.0503510674147
masked,robust,0.6,0.25,1,1.66666666667,1,9,31,0.0626948203606
masked,linear,0.6,0.25,1,1.66666666667,2,1,501,0.041517291126
masked,linear,0.6,0.25,1,1.66666666667,2,2,355,0.0287049292461
masked,linear,0.6,0.25,1,1.66666666667,2,3,251,0.0282717445859
masked,linear,0.6,0.25,1,1.66666666667,2,4,177,0.0329240668814
masked,linear,0.6,0.25,1,1.66666666667,2,5,125,0.0445750344903
masked,linear,0.6,0.25,1,1.66666666667,2,6,89,0.050653218916
masked,linear,0.6,0.25,1,1.66666666667,2,7,63,0.0540792914052
masked,linear,0.6,0.25,1,1.66666666667,2,8,45,0.055916778508
masked,linear,0.6,0.25,1,1.66666666667,2,9,31,0.0727896858601
masked,robust,0.6,0.25,1,1.66666666667,2,1,501,0.0319734402006
masked,robust,0.6,0.25,1,1.66666666667,2,2,355,0.0231986414777
masked,robust,0.6,0.25,1,1.66666666667,2,3,251,0.0220753016597
masked,robust,0.6,0.25,1,1.66666666667,2,4,177,0.0259682507737
masked,robust,0.6,0.25,1,1.66666666667,2,5,125,0.0357357616655
masked,robust,0.6,0.25,1,1.66666666667,2,6,89,0.043715850519
masked,robust,0.6,0.25,1,1.66666666667,2,7,63,0.0472328878078
masked,robust,0.6,0.25,1,1.66666666667,2,8,45,0.0469495187539
masked,robust,0.6,0.25,1,1.66666666667,2,9,31,0.060993008162
masked,linear,0.6,0.25,1.5,2.5,0,1,501,0.0823596568887
masked,linear,0.6,0.25,1.5,2.5,0,2,355,0.0449210391415
masked,linear,0.6,0.25,1.5,2.5,0,3,251,0.0435455744642
masked,linear,0.6,0.25,1.5,2.5,0,4,177,0.0534947432832
masked,linear,0.6,0.25,1.5,2.5,0,5,125,0.0618541411638
masked,linear,0.6,0.25,1.5,2.5,0,6,89,0.0639902618069
masked,linear,0.6,0.25,1.5,2.5,0,7,63,0.0689267267157
masked,linear,0.6,0.25,1.5,2.5,0,8,45,0.0772672295721
masked,linear,0.6,0.25,1.5,2.5,0,9,31,0.0989736578039
masked,robust,0.6,0.25,1.5,2.5,0,1,501,0.0500215841145
masked,robust,0.6,0.25,1.5,2.5,0,2,355,0.030730537998
masked,robust,0.6,0.25,1.5,2.5,0,3,251,0.0317109027342
masked,robust,0.6,0.25,1.5,2.5,0,4,177,0.0336589000275
masked,robust,0.6,0.25,1.5,2.5,0,5,125,0.0391786156546
masked,robust,0.6,0.25,1.5,2.5,0,6,89,0.0447071231431
masked,robust,0.6,0.25,1.5,2.5,0,7,63,0.050141668985
masked,robust,0.6,0.25,1.5,2.5,0,8,45,0.0574653989475
masked,robust,0.6,0.25,1.5,2.5,0,9,31,0.0758999294318
masked,linear,0.6,0.25,1.5,2.5,1,1,501,0.107948831524
masked,linear,0.6,0.25,1.5,2.5,1,2,355,0.0440078142279
masked,linear,0.6,0.25,1.5,2.5,1,3,251,0.0407267021289
masked,linear,0.6,0.25,1.5,2.5,1,4,177,0.041215049442
masked,linear,0.6,0.25,1.5,2.5,1,5,125,0.0489055485089
masked,linear,0.6,0.25,1.5,2.5,1,6,89,0.0585187301616
masked,linear,0.6,0.25,1.5,2.5,1,7,63,0.0709685748594
masked,linear,0.6,0.25,1.5,2.5,1,8,45,0.0798375961779
masked,linear,0.6,0.25,1.5,2.5,1,9,31,0.102984332682
masked,robust,0.6,0.25,1.5,2.5,1,1,501,0.0551029386398
masked,robust,0.6,0.25,1.5,2.5,1,2,355,0.0269302510262
masked,robust,0.6,0.25,1.5,2.5,1,3,251,0.0316098866739
masked,robust,0.6,0.25,1.5,2.5,1,4,177,0.0319438883544
masked,robust,0.6,0.25,1.5,2.5,1,5,125,0.0358343912294
masked,robust,0.6,0.25,1.5,2.5,1,6,89,0.0400935438705
masked,robust,0.6,0.25,1.5,2.5,1,7,63,0.0478707032863
masked,robust,0.6,0.25,1.5,2.5,1,8,45,0.0572187876538
masked,robust,0.6,0.25,1.5,2.5,1,9,31,0.072446496094
masked,linear,0.6,0.25,1.5,2.5,2,1,501,0.0466809445197
masked,linear,0.6,0.25,1.5,2.5,2,2,355,0.0350683659191
masked,linear,0.6,0.25,1.5,2.5,2,3,251,0.0366806545048
masked,linear,0.6,0.25,1.5,2.5,2,4,177,0.0433041832503
masked,linear,0.6,0.25,1.5,2.5,2,5,125,0.0597006985521
masked,linear,0.6,0.25,1.5,2.5,2,6,89,0.0646581040222
masked,linear,0.6,0.25,1.5,2.5,2,7,63,0.0673269653186
masked,linear,0.6,0.25,1.5,2.5,2,8,45,0.0733980366592
masked,linear,0.6,0.25,1.5,2.5,2,9,31,0.0979172548359
masked,robust,0.6,0.25,1.5,2.5,2,1,501,0.0323952075002
masked,robust,0.6,0.25,1.5,2.5,2,2,355,0.0239563164903
masked,robust,0.6,0.25,1.5,2.5,2,3,251,0.0239051752494
masked,robust,0.6,0.25,1.5,2.5,2,4,177,0.0284625004131
masked,robust,0.6,0.25,1.5,2.5,2,5,125,0.039799180776
masked,robust,0.6,0.25,1.5,2.5,2,6,89,0.0475267830368
masked,robust,0.6,0.25,1.5,2.5,2,7,63,0.0501954151748
masked,robust,0.6,0.25,1.5,2.5,2,8,45,0.0511761053912
masked,robust,0.6,0.25,1.5,2.5,2,9,31,0.0693273020607
masked,linear,0.6,0.25,2,3.33333333333,0,1,501,0.0884409062594
masked,linear,0.6,0.25,2,3.33333333333,0,2,355,0.0520708883356
masked,linear,0.6,0.25,2,3.33333333333,0,3,251,0.0526014026923
masked,linear,0.6,0.25,2,3.33333333333,0,4,177,0.0659307134594
masked,linear,0.6,0.25,2,3.33333333333,0,5,125,0.0755186541974
masked,linear,0.6,0.25,2,3.33333333333,0,6,89,0.0772189934802
masked,linear,0.6,0.25,2,3.33333333333,0,7,63,0.0843045371392
masked,linear,0.6,0.25,2,3.33333333333,0,8,45,0.0959586955273
masked,linear,0.6,0.25,2,3.33333333333,0,9,31,0.123474929711
masked,robust,0.6,0.25,2,3.33333333333,0,1,501,0.0434923311766
masked,robust,0.6,0.25,2,3.33333333333,0,2,355,0.0305105550156
masked,robust,0.6,0.25,2,3.33333333333,0,3,251,0.0325749082448
masked,robust,0.6,0.25,2,3.33333333333,0,4,177,0.0344409394957
masked,robust,0.6,0.25,2,3.33333333333,0,5,125,0.0405684914703
masked,robust,0.6,0.25,2,3.33333333333,0,6,89,0.046829416821
masked,robust,0.6,0.25,2,3.33333333333,0,7,63,0.0531393791512
masked,robust,0.6,0.25,2,3.33333333333,0,8,45,0.0617179459354
masked,robust,0.6,0.25,2,3.33333333333,0,9,31,0.0828821505187
masked,linear,0.6,0.25,2,3.33333333333,1,1,501,0.122223924646
masked,linear,0.6,0.25,2,3.33333333333,1,2,355,0.0496780719816
masked,linear,0.6,0.25,2,3.33333333333,1,3,251,0.0493206787117
masked,linear,0.6,0.25,2,3.33333333333,1,4,177,0.0514340484181
masked,linear,0.6,0.25,2,3.33333333333,1,5,125,0.0620816068328
masked,linear,0.6,0.25,2,3.33333333333,1,6,89,0.0753093950769
masked,linear,0.6,0.25,2,3.33333333333,1,7,63,0.0921437924009
masked,linear,0.6,0.25,2,3.33333333333,1,8,45,0.101780266246
masked,linear,0.6,0.25,2,3.33333333333,1,9,31,0.131245195814
masked,robust,0.6,0.25,2,3.33333333333,1,1,501,0.0511935095562
masked,robust,0.6,0.25,2,3.33333333333,1,2,355,0.0265898922183
masked,robust,0.6,0.25,2,3.33333333333,1,3,251,0.0331334560078
masked,robust,0.6,0.25,2,3.33333333333,1,4,177,0.0337800145329
masked,robust,0.6,0.25,2,3.33333333333,1,5,125,0.0384724026595
masked,robust,0.6,0.25,2,3.33333333333,1,6,89,0.0434751694679
masked,robust,0.6,0.25,2,3.33333333333,1,7,63,0.0520266478282
masked,robust,0.6,0.25,2,3.33333333333,1,8,45,0.062125452649
masked,robust,0.6,0.25,2,3.33333333333,1,9,31,0.079823567524
masked,linear,0.6,0.25,2,3.33333333333,2,1,501,0.0529574399803
masked,linear,0.6,0.25,2,3.33333333333,2,2,355,0.0423707494883
masked,linear,0.6,0.25,2,3.33333333333,2,3,251,0.0456921106854
masked,linear,0.6,0.25,2,3.33333333333,2,4,177,0.0544941437547
masked,linear,0.6,0.25,2,3.33333333333,2,5,125,0.0757719513192
masked,linear,0.6,0.25,2,3.33333333333,2,6,89,0.0801322848118
masked,linear,0.6,0.25,2,3.33333333333,2,7,63,0.082496420542
masked,linear,0.6,0.25,2,3.33333333333,2,8,45,0.0930830255227
masked,linear,0.6,0.25,2,3.33333333333,2,9,31,0.125242462648
masked,robust,0.6,0.25,2,3.33333333333,2,1,501,0.0350993402879
masked,robust,0.6,0.25,2,3.33333333333,2,2,355,0.0252476716188
masked,robust,0.6,0.25,2,3.33333333333,2,3,251,0.0256118284716
masked,robust,0.6,0.25,2,3.33333333333,2,4,177,0.0301795964834
masked,robust,0.6,0.25,2,3.33333333333,2,5,125,0.0423763275293
masked,robust,0.6,0.25,2,3.33333333333,2,6,89,0.0500692212634
masked,robust,0.6,0.25,2,3.33333333333,2,7,63,0.0524692153422
masked,robust,0.6,0.25,2,3.33333333333,2,8,45,0.0545580832212
masked,robust,0.6,0.25,2,3.33333333333,2,9,31,0.0758342634773
masked,linear,0.6,0.25,2.5,4.16666666667,0,1,501,0.096448272165
masked,linear,0.6,0.25,2.5,4.16666666667,0,2,355,0.060029350335
masked,linear,0.6,0.25,2.5,4.16666666667,0,3,251,0.0621203332898
masked,linear,0.6,0.25,2.5,4.16666666667,0,4,177,0.0788992489907
masked,linear,0.6,0.25,2.5,4.16666666667,0,5,125,0.0896486507406
masked,linear,0.6,0.25,2.5,4.16666666667,0,6,89,0.0909700797485
masked,linear,0.6,0.25,2.5,4.16666666667,0,7,63,0.100354789249
masked,linear,0.6,0.25,2.5,4.16666666667,0,8,45,0.115462160477
masked,linear,0.6,0.25,2.5,4.16666666667,0,9,31,0.149026655683
masked,robust,0.6,0.25,2.5,4.16666666667,0,1,501,0.0388981362114
masked,robust,0.6,0.25,2.5,4.16666666667,0,2,355,0.0303400166437
masked,robust,0.6,0.25,2.5,4.16666666667,0,3,251,0.0330132769539
masked,robust,0.6,0.25,2.5,4.16666666667,0,4,177,0.0348863545531
masked,robust,0.6,0.25,2.5,4.16666666667,0,5,125,0.0414381806919
masked,robust,0.6,0.25,2.5,4.16666666667,0,6,89,0.0485496841341
masked,robust,0.6,0.25,2.5,4.16666666667,0,7,63,0.0556936536625
masked,robust,0.6,0.25,2.5,4.16666666667,0,8,45,0.0652849919248
masked,robust,0.6,0.25,2.5,4.16666666667,0,9,31,0.0885806555612
masked,linear,0.6,0.25,2.5,4.16666666667,1,1,501,0.136843305126
masked,linear,0.6,0.25,2.5,4.16666666667,1,2,355,0.0561142801746
masked,linear,0.6,0.25,2.5,4.16666666667,1,3,251,0.0586996275826
masked,linear,0.6,0.25,2.5,4.16666666667,1,4,177,0.0624875602992
masked,linear,0.6,0.25,2.5,4.16666666667,1,5,125,0.0758234775271
masked,linear,0.6,0.25,2.5,4.16666666667,1,6,89,0.0925686570735
masked,linear,0.6,0.25,2.5,4.16666666667,1,7,63,0.11398362565
masked,linear,0.6,0.25,2.5,4.16666666667,1,8,45,0.124510618297
masked,linear,0.6,0.25,2.5,4.16666666667,1,9,31,0.160366617976
masked,robust,0.6,0.25,2.5,4.16666666667,1,1,501,0.0478768629163
masked,robust,0.6,0.25,2.5,4.16666666667,1,2,355,0.0267855344084
masked,robust,0.6,0.25,2.5,4.16666666667,1,3,251,0.0342863066327
masked,robust,0.6,0.25,2.5,4.16666666667,1,4,177,0.0350316106593
masked,robust,0.6,0.25,2.5,4.16666666667,1,5,125,0.0403306787002
masked,robust,0.6,0.25,2.5,4.16666666667,1,6,89,0.0460115917588
masked,robust,0.6,0.25,2.5,4.16666666667,1,7,63,0.0551224240174
masked,robust,0.6,0.25,2.5,4.16666666667,1,8,45,0.0657888904361
masked,robust,0.6,0.25,2.5,4.16666666667,1,9,31,0.0857086490536
masked,linear,0.6,0.25,2.5,4.16666666667,2,1,501,0.0599985422029
masked,linear,0.6,0.25,2.5,4.16666666667,2,2,355,0.0502040171192
masked,linear,0.6,0.25,2.5,4.16666666667,2,3,251,0.0550107919766
masked,linear,0.6,0.25,2.5,4.16666666667,2,4,177,0.0660838288067
masked,linear,0.6,0.25,2.5,4.16666666667,2,5,125,0.0922961499585
masked,linear,0.6,0.25,2.5,4.16666666667,2,6,89,0.0963705688829
masked,linear,0.6,0.25,2.5,4.16666666667,2,7,63,0.098705558043
masked,linear,0.6,0.25,2.5,4.16666666667,2,8,45,0.113834176256
masked,linear,0.6,0.25,2.5,4.16666666667,2,9,31,0.153596859779
masked,robust,0.6,0.25,2.5,4.16666666667,2,1,501,0.0385065749829
masked,robust,0.6,0.25,2.5,4.16666666667,2,2,355,0.0267878765048
masked,robust,0.6,0.25,2.5,4.16666666667,2,3,251,0.0273363027462
masked,robust,0.6,0.25,2.5,4.16666666667,2,4,177,0.0314410248826
masked,robust,0.6,0.25,2.5,4.16666666667,2,5,125,0.0439682920861
masked,robust,0.6,0.25,2.5,4.16666666667,2,6,89,0.0516953204484
masked,robust,0.6,0.25,2.5,4.16666666667,2,7,63,0.0542029414094
masked,robust,0.6,0.25,2.5,4.16666666667,2,8,45,0.0572720054652
masked,robust,0.6,0.25,2.5,4.16666666667,2,9,31,0.0806705004787
masked,linear,0.6,0.25,3,5,0,1,501,0.105945924856
masked,linear,0.6,0.25,3,5,0,2,355,0.0685152262369
masked,linear,0.6,0.25,3,5,0,3,251,0.0719187165065
masked,linear,0.6,0.25,3,5,0,4,177,0.092175837946
masked,linear,0.6,0.25,3,5,0,5,125,0.104054673718
masked,linear,0.6,0.25,3,5,0,6,89,0.105038568974
masked,linear,0.6,0.25,3,5,0,7,63,0.116800598819
masked,linear,0.6,0.25,3,5,0,8,45,0.135427259184
masked,linear,0.6,0.25,3,5,0,9,31,0.175169753239
masked,robust,0.6,0.25,3,5,0,1,501,0.0358206052154
masked,robust,0.6,0.25,3,5,0,2,355,0.0302721839939
masked,robust,0.6,0.25,3,5,0,3,251,0.0332128264855
masked,robust,0.6,0.25,3,5,0,4,177,0.0351127005326
masked,robust,0.6,0.25,3,5,0,5,125,0.0420206591218
masked,robust,0.6,0.25,3,5,0,6,89,0.0499934491245
masked,robust,0.6,0.25,3,5,0,7,63,0.057845472962
masked,robust,0.6,0.25,3,5,0,8,45,0.0683229911582
masked,robust,0.6,0.25,3,5,0,9,31,0.0934598229743
masked,linear,0.6,0.25,3,5,1,1,501,0.151707473227
masked,linear,0.6,0.25,3,5,1,2,355,0.0630824264295
masked,linear,0.6,0.25,3,5,1,3,251,0.06854206778
masked,linear,0.6,0.25,3,5,1,4,177,0.0740025801369
masked,linear,0.6,0.25,3,5,1,5,125,0.0898719877773
masked,linear,0.6,0.25,3,5,1,6,89,0.110076317327
masked,linear,0.6,0.25,3,5,1,7,63,0.136168659876
masked,linear,0.6,0.25,3,5,1,8,45,0.147665351989
masked,linear,0.6,0.25,3,5,1,9,31,0.189953217894
masked,robust,0.6,0.25,3,5,1,1,501,0.0451012294353
masked,robust,0.6,0.25,3,5,1,2,355,0.027148733681
masked,robust,0.6,0.25,3,5,1,3,251,0.0352031387255
masked,robust,0.6,0.25,3,5,1,4,177,0.035927455955
masked,robust,0.6,0.25,3,5,1,5,125,0.0416658800039
masked,robust,0.6,0.25,3,5,1,6,89,0.0479681882233
masked,robust,0.6,0.25,3,5,1,7,63,0.0574486230299
masked,robust,0.6,0.25,3,5,1,8,45,0.0685526054715
masked,robust,0.6,0.25,3,5,1,9,31,0.0906128563961
masked,linear,0.6,0.25,3,5,2,1,501,0.0675656305594
masked,linear,0.6,0.25,3,5,2,2,355,0.0583547689255
masked,linear,0.6,0.25,3,5,2,3,251,0.0645036834601
masked,linear,0.6,0.25,3,5,2,4,177,0.0778950220846
masked,linear,0.6,0.25,3,5,2,5,125,0.109067618838
masked,linear,0.6,0.25,3,5,2,6,89,0.113044154421
masked,linear,0.6,0.25,3,5,2,7,63,0.115517546797
masked,linear,0.6,0.25,3,5,2,8,45,0.135161318119
masked,linear,0.6,0.25,3,5,2,9,31,0.18250137382
masked,robust,0.6,0.25,3,5,2,1,501,0.0418941229695
masked,robust,0.6,0.25,3,5,2,2,355,0.0283652384469
masked,robust,0.6,0.25,3,5,2,3,251,0.0290242940234
masked,robust,0.6,0.25,3,5,2,4,177,0.032470295922
masked,robust,0.6,0.25,3,5,2,5,125,0.0450024447887
masked,robust,0.6,0.25,3,5,2,6,89,0.0527565409873
masked,robust,0.6,0.25,3,5,2,7,63,0.0555377362317
masked,robust,0.6,0.25,3,5,2,8,45,0.0595277478492
masked,robust,0.6,0.25,3,5,2,9,31,0.0843835435308
masked,linear,0.6,0.3,1,1.66666666667,0,1,501,0.0892279434929
masked,linear,0.6,0.3,1,1.66666666667,0,2,355,0.0423940526019
masked,linear,0.6,0.3,1,1.66666666667,0,3,251,0.040070340017
masked,linear,0.6,0.3,1,1.66666666667,0,4,177,0.0470620114109
masked,linear,0.6,0.3,1,1.66666666667,0,5,125,0.0520633261471
masked,linear,0.6,0.3,1,1.66666666667,0,6,89,0.0550905723862
masked,linear,0.6,0.3,1,1.66666666667,0,7,63,0.0603910850116
masked,linear,0.6,0.3,1,1.66666666667,0,8,45,0.0662001629105
masked,linear,0.6,0.3,1,1.66666666667,0,9,31,0.079258253377
masked,robust,0.6,0.3,1,1.66666666667,0,1,501,0.06555248182
masked,robust,0.6,0.3,1,1.66666666667,0,2,355,0.0349300518573
masked,robust,0.6,0.3,1,1.66666666667,0,3,251,0.0335312227993
masked,robust,0.6,0.3,1,1.66666666667,0,4,177,0.0352222171485
masked,robust,0.6,0.3,1,1.66666666667,0,5,125,0.0385704742872
masked,robust,0.6,0.3,1,1.66666666667,0,6,89,0.043965817843
masked,robust,0.6,0.3,1,1.66666666667,0,7,63,0.0508915856227
masked,robust,0.6,0.3,1,1.66666666667,0,8,45,0.057267439724
masked,robust,0.6,0.3,1,1.66666666667,0,9,31,0.0697399562749
masked,linear,0.6,0.3,1,1.66666666667,1,1,501,0.0929372248423
masked,linear,0.6,0.3,1,1.66666666667,1,2,355,0.0463455541386
masked,linear,0.6,0.3,1,1.66666666667,1,3,251,0.0420940841648
masked,linear,0.6,0.3,1,1.66666666667,1,4,177,0.0398423268727
masked,linear,0.6,0.3,1,1.66666666667,1,5,125,0.0422651229514
masked,linear,0.6,0.3,1,1.66666666667,1,6,89,0.0462252256387
masked,linear,0.6,0.3,1,1.66666666667,1,7,63,0.0534013797379
masked,linear,0.6,0.3,1,1.66666666667,1,8,45,0.0609549120175
masked,linear,0.6,0.3,1,1.66666666667,1,9,31,0.0789049749812
masked,robust,0.6,0.3,1,1.66666666667,1,1,501,0.0612849560353
masked,robust,0.6,0.3,1,1.66666666667,1,2,355,0.0336624074139
masked,robust,0.6,0.3,1,1.66666666667,1,3,251,0.0340177711646
masked,robust,0.6,0.3,1,1.66666666667,1,4,177,0.0319711018193
masked,robust,0.6,0.3,1,1.66666666667,1,5,125,0.0337704951912
masked,robust,0.6,0.3,1,1.66666666667,1,6,89,0.0372424741625
masked,robust,0.6,0.3,1,1.66666666667,1,7,63,0.0434082534358
masked,robust,0.6,0.3,1,1.66666666667,1,8,45,0.0516231393487
masked,robust,0.6,0.3,1,1.66666666667,1,9,31,0.0655930529332
masked,linear,0.6,0.3,1,1.66666666667,2,1,501,0.0666416802024
masked,linear,0.6,0.3,1,1.66666666667,2,2,355,0.033797873412
masked,linear,0.6,0.3,1,1.66666666667,2,3,251,0.0294683234039
masked,linear,0.6,0.3,1,1.66666666667,2,4,177,0.0326142541391
masked,linear,0.6,0.3,1,1.66666666667,2,5,125,0.0450479559785
masked,linear,0.6,0.3,1,1.66666666667,2,6,89,0.0549548917643
masked,linear,0.6,0.3,1,1.66666666667,2,7,63,0.0591994551943
masked,linear,0.6,0.3,1,1.66666666667,2,8,45,0.0610844514933
masked,linear,0.6,0.3,1,1.66666666667,2,9,31,0.0786354065318
masked,robust,0.6,0.3,1,1.66666666667,2,1,501,0.0466109084415
masked,robust,0.6,0.3,1,1.66666666667,2,2,355,0.0264345025556
masked,robust,0.6,0.3,1,1.66666666667,2,3,251,0.0232043838652
masked,robust,0.6,0.3,1,1.66666666667,2,4,177,0.0265629267636
masked,robust,0.6,0.3,1,1.66666666667,2,5,125,0.0373092887729
masked,robust,0.6,0.3,1,1.66666666667,2,6,89,0.0475983438005
masked,robust,0.6,0.3,1,1.66666666667,2,7,63,0.0514405696525
masked,robust,0.6,0.3,1,1.66666666667,2,8,45,0.0527485773109
masked,robust,0.6,0.3,1,1.66666666667,2,9,31,0.067024906469
masked,linear,0.6,0.3,1.5,2.5,0,1,501,0.094314886799
masked,linear,0.6,0.3,1.5,2.5,0,2,355,0.0481393168769
masked,linear,0.6,0.3,1.5,2.5,0,3,251,0.0499164332126
masked,linear,0.6,0.3,1.5,2.5,0,4,177,0.0601919543904
masked,linear,0.6,0.3,1.5,2.5,0,5,125,0.066173631806
masked,linear,0.6,0.3,1.5,2.5,0,6,89,0.0691802242115
masked,linear,0.6,0.3,1.5,2.5,0,7,63,0.0773582228586
masked,linear,0.6,0.3,1.5,2.5,0,8,45,0.0859557743697
masked,linear,0.6,0.3,1.5,2.5,0,9,31,0.103391445906
masked,robust,0.6,0.3,1.5,2.5,0,1,501,0.0566528271482
masked,robust,0.6,0.3,1.5,2.5,0,2,355,0.0355736467012
masked,robust,0.6,0.3,1.5,2.5,0,3,251,0.0361337945647
masked,robust,0.6,0.3,1.5,2.5,0,4,177,0.0374272977149
masked,robust,0.6,0.3,1.5,2.5,0,5,125,0.0415369571184
masked,robust,0.6,0.3,1.5,2.5,0,6,89,0.0474267064454
masked,robust,0.6,0.3,1.5,2.5,0,7,63,0.0559335678248
masked,robust,0.6,0.3,1.5,2.5,0,8,45,0.0640715073197
masked,robust,0.6,0.3,1.5,2.5,0,9,31,0.0799869376293
masked,linear,0.6,0.3,1.5,2.5,1,1,501,0.100729306071
masked,linear,0.6,0.3,1.5,2.5,1,2,355,0.0522789129008
masked,linear,0.6,0.3,1.5,2.5,1,3,251,0.0519834311351
masked,linear,0.6,0.3,1.5,2.5,1,4,177,0.0512925959018
masked,linear,0.6,0.3,1.5,2.5,1,5,125,0.0572946262496
masked,linear,0.6,0.3,1.5,2.5,1,6,89,0.0644441337829
masked,linear,0.6,0.3,1.5,2.5,1,7,63,0.074987877087
masked,linear,0.6,0.3,1.5,2.5,1,8,45,0.0825687554908
masked,linear,0.6,0.3,1.5,2.5,1,9,31,0.10709186692
masked,robust,0.6,0.3,1.5,2.5,1,1,501,0.0537418525571
masked,robust,0.6,0.3,1.5,2.5,1,2,355,0.0324029030783
masked,robust,0.6,0.3,1.5,2.5,1,3,251,0.0365630992213
masked,robust,0.6,0.3,1.5,2.5,1,4,177,0.0351024880013
masked,robust,0.6,0.3,1.5,2.5,1,5,125,0.03877478723
masked,robust,0.6,0.3,1.5,2.5,1,6,89,0.0437183654304
masked,robust,0.6,0.3,1.5,2.5,1,7,63,0.0502845679648
masked,robust,0.6,0.3,1.5,2.5,1,8,45,0.0592295470332
masked,robust,0.6,0.3,1.5,2.5,1,9,31,0.0769596807344
masked,linear,0.6,0.3,1.5,2.5,2,1,501,0.0843476861539
masked,linear,0.6,0.3,1.5,2.5,2,2,355,0.041694873367
masked,linear,0.6,0.3,1.5,2.5,2,3,251,0.038714497789
masked,linear,0.6,0.3,1.5,2.5,2,4,177,0.0416533383363
masked,linear,0.6,0.3,1.5,2.5,2,5,125,0.0592432573779
masked,linear,0.6,0.3,1.5,2.5,2,6,89,0.0703203107231
masked,linear,0.6,0.3,1.5,2.5,2,7,63,0.0741757443401
masked,linear,0.6,0.3,1.5,2.5,2,8,45,0.081092931731
masked,linear,0.6,0.3,1.5,2.5,2,9,31,0.107292716871
masked,robust,0.6,0.3,1.5,2.5,2,1,501,0.0467620665612
masked,robust,0.6,0.3,1.5,2.5,2,2,355,0.027770165606
masked,robust,0.6,0.3,1.5,2.5,2,3,251,0.0260240867424
masked,robust,0.6,0.3,1.5,2.5,2,4,177,0.0288599264811
masked,robust,0.6,0.3,1.5,2.5,2,5,125,0.0410056911314
masked,robust,0.6,0.3,1.5,2.5,2,6,89,0.0519051356555
masked,robust,0.6,0.3,1.5,2.5,2,7,63,0.0552525275847
masked,robust,0.6,0.3,1.5,2.5,2,8,45,0.0588633348591
masked,robust,0.6,0.3,1.5,2.5,2,9,31,0.0769919070419
masked,linear,0.6,0.3,2,3.33333333333,0,1,501,0.101778311691
masked,linear,0.6,0.3,2,3.33333333333,0,2,355,0.0549751301001
masked,linear,0.6,0.3,2,3.33333333333,0,3,251,0.0605694307138
masked,linear,0.6,0.3,2,3.33333333333,0,4,177,0.0743602263664
masked,linear,0.6,0.3,2,3.33333333333,0,5,125,0.0812260301201
masked,linear,0.6,0.3,2,3.33333333333,0,6,89,0.084242002892
masked,linear,0.6,0.3,2,3.33333333333,0,7,63,0.0954858746738
masked,linear,0.6,0.3,2,3.33333333333,0,8,45,0.107070090749
masked,linear,0.6,0.3,2,3.33333333333,0,9,31,0.129511752847
masked,robust,0.6,0.3,2,3.33333333333,0,1,501,0.050370106583
masked,robust,0.6,0.3,2,3.33333333333,0,2,355,0.036260830756
masked,robust,0.6,0.3,2,3.33333333333,0,3,251,0.037856411078
masked,robust,0.6,0.3,2,3.33333333333,0,4,177,0.0388527349523
masked,robust,0.6,0.3,2,3.33333333333,0,5,125,0.0433725895622
masked,robust,0.6,0.3,2,3.33333333333,0,6,89,0.0499786174606
masked,robust,0.6,0.3,2,3.33333333333,0,7,63,0.0597210073715
masked,robust,0.6,0.3,2,3.33333333333,0,8,45,0.0692787475726
masked,robust,0.6,0.3,2,3.33333333333,0,9,31,0.0882516040753
masked,linear,0.6,0.3,2,3.33333333333,1,1,501,0.108930027958
masked,linear,0.6,0.3,2,3.33333333333,1,2,355,0.0590940702728
masked,linear,0.6,0.3,2,3.33333333333,1,3,251,0.0629705948131
masked,linear,0.6,0.3,2,3.33333333333,1,4,177,0.0642770953657
masked,linear,0.6,0.3,2,3.33333333333,1,5,125,0.0735541107371
masked,linear,0.6,0.3,2,3.33333333333,1,6,89,0.0836667791524
masked,linear,0.6,0.3,2,3.33333333333,1,7,63,0.0980466444001
masked,linear,0.6,0.3,2,3.33333333333,1,8,45,0.105864943995
masked,linear,0.6,0.3,2,3.33333333333,1,9,31,0.137044854357
masked,robust,0.6,0.3,2,3.33333333333,1,1,501,0.0483996968658
masked,robust,0.6,0.3,2,3.33333333333,1,2,355,0.0322928723378
masked,robust,0.6,0.3,2,3.33333333333,1,3,251,0.0384695681993
masked,robust,0.6,0.3,2,3.33333333333,1,4,177,0.0373684015182
masked,robust,0.6,0.3,2,3.33333333333,1,5,125,0.0426417879045
masked,robust,0.6,0.3,2,3.33333333333,1,6,89,0.0486427808538
masked,robust,0.6,0.3,2,3.33333333333,1,7,63,0.055332660646
masked,robust,0.6,0.3,2,3.33333333333,1,8,45,0.0646554858076
masked,robust,0.6,0.3,2,3.33333333333,1,9,31,0.0854573137214
masked,linear,0.6,0.3,2,3.33333333333,2,1,501,0.104116298339
masked,linear,0.6,0.3,2,3.33333333333,2,2,355,0.0508384172599
masked,linear,0.6,0.3,2,3.33333333333,2,3,251,0.0487151652258
masked,linear,0.6,0.3,2,3.33333333333,2,4,177,0.0515889014514
masked,linear,0.6,0.3,2,3.33333333333,2,5,125,0.0744270370326
masked,linear,0.6,0.3,2,3.33333333333,2,6,89,0.0870096162736
masked,linear,0.6,0.3,2,3.33333333333,2,7,63,0.0907510872007
masked,linear,0.6,0.3,2,3.33333333333,2,8,45,0.103109725684
masked,linear,0.6,0.3,2,3.33333333333,2,9,31,0.138086434618
masked,robust,0.6,0.3,2,3.33333333333,2,1,501,0.0488315185133
masked,robust,0.6,0.3,2,3.33333333333,2,2,355,0.0297744135041
masked,robust,0.6,0.3,2,3.33333333333,2,3,251,0.0287136973527
masked,robust,0.6,0.3,2,3.33333333333,2,4,177,0.030697435292
masked,robust,0.6,0.3,2,3.33333333333,2,5,125,0.0434808222247
masked,robust,0.6,0.3,2,3.33333333333,2,6,89,0.0549751826921
masked,robust,0.6,0.3,2,3.33333333333,2,7,63,0.0583850591384
masked,robust,0.6,0.3,2,3.33333333333,2,8,45,0.0639185914706
masked,robust,0.6,0.3,2,3.33333333333,2,9,31,0.0850720498167
masked,linear,0.6,0.3,2.5,4.16666666667,0,1,501,0.111140480818
masked,linear,0.6,0.3,2.5,4.16666666667,0,2,355,0.0625449358178
masked,linear,0.6,0.3,2.5,4.16666666667,0,3,251,0.0716704196029
masked,linear,0.6,0.3,2.5,4.16666666667,0,4,177,0.0890727152042
masked,linear,0.6,0.3,2.5,4.16666666667,0,5,125,0.0967819466508
masked,linear,0.6,0.3,2.5,4.16666666667,0,6,89,0.0998368972561
masked,linear,0.6,0.3,2.5,4.16666666667,0,7,63,0.114222834862
masked,linear,0.6,0.3,2.5,4.16666666667,0,8,45,0.128877031026
masked,linear,0.6,0.3,2.5,4.16666666667,0,9,31,0.156628157894
masked,robust,0.6,0.3,2.5,4.16666666667,0,1,501,0.0457693552701
masked,robust,0.6,0.3,2.5,4.16666666667,0,2,355,0.0367218438694
masked,robust,0.6,0.3,2.5,4.16666666667,0,3,251,0.0388588023412
masked,robust,0.6,0.3,2.5,4.16666666667,0,4,177,0.0396464564656
masked,robust,0.6,0.3,2.5,4.16666666667,0,5,125,0.0443749112648
masked,robust,0.6,0.3,2.5,4.16666666667,0,6,89,0.0518358285188
masked,robust,0.6,0.3,2.5,4.16666666667,0,7,63,0.0626041608536
masked,robust,0.6,0.3,2.5,4.16666666667,0,8,45,0.0733326471629
masked,robust,0.6,0.3,2.5,4.16666666667,0,9,31,0.0947699942058
masked,linear,0.6,0.3,2.5,4.16666666667,1,1,501,0.117453826797
masked,linear,0.6,0.3,2.5,4.16666666667,1,2,355,0.0665205502862
masked,linear,0.6,0.3,2.5,4.16666666667,1,3,251,0.0745718983083
masked,linear,0.6,0.3,2.5,4.16666666667,1,4,177,0.0780336773036
masked,linear,0.6,0.3,2.5,4.16666666667,1,5,125,0.0903821865514
masked,linear,0.6,0.3,2.5,4.16666666667,1,6,89,0.10333451577
masked,linear,0.6,0.3,2.5,4.16666666667,1,7,63,0.121743975877
masked,linear,0.6,0.3,2.5,4.16666666667,1,8,45,0.129941764842
masked,linear,0.6,0.3,2.5,4.16666666667,1,9,31,0.167820938838
masked,robust,0.6,0.3,2.5,4.16666666667,1,1,501,0.0449363874274
masked,robust,0.6,0.3,2.5,4.16666666667,1,2,355,0.0328390928988
masked,robust,0.6,0.3,2.5,4.16666666667,1,3,251,0.0399673223539
masked,robust,0.6,0.3,2.5,4.16666666667,1,4,177,0.0389143177357
masked,robust,0.6,0.3,2.5,4.16666666667,1,5,125,0.0454528737463
masked,robust,0.6,0.3,2.5,4.16666666667,1,6,89,0.052424298726
masked,robust,0.6,0.3,2.5,4.16666666667,1,7,63,0.0591854647818
masked,robust,0.6,0.3,2.5,4.16666666667,1,8,45,0.0687807499971
masked,robust,0.6,0.3,2.5,4.16666666667,1,9,31,0.092157305828
masked,linear,0.6,0.3,2.5,4.16666666667,2,1,501,0.124972508182
masked,linear,0.6,0.3,2.5,4.16666666667,2,2,355,0.0606674777818
masked,linear,0.6,0.3,2.5,4.16666666667,2,3,251,0.0590884678766
masked,linear,0.6,0.3,2.5,4.16666666667,2,4,177,0.0619913868876
masked,linear,0.6,0.3,2.5,4.16666666667,2,5,125,0.0901009391068
masked,linear,0.6,0.3,2.5,4.16666666667,2,6,89,0.104389759079
masked,linear,0.6,0.3,2.5,4.16666666667,2,7,63,0.108193030434
masked,linear,0.6,0.3,2.5,4.16666666667,2,8,45,0.126087136838
masked,linear,0.6,0.3,2.5,4.16666666667,2,9,31,0.16985857693
masked,robust,0.6,0.3,2.5,4.16666666667,2,1,501,0.0518096469896
masked,robust,0.6,0.3,2.5,4.16666666667,2,2,355,0.0319386014873
masked,robust,0.6,0.3,2.5,4.16666666667,2,3,251,0.0312883600125
masked,robust,0.6,0.3,2.5,4.16666666667,2,4,177,0.0322760364916
masked,robust,0.6,0.3,2.5,4.16666666667,2,5,125,0.0451656949645
masked,robust,0.6,0.3,2.5,4.16666666667,2,6,89,0.0571904757786
masked,robust,0.6,0.3,2.5,4.16666666667,2,7,63,0.0609914201744
masked,robust,0.6,0.3,2.5,4.16666666667,2,8,45,0.0681177599009
masked,robust,0.6,0.3,2.5,4.16666666667,2,9,31,0.0915509609919
masked,linear,0.6,0.3,3,5,0,1,501,0.121964925733
masked,linear,0.6,0.3,3,5,0,2,355,0.0706130726577
masked,linear,0.6,0.3,3,5,0,3,251,0.0830399279373
masked,linear,0.6,0.3,3,5,0,4,177,0.104098930634
masked,linear,0.6,0.3,3,5,0,5,125,0.112632949139
masked,linear,0.6,0.3,3,5,0,6,89,0.115749628204
masked,linear,0.6,0.3,3,5,0,7,63,0.133312437039
masked,linear,0.6,0.3,3,5,0,8,45,0.151076965572
masked,linear,0.6,0.3,3,5,0,9,31,0.184301514497
masked,robust,0.6,0.3,3,5,0,1,501,0.0427555081465
masked,robust,0.6,0.3,3,5,0,2,355,0.037071808719
masked,robust,0.6,0.3,3,5,0,3,251,0.0394104696761
masked,robust,0.6,0.3,3,5,0,4,177,0.0400993677087
masked,robust,0.6,0.3,3,5,0,5,125,0.0450213591587
masked,robust,0.6,0.3,3,5,0,6,89,0.0533153678769
masked,robust,0.6,0.3,3,5,0,7,63,0.064854977835
masked,robust,0.6,0.3,3,5,0,8,45,0.0765503789145
masked,robust,0.6,0.3,3,5,0,9,31,0.100013889483
masked,linear,0.6,0.3,3,5,1,1,501,0.126235274058
masked,linear,0.6,0.3,3,5,1,2,355,0.0743754538877
masked,linear,0.6,0.3,3,5,1,3,251,0.0865407056311
masked,linear,0.6,0.3,3,5,1,4,177,0.0922174593501
masked,linear,0.6,0.3,3,5,1,5,125,0.107512192404
masked,linear,0.6,0.3,3,5,1,6,89,0.123234423057
masked,linear,0.6,0.3,3,5,1,7,63,0.145768773276
masked,linear,0.6,0.3,3,5,1,8,45,0.154434539637
masked,linear,0.6,0.3,3,5,1,9,31,0.199038675088
masked,robust,0.6,0.3,3,5,1,1,501,0.0429245602664
masked,robust,0.6,0.3,3,5,1,2,355,0.0335762475637
masked,robust,0.6,0.3,3,5,1,3,251,0.0411880522156
masked,robust,0.6,0.3,3,5,1,4,177,0.0400137738863
masked,robust,0.6,0.3,3,5,1,5,125,0.0474582367415
masked,robust,0.6,0.3,3,5,1,6,89,0.0553280403096
masked,robust,0.6,0.3,3,5,1,7,63,0.0621408410259
masked,robust,0.6,0.3,3,5,1,8,45,0.0720015550861
masked,robust,0.6,0.3,3,5,1,9,31,0.0978027852471
masked,linear,0.6,0.3,3,5,2,1,501,0.146452397808
masked,linear,0.6,0.3,3,5,2,2,355,0.0708975108012
masked,linear,0.6,0.3,3,5,2,3,251,0.0696681525385
masked,linear,0.6,0.3,3,5,2,4,177,0.0726605290403
masked,linear,0.6,0.3,3,5,2,5,125,0.106047865156
masked,linear,0.6,0.3,3,5,2,6,89,0.122166245458
masked,linear,0.6,0.3,3,5,2,7,63,0.126142606075
masked,linear,0.6,0.3,3,5,2,8,45,0.149583138129
masked,linear,0.6,0.3,3,5,2,9,31,0.202148324966
masked,robust,0.6,0.3,3,5,2,1,501,0.055068878056
masked,robust,0.6,0.3,3,5,2,2,355,0.0339925842552
masked,robust,0.6,0.3,3,5,2,3,251,0.0336414913757
masked,robust,0.6,0.3,3,5,2,4,177,0.033697621866
masked,robust,0.6,0.3,3,5,2,5,125,0.0463719657471
masked,robust,0.6,0.3,3,5,2,6,89,0.0588406722391
masked,robust,0.6,0.3,3,5,2,7,63,0.0632022932588
masked,robust,0.6,0.3,3,5,2,8,45,0.0716969603809
masked,robust,0.6,0.3,3,5,2,9,31,0.0968694307614
masked,linear,0.8,0.1,1,1.25,0,1,501,0.0688149553511
masked,linear,0.8,0.1,1,1.25,0,2,355,0.0358008299955
masked,linear,0.8,0.1,1,1.25,0,3,251,0.0340454573123
masked,linear,0.8,0.1,1,1.25,0,4,177,0.0337936007468
masked,linear,0.8,0.1,1,1.25,0,5,125,0.0429363632361
masked,linear,0.8,0.1,1,1.25,0,6,89,0.0515369359523
masked,linear,0.8,0.1,1,1.25,0,7,63,0.0554896853637
masked,linear,0.8,0.1,1,1.25,0,8,45,0.0635590149915
masked,linear,0.8,0.1,1,1.25,0,9,31,0.0798688568288
masked,robust,0.8,0.1,1,1.25,0,1,501,0.058148031358
masked,robust,0.8,0.1,1,1.25,0,2,355,0.0308447507119
masked,robust,0.8,0.1,1,1.25,0,3,251,0.0321766745948
masked,robust,0.8,0.1,1,1.25,0,4,177,0.0313241237747
masked,robust,0.8,0.1,1,1.25,0,5,125,0.0383206668487
masked,robust,0.8,0.1,1,1.25,0,6,89,0.0478075732614
masked,robust,0.8,0.1,1,1.25,0,7,63,0.0525872968488
masked,robust,0.8,0.1,1,1.25,0,8,45,0.0593133415038
masked,robust,0.8,0.1,1,1.25,0,9,31,0.0736450548596
masked,linear,0.8,0.1,1,1.25,1,1,501,0.0402330263024
masked,linear,0.8,0.1,1,1.25,1,2,355,0.0266607032927
masked,linear,0.8,0.1,1,1.25,1,3,251,0.0296984131126
masked,linear,0.8,0.1,1,1.25,1,4,177,0.0349816098001
masked,linear,0.8,0.1,1,1.25,1,5,125,0.0391896737949
masked,linear,0.8,0.1,1,1.25,1,6,89,0.0399235884559
masked,linear,0.8,0.1,1,1.25,1,7,63,0.047479255998
masked,linear,0.8,0.1,1,1.25,1,8,45,0.058071107985
masked,linear,0.8,0.1,1,1.25,1,9,31,0.0693091440572
masked,robust,0.8,0.1,1,1.25,1,1,501,0.0380427331609
masked,robust,0.8,0.1,1,1.25,1,2,355,0.0243336931351
masked,robust,0.8,0.1,1,1.25,1,3,251,0.027187572261
masked,robust,0.8,0.1,1,1.25,1,4,177,0.0323217121066
masked,robust,0.8,0.1,1,1.25,1,5,125,0.0368762235869
masked,robust,0.8,0.1,1,1.25,1,6,89,0.0390064701645
masked,robust,0.8,0.1,1,1.25,1,7,63,0.0468346518747
masked,robust,0.8,0.1,1,1.25,1,8,45,0.0563953976404
masked,robust,0.8,0.1,1,1.25,1,9,31,0.0665858609765
masked,linear,0.8,0.1,1,1.25,2,1,501,0.0489757280733
masked,linear,0.8,0.1,1,1.25,2,2,355,0.0179142203668
masked,linear,0.8,0.1,1,1.25,2,3,251,0.0223721745933
masked,linear,0.8,0.1,1,1.25,2,4,177,0.0262092961965
masked,linear,0.8,0.1,1,1.25,2,5,125,0.0304083748508
masked,linear,0.8,0.1,1,1.25,2,6,89,0.0422964517391
masked,linear,0.8,0.1,1,1.25,2,7,63,0.0498242755374
masked,linear,0.8,0.1,1,1.25,2,8,45,0.0494102815988
masked,linear,0.8,0.1,1,1.25,2,9,31,0.0629750625189
masked,robust,0.8,0.1,1,1.25,2,1,501,0.0438583634167
masked,robust,0.8,0.1,1,1.25,2,2,355,0.0187094682563
masked,robust,0.8,0.1,1,1.25,2,3,251,0.022134787923
masked,robust,0.8,0.1,1,1.25,2,4,177,0.025530762827
masked,robust,0.8,0.1,1,1.25,2,5,125,0.0291967750735
masked,robust,0.8,0.1,1,1.25,2,6,89,0.0406303851064
masked,robust,0.8,0.1,1,1.25,2,7,63,0.048202412652
masked,robust,0.8,0.1,1,1.25,2,8,45,0.0481617276027
masked,robust,0.8,0.1,1,1.25,2,9,31,0.0604178973758
masked,linear,0.8,0.1,1.5,1.875,0,1,501,0.07496668122
masked,linear,0.8,0.1,1.5,1.875,0,2,355,0.0417059969373
masked,linear,0.8,0.1,1.5,1.875,0,3,251,0.0408085312486
masked,linear,0.8,0.1,1.5,1.875,0,4,177,0.039361820263
masked,linear,0.8,0.1,1.5,1.875,0,5,125,0.0489554471889
masked,linear,0.8,0.1,1.5,1.875,0,6,89,0.0579540620663
masked,linear,0.8,0.1,1.5,1.875,0,7,63,0.0638296326002
masked,linear,0.8,0.1,1.5,1.875,0,8,45,0.0750596386455
masked,linear,0.8,0.1,1.5,1.875,0,9,31,0.0937260420386
masked,robust,0.8,0.1,1.5,1.875,0,1,501,0.053786840129
masked,robust,0.8,0.1,1.5,1.875,0,2,355,0.031684609359
masked,robust,0.8,0.1,1.5,1.875,0,3,251,0.0338364994397
masked,robust,0.8,0.1,1.5,1.875,0,4,177,0.0323563301843
masked,robust,0.8,0.1,1.5,1.875,0,5,125,0.0402876530112
masked,robust,0.8,0.1,1.5,1.875,0,6,89,0.0504251541394
masked,robust,0.8,0.1,1.5,1.875,0,7,63,0.055864268308
masked,robust,0.8,0.1,1.5,1.875,0,8,45,0.0632944264273
masked,robust,0.8,0.1,1.5,1.875,0,9,31,0.0780439969228
masked,linear,0.8,0.1,1.5,1.875,1,1,501,0.043822393673
masked,linear,0.8,0.1,1.5,1.875,1,2,355,0.0298433714308
masked,linear,0.8,0.1,1.5,1.875,1,3,251,0.0330433904448
masked,linear,0.8,0.1,1.5,1.875,1,4,177,0.039767203828
masked,linear,0.8,0.1,1.5,1.875,1,5,125,0.0468179628365
masked,linear,0.8,0.1,1.5,1.875,1,6,89,0.0474503813057
masked,linear,0.8,0.1,1.5,1.875,1,7,63,0.0543315061901
masked,linear,0.8,0.1,1.5,1.875,1,8,45,0.0661629556434
masked,linear,0.8,0.1,1.5,1.875,1,9,31,0.0799065114712
masked,robust,0.8,0.1,1.5,1.875,1,1,501,0.0394261446826
masked,robust,0.8,0.1,1.5,1.875,1,2,355,0.0246744844486
masked,robust,0.8,0.1,1.5,1.875,1,3,251,0.0275460546024
masked,robust,0.8,0.1,1.5,1.875,1,4,177,0.033460403626
masked,robust,0.8,0.1,1.5,1.875,1,5,125,0.0396576579666
masked,robust,0.8,0.1,1.5,1.875,1,6,89,0.0423030950618
masked,robust,0.8,0.1,1.5,1.875,1,7,63,0.0498374300834
masked,robust,0.8,0.1,1.5,1.875,1,8,45,0.0602684699776
masked,robust,0.8,0.1,1.5,1.875,1,9,31,0.0716219909143
masked,linear,0.8,0.1,1.5,1.875,2,1,501,0.0510163286558
masked,linear,0.8,0.1,1.5,1.875,2,2,355,0.0210127668247
masked,linear,0.8,0.1,1.5,1.875,2,3,251,0.0268837460352
masked,linear,0.8,0.1,1.5,1.875,2,4,177,0.0308375070713
masked,linear,0.8,0.1,1.5,1.875,2,5,125,0.0349750117814
masked,linear,0.8,0.1,1.5,1.875,2,6,89,0.0456309962217
masked,linear,0.8,0.1,1.5,1.875,2,7,63,0.0525890629786
masked,linear,0.8,0.1,1.5,1.875,2,8,45,0.0530930453458
masked,linear,0.8,0.1,1.5,1.875,2,9,31,0.0714067485084
masked,robust,0.8,0.1,1.5,1.875,2,1,501,0.0446585716092
masked,robust,0.8,0.1,1.5,1.875,2,2,355,0.0200345508503
masked,robust,0.8,0.1,1.5,1.875,2,3,251,0.0238401172298
masked,robust,0.8,0.1,1.5,1.875,2,4,177,0.0269356160316
masked,robust,0.8,0.1,1.5,1.875,2,5,125,0.0305661267654
masked,robust,0.8,0.1,1.5,1.875,2,6,89,0.0416785683301
masked,robust,0.8,0.1,1.5,1.875,2,7,63,0.0488119209369
masked,robust,0.8,0.1,1.5,1.875,2,8,45,0.0490310473591
masked,robust,0.8,0.1,1.5,1.875,2,9,31,0.0634838197992
masked,linear,0.8,0.1,2,2.5,0,1,501,0.08248883895
masked,linear,0.8,0.1,2,2.5,0,2,355,0.0484761953879
masked,linear,0.8,0.1,2,2.5,0,3,251,0.0484030434459
masked,linear,0.8,0.1,2,2.5,0,4,177,0.045887874175
masked,linear,0.8,0.1,2,2.5,0,5,125,0.0556635910358
masked,linear,0.8,0.1,2,2.5,0,6,89,0.0650839757953
masked,linear,0.8,0.1,2,2.5,0,7,63,0.0734216747653
masked,linear,0.8,0.1,2,2.5,0,8,45,0.0881844280556
masked,linear,0.8,0.1,2,2.5,0,9,31,0.109743531572
masked,robust,0.8,0.1,2,2.5,0,1,501,0.0499118501816
masked,robust,0.8,0.1,2,2.5,0,2,355,0.0322340084313
masked,robust,0.8,0.1,2,2.5,0,3,251,0.0346936764684
masked,robust,0.8,0.1,2,2.5,0,4,177,0.0329582887802
masked,robust,0.8,0.1,2,2.5,0,5,125,0.0419831546137
masked,robust,0.8,0.1,2,2.5,0,6,89,0.0526886540836
masked,robust,0.8,0.1,2,2.5,0,7,63,0.0584033039685
masked,robust,0.8,0.1,2,2.5,0,8,45,0.0661142479289
masked,robust,0.8,0.1,2,2.5,0,9,31,0.0812961989124
masked,linear,0.8,0.1,2,2.5,1,1,501,0.0495100970602
masked,linear,0.8,0.1,2,2.5,1,2,355,0.035221291929
masked,linear,0.8,0.1,2,2.5,1,3,251,0.0374157958956
masked,linear,0.8,0.1,2,2.5,1,4,177,0.0454124941891
masked,linear,0.8,0.1,2,2.5,1,5,125,0.0556108712099
masked,linear,0.8,0.1,2,2.5,1,6,89,0.0563818894052
masked,linear,0.8,0.1,2,2.5,1,7,63,0.0628951256811
masked,linear,0.8,0.1,2,2.5,1,8,45,0.0760669435604
masked,linear,0.8,0.1,2,2.5,1,9,31,0.092762438473
masked,robust,0.8,0.1,2,2.5,1,1,501,0.0410231869791
masked,robust,0.8,0.1,2,2.5,1,2,355,0.0254641552904
masked,robust,0.8,0.1,2,2.5,1,3,251,0.0278690043393
masked,robust,0.8,0.1,2,2.5,1,4,177,0.0341983578588
masked,robust,0.8,0.1,2,2.5,1,5,125,0.0414889772579
masked,robust,0.8,0.1,2,2.5,1,6,89,0.044604532082
masked,robust,0.8,0.1,2,2.5,1,7,63,0.0520481346941
masked,robust,0.8,0.1,2,2.5,1,8,45,0.0632940038919
masked,robust,0.8,0.1,2,2.5,1,9,31,0.0760558871411
masked,linear,0.8,0.1,2,2.5,2,1,501,0.0545678616678
masked,linear,0.8,0.1,2,2.5,2,2,355,0.0252044738262
masked,linear,0.8,0.1,2,2.5,2,3,251,0.0322810223559
masked,linear,0.8,0.1,2,2.5,2,4,177,0.0364053548377
masked,linear,0.8,0.1,2,2.5,2,5,125,0.0406680615621
masked,linear,0.8,0.1,2,2.5,2,6,89,0.0501573940011
masked,linear,0.8,0.1,2,2.5,2,7,63,0.0567115649433
masked,linear,0.8,0.1,2,2.5,2,8,45,0.0587613713341
masked,linear,0.8,0.1,2,2.5,2,9,31,0.0821763083716
masked,robust,0.8,0.1,2,2.5,2,1,501,0.0467673083264
masked,robust,0.8,0.1,2,2.5,2,2,355,0.0213327994122
masked,robust,0.8,0.1,2,2.5,2,3,251,0.0252541177931
masked,robust,0.8,0.1,2,2.5,2,4,177,0.0281040685096
masked,robust,0.8,0.1,2,2.5,2,5,125,0.0316807608525
masked,robust,0.8,0.1,2,2.5,2,6,89,0.0425600044739
masked,robust,0.8,0.1,2,2.5,2,7,63,0.0494419242572
masked,robust,0.8,0.1,2,2.5,2,8,45,0.050059418176
masked,robust,0.8,0.1,2,2.5,2,9,31,0.0663749439427
masked,linear,0.8,0.1,2.5,3.125,0,1,501,0.0910423739502
masked,linear,0.8,0.1,2.5,3.125,0,2,355,0.0557974322405
masked,linear,0.8,0.1,2.5,3.125,0,3,251,0.056494675325
masked,linear,0.8,0.1,2.5,3.125,0,4,177,0.0530192394992
masked,linear,0.8,0.1,2.5,3.125,0,5,125,0.0628405120965
masked,linear,0.8,0.1,2.5,3.125,0,6,89,0.0727173126113
masked,linear,0.8,0.1,2.5,3.125,0,7,63,0.0838371407203
masked,linear,0.8,0.1,2.5,3.125,0,8,45,0.102310216403
masked,linear,0.8,0.1,2.5,3.125,0,9,31,0.127107236569
masked,robust,0.8,0.1,2.5,3.125,0,1,501,0.0466341418442
masked,robust,0.8,0.1,2.5,3.125,0,2,355,0.032645658052
masked,robust,0.8,0.1,2.5,3.125,0,3,251,0.035121129346
masked,robust,0.8,0.1,2.5,3.125,0,4,177,0.0332646788431
masked,robust,0.8,0.1,2.5,3.125,0,5,125,0.0433229799001
masked,robust,0.8,0.1,2.5,3.125,0,6,89,0.0545556594446
masked,robust,0.8,0.1,2.5,3.125,0,7,63,0.0603923114982
masked,robust,0.8,0.1,2.5,3.125,0,8,45,0.0681514097242
masked,robust,0.8,0.1,2.5,3.125,0,9,31,0.0836122479405
masked,linear,0.8,0.1,2.5,3.125,1,1,501,0.0566677948793
masked,linear,0.8,0.1,2.5,3.125,1,2,355,0.0419586803942
masked,linear,0.8,0.1,2.5,3.125,1,3,251,0.0424996956773
masked,linear,0.8,0.1,2.5,3.125,1,4,177,0.0516362799661
masked,linear,0.8,0.1,2.5,3.125,1,5,125,0.0650981765477
masked,linear,0.8,0.1,2.5,3.125,1,6,89,0.0661515624585
masked,linear,0.8,0.1,2.5,3.125,1,7,63,0.0725667455436
masked,linear,0.8,0.1,2.5,3.125,1,8,45,0.0871675581398
masked,linear,0.8,0.1,2.5,3.125,1,9,31,0.107066407887
masked,robust,0.8,0.1,2.5,3.125,1,1,501,0.0425476968194
masked,robust,0.8,0.1,2.5,3.125,1,2,355,0.0263236495719
masked,robust,0.8,0.1,2.5,3.125,1,3,251,0.0280685714792
masked,robust,0.8,0.1,2.5,3.125,1,4,177,0.0345962720351
masked,robust,0.8,0.1,2.5,3.125,1,5,125,0.0427023440919
masked,robust,0.8,0.1,2.5,3.125,1,6,89,0.0462638978686
masked,robust,0.8,0.1,2.5,3.125,1,7,63,0.0536930055055
masked,robust,0.8,0.1,2.5,3.125,1,8,45,0.0655066781499
masked,robust,0.8,0.1,2.5,3.125,1,9,31,0.0795870234456
masked,linear,0.8,0.1,2.5,3.125,2,1,501,0.0593597435366
masked,linear,0.8,0.1,2.5,3.125,2,2,355,0.0300350908942
masked,linear,0.8,0.1,2.5,3.125,2,3,251,0.0381903129918
masked,linear,0.8,0.1,2.5,3.125,2,4,177,0.0425455198883
masked,linear,0.8,0.1,2.5,3.125,2,5,125,0.0470806606517
masked,linear,0.8,0.1,2.5,3.125,2,6,89,0.0555852399483
masked,linear,0.8,0.1,2.5,3.125,2,7,63,0.0619211966362
masked,linear,0.8,0.1,2.5,3.125,2,8,45,0.0659049149806
masked,linear,0.8,0.1,2.5,3.125,2,9,31,0.0944876937722
masked,robust,0.8,0.1,2.5,3.125,2,1,501,0.0491569848833
masked,robust,0.8,0.1,2.5,3.125,2,2,355,0.0224369747404
masked,robust,0.8,0.1,2.5,3.125,2,3,251,0.0263841586473
masked,robust,0.8,0.1,2.5,3.125,2,4,177,0.0290427569336
masked,robust,0.8,0.1,2.5,3.125,2,5,125,0.0325212284189
masked,robust,0.8,0.1,2.5,3.125,2,6,89,0.0431871012764
masked,robust,0.8,0.1,2.5,3.125,2,7,63,0.0499263091095
masked,robust,0.8,0.1,2.5,3.125,2,8,45,0.0510491169413
masked,robust,0.8,0.1,2.5,3.125,2,9,31,0.0689496004055
masked,linear,0.8,0.1,3,3.75,0,1,501,0.100363933774
masked,linear,0.8,0.1,3,3.75,0,2,355,0.0634793348781
masked,linear,0.8,0.1,3,3.75,0,3,251,0.0648977457115
masked,linear,0.8,0.1,3,3.75,0,4,177,0.0605423915678
masked,linear,0.8,0.1,3,3.75,0,5,125,0.0703428716368
masked,linear,0.8,0.1,3,3.75,0,6,89,0.080711363848
masked,linear,0.8,0.1,3,3.75,0,7,63,0.0948050289505
masked,linear,0.8,0.1,3,3.75,0,8,45,0.117075234103
masked,linear,0.8,0.1,3,3.75,0,9,31,0.145335444937
masked,robust,0.8,0.1,3,3.75,0,1,501,0.0439968853252
masked,robust,0.8,0.1,3,3.75,0,2,355,0.0329972313881
masked,robust,0.8,0.1,3,3.75,0,3,251,0.0353363320561
masked,robust,0.8,0.1,3,3.75,0,4,177,0.0333907366406
masked,robust,0.8,0.1,3,3.75,0,5,125,0.0443346430278
masked,robust,0.8,0.1,3,3.75,0,6,89,0.0560499118236
masked,robust,0.8,0.1,3,3.75,0,7,63,0.0619918687089
masked,robust,0.8,0.1,3,3.75,0,8,45,0.0697478868862
masked,robust,0.8,0.1,3,3.75,0,9,31,0.0853881475902
masked,linear,0.8,0.1,3,3.75,1,1,501,0.0648102614094
masked,linear,0.8,0.1,3,3.75,1,2,355,0.0495035471879
masked,linear,0.8,0.1,3,3.75,1,3,251,0.0480698731282
masked,linear,0.8,0.1,3,3.75,1,4,177,0.0582534363028
masked,linear,0.8,0.1,3,3.75,1,5,125,0.0750168809235
masked,linear,0.8,0.1,3,3.75,1,6,89,0.0764386942228
masked,linear,0.8,0.1,3,3.75,1,7,63,0.0829597476969
masked,linear,0.8,0.1,3,3.75,1,8,45,0.0990633462376
masked,linear,0.8,0.1,3,3.75,1,9,31,0.122311437301
masked,robust,0.8,0.1,3,3.75,1,1,501,0.0438693637602
masked,robust,0.8,0.1,3,3.75,1,2,355,0.0271209241703
masked,robust,0.8,0.1,3,3.75,1,3,251,0.0281545849331
masked,robust,0.8,0.1,3,3.75,1,4,177,0.0347568883748
masked,robust,0.8,0.1,3,3.75,1,5,125,0.043512891358
masked,robust,0.8,0.1,3,3.75,1,6,89,0.0475080492018
masked,robust,0.8,0.1,3,3.75,1,7,63,0.0549625264743
masked,robust,0.8,0.1,3,3.75,1,8,45,0.0670863798276
masked,robust,0.8,0.1,3,3.75,1,9,31,0.0822585968177
masked,linear,0.8,0.1,3,3.75,2,1,501,0.0651187274657
masked,linear,0.8,0.1,3,3.75,2,2,355,0.0352428705149
masked,linear,0.8,0.1,3,3.75,2,3,251,0.0444076863515
masked,linear,0.8,0.1,3,3.75,2,4,177,0.0490435117779
masked,linear,0.8,0.1,3,3.75,2,5,125,0.0539568677523
masked,linear,0.8,0.1,3,3.75,2,6,89,0.0616769973132
masked,linear,0.8,0.1,3,3.75,2,7,63,0.0679684377384
masked,linear,0.8,0.1,3,3.75,2,8,45,0.0740982363941
masked,linear,0.8,0.1,3,3.75,2,9,31,0.107814004577
masked,robust,0.8,0.1,3,3.75,2,1,501,0.0512593428394
masked,robust,0.8,0.1,3,3.75,2,2,355,0.0233048952932
masked,robust,0.8,0.1,3,3.75,2,3,251,0.0272410895767
masked,robust,0.8,0.1,3,3.75,2,4,177,0.0297394371609
masked,robust,0.8,0.1,3,3.75,2,5,125,0.0331106445569
masked,robust,0.8,0.1,3,3.75,2,6,89,0.0435933223238
masked,robust,0.8,0.1,3,3.75,2,7,63,0.0502603276211
masked,robust,0.8,0.1,3,3.75,2,8,45,0.0519429538178
masked,robust,0.8,0.1,3,3.75,2,9,31,0.0711440392811
masked,linear,0.8,0.15,1,1.25,0,1,501,0.0710427023136
masked,linear,0.8,0.15,1,1.25,0,2,355,0.0387570476434
masked,linear,0.8,0.15,1,1.25,0,3,251,0.0360734958703
masked,linear,0.8,0.15,1,1.25,0,4,177,0.0358061857671
masked,linear,0.8,0.15,1,1.25,0,5,125,0.0452930026044
masked,linear,0.8,0.15,1,1.25,0,6,89,0.0530189838425
masked,linear,0.8,0.15,1,1.25,0,7,63,0.0551817836652
masked,linear,0.8,0.15,1,1.25,0,8,45,0.0625733920299
masked,linear,0.8,0.15,1,1.25,0,9,31,0.0807599180504
masked,robust,0.8,0.15,1,1.25,0,1,501,0.0606352719568
masked,robust,0.8,0.15,1,1.25,0,2,355,0.0341613478754
masked,robust,0.8,0.15,1,1.25,0,3,251,0.0345258289949
masked,robust,0.8,0.15,1,1.25,0,4,177,0.033111468163
masked,robust,0.8,0.15,1,1.25,0,5,125,0.0397017642041
masked,robust,0.8,0.15,1,1.25,0,6,89,0.048621930382
masked,robust,0.8,0.15,1,1.25,0,7,63,0.0524336399168
masked,robust,0.8,0.15,1,1.25,0,8,45,0.0587248818661
masked,robust,0.8,0.15,1,1.25,0,9,31,0.0748622636832
masked,linear,0.8,0.15,1,1.25,1,1,501,0.0490444680726
masked,linear,0.8,0.15,1,1.25,1,2,355,0.0295138233899
masked,linear,0.8,0.15,1,1.25,1,3,251,0.031698664746
masked,linear,0.8,0.15,1,1.25,1,4,177,0.0363712396308
masked,linear,0.8,0.15,1,1.25,1,5,125,0.0398324180251
masked,linear,0.8,0.15,1,1.25,1,6,89,0.041010262426
masked,linear,0.8,0.15,1,1.25,1,7,63,0.0489901495704
masked,linear,0.8,0.15,1,1.25,1,8,45,0.058294513169
masked,linear,0.8,0.15,1,1.25,1,9,31,0.0707445150342
masked,robust,0.8,0.15,1,1.25,1,1,501,0.042850944389
masked,robust,0.8,0.15,1,1.25,1,2,355,0.0261683603126
masked,robust,0.8,0.15,1,1.25,1,3,251,0.0293404798222
masked,robust,0.8,0.15,1,1.25,1,4,177,0.0337261349143
masked,robust,0.8,0.15,1,1.25,1,5,125,0.0374987451488
masked,robust,0.8,0.15,1,1.25,1,6,89,0.0400000057119
masked,robust,0.8,0.15,1,1.25,1,7,63,0.04798796322
masked,robust,0.8,0.15,1,1.25,1,8,45,0.0565168317649
masked,robust,0.8,0.15,1,1.25,1,9,31,0.0680671188685
masked,linear,0.8,0.15,1,1.25,2,1,501,0.0422748327986
masked,linear,0.8,0.15,1,1.25,2,2,355,0.0221755388285
masked,linear,0.8,0.15,1,1.25,2,3,251,0.0276445801117
masked,linear,0.8,0.15,1,1.25,2,4,177,0.0305555718825
masked,linear,0.8,0.15,1,1.25,2,5,125,0.0331106106862
masked,linear,0.8,0.15,1,1.25,2,6,89,0.0446594311686
masked,linear,0.8,0.15,1,1.25,2,7,63,0.0537430530498
masked,linear,0.8,0.15,1,1.25,2,8,45,0.0545693221502
masked,linear,0.8,0.15,1,1.25,2,9,31,0.0714850210576
masked,robust,0.8,0.15,1,1.25,2,1,501,0.0395851186741
masked,robust,0.8,0.15,1,1.25,2,2,355,0.0204598587083
masked,robust,0.8,0.15,1,1.25,2,3,251,0.0254233200336
masked,robust,0.8,0.15,1,1.25,2,4,177,0.0286184058236
masked,robust,0.8,0.15,1,1.25,2,5,125,0.0316970577317
masked,robust,0.8,0.15,1,1.25,2,6,89,0.0427925142606
masked,robust,0.8,0.15,1,1.25,2,7,63,0.0508372814799
masked,robust,0.8,0.15,1,1.25,2,8,45,0.050991031822
masked,robust,0.8,0.15,1,1.25,2,9,31,0.0657141809842
masked,linear,0.8,0.15,1.5,1.875,0,1,501,0.0760701587834
masked,linear,0.8,0.15,1.5,1.875,0,2,355,0.0448165800106
masked,linear,0.8,0.15,1.5,1.875,0,3,251,0.0428870574378
masked,linear,0.8,0.15,1.5,1.875,0,4,177,0.0415784222363
masked,linear,0.8,0.15,1.5,1.875,0,5,125,0.0524519553124
masked,linear,0.8,0.15,1.5,1.875,0,6,89,0.0601423114594
masked,linear,0.8,0.15,1.5,1.875,0,7,63,0.0628797788629
masked,linear,0.8,0.15,1.5,1.875,0,8,45,0.0732080631504
masked,linear,0.8,0.15,1.5,1.875,0,9,31,0.0949437573839
masked,robust,0.8,0.15,1.5,1.875,0,1,501,0.0548110323084
masked,robust,0.8,0.15,1.5,1.875,0,2,355,0.0353771991021
masked,robust,0.8,0.15,1.5,1.875,0,3,251,0.0367423425618
masked,robust,0.8,0.15,1.5,1.875,0,4,177,0.0341939221084
masked,robust,0.8,0.15,1.5,1.875,0,5,125,0.0416048851121
masked,robust,0.8,0.15,1.5,1.875,0,6,89,0.0509758797356
masked,robust,0.8,0.15,1.5,1.875,0,7,63,0.0553321525455
masked,robust,0.8,0.15,1.5,1.875,0,8,45,0.0626800830387
masked,robust,0.8,0.15,1.5,1.875,0,9,31,0.0803852667222
masked,linear,0.8,0.15,1.5,1.875,1,1,501,0.051718626669
masked,linear,0.8,0.15,1.5,1.875,1,2,355,0.0321192464674
masked,linear,0.8,0.15,1.5,1.875,1,3,251,0.0362145147333
masked,linear,0.8,0.15,1.5,1.875,1,4,177,0.0423166086303
masked,linear,0.8,0.15,1.5,1.875,1,5,125,0.0483213686822
masked,linear,0.8,0.15,1.5,1.875,1,6,89,0.0498110018237
masked,linear,0.8,0.15,1.5,1.875,1,7,63,0.0581018977401
masked,linear,0.8,0.15,1.5,1.875,1,8,45,0.0679581145853
masked,linear,0.8,0.15,1.5,1.875,1,9,31,0.0839166033357
masked,robust,0.8,0.15,1.5,1.875,1,1,501,0.0414366513287
masked,robust,0.8,0.15,1.5,1.875,1,2,355,0.0254922565515
masked,robust,0.8,0.15,1.5,1.875,1,3,251,0.0303529913214
masked,robust,0.8,0.15,1.5,1.875,1,4,177,0.0356162420584
masked,robust,0.8,0.15,1.5,1.875,1,5,125,0.0410351936379
masked,robust,0.8,0.15,1.5,1.875,1,6,89,0.0443008498079
masked,robust,0.8,0.15,1.5,1.875,1,7,63,0.0524548720728
masked,robust,0.8,0.15,1.5,1.875,1,8,45,0.0617444071304
masked,robust,0.8,0.15,1.5,1.875,1,9,31,0.0749909535648
masked,linear,0.8,0.15,1.5,1.875,2,1,501,0.0443565600201
masked,linear,0.8,0.15,1.5,1.875,2,2,355,0.0261433137092
masked,linear,0.8,0.15,1.5,1.875,2,3,251,0.0343450635611
masked,linear,0.8,0.15,1.5,1.875,2,4,177,0.0375622237862
masked,linear,0.8,0.15,1.5,1.875,2,5,125,0.0392649206534
masked,linear,0.8,0.15,1.5,1.875,2,6,89,0.0493953858021
masked,linear,0.8,0.15,1.5,1.875,2,7,63,0.0595611345883
masked,linear,0.8,0.15,1.5,1.875,2,8,45,0.0635829606812
masked,linear,0.8,0.15,1.5,1.875,2,9,31,0.0865105073576
masked,robust,0.8,0.15,1.5,1.875,2,1,501,0.0425674351537
masked,robust,0.8,0.15,1.5,1.875,2,2,355,0.0215531202949
masked,robust,0.8,0.15,1.5,1.875,2,3,251,0.028205484315
masked,robust,0.8,0.15,1.5,1.875,2,4,177,0.0315579812484
masked,robust,0.8,0.15,1.5,1.875,2,5,125,0.0344016443449
masked,robust,0.8,0.15,1.5,1.875,2,6,89,0.0447538324899
masked,robust,0.8,0.15,1.5,1.875,2,7,63,0.0525269760202
masked,robust,0.8,0.15,1.5,1.875,2,8,45,0.0538132016438
masked,robust,0.8,0.15,1.5,1.875,2,9,31,0.0717010707879
masked,linear,0.8,0.15,2,2.5,0,1,501,0.0833340958982
masked,linear,0.8,0.15,2,2.5,0,2,355,0.0518709567038
masked,linear,0.8,0.15,2,2.5,0,3,251,0.0504378541037
masked,linear,0.8,0.15,2,2.5,0,4,177,0.0483827316321
masked,linear,0.8,0.15,2,2.5,0,5,125,0.060442506932
masked,linear,0.8,0.15,2,2.5,0,6,89,0.0681258174996
masked,linear,0.8,0.15,2,2.5,0,7,63,0.071930203763
masked,linear,0.8,0.15,2,2.5,0,8,45,0.0855099391709
masked,linear,0.8,0.15,2,2.5,0,9,31,0.111264464403
masked,robust,0.8,0.15,2,2.5,0,1,501,0.0501768270877
masked,robust,0.8,0.15,2,2.5,0,2,355,0.0361966813565
masked,robust,0.8,0.15,2,2.5,0,3,251,0.0380817050437
masked,robust,0.8,0.15,2,2.5,0,4,177,0.0348584971219
masked,robust,0.8,0.15,2,2.5,0,5,125,0.0430497965737
masked,robust,0.8,0.15,2,2.5,0,6,89,0.0527290105925
masked,robust,0.8,0.15,2,2.5,0,7,63,0.0574019777517
masked,robust,0.8,0.15,2,2.5,0,8,45,0.0656182133322
masked,robust,0.8,0.15,2,2.5,0,9,31,0.0849527928159
masked,linear,0.8,0.15,2,2.5,1,1,501,0.0561473950597
masked,linear,0.8,0.15,2,2.5,1,2,355,0.0371484624434
masked,linear,0.8,0.15,2,2.5,1,3,251,0.0420806711518
masked,linear,0.8,0.15,2,2.5,1,4,177,0.0492971400419
masked,linear,0.8,0.15,2,2.5,1,5,125,0.0579809562966
masked,linear,0.8,0.15,2,2.5,1,6,89,0.0600593349699
masked,linear,0.8,0.15,2,2.5,1,7,63,0.0691973007254
masked,linear,0.8,0.15,2,2.5,1,8,45,0.0797317317508
masked,linear,0.8,0.15,2,2.5,1,9,31,0.0996947881326
masked,robust,0.8,0.15,2,2.5,1,1,501,0.0412122421889
masked,robust,0.8,0.15,2,2.5,1,2,355,0.0256122076274
masked,robust,0.8,0.15,2,2.5,1,3,251,0.0310068843505
masked,robust,0.8,0.15,2,2.5,1,4,177,0.0368488711752
masked,robust,0.8,0.15,2,2.5,1,5,125,0.0434515862202
masked,robust,0.8,0.15,2,2.5,1,6,89,0.0474895959851
masked,robust,0.8,0.15,2,2.5,1,7,63,0.0561397751697
masked,robust,0.8,0.15,2,2.5,1,8,45,0.0662101951
masked,robust,0.8,0.15,2,2.5,1,9,31,0.0811158684023
masked,linear,0.8,0.15,2,2.5,2,1,501,0.0475148505029
masked,linear,0.8,0.15,2,2.5,2,2,355,0.0310731281161
masked,linear,0.8,0.15,2,2.5,2,3,251,0.0417403476437
masked,linear,0.8,0.15,2,2.5,2,4,177,0.0455327702352
masked,linear,0.8,0.15,2,2.5,2,5,125,0.046802457808
masked,linear,0.8,0.15,2,2.5,2,6,89,0.0556587256304
masked,linear,0.8,0.15,2,2.5,2,7,63,0.0672276592626
masked,linear,0.8,0.15,2,2.5,2,8,45,0.0752265230335
masked,linear,0.8,0.15,2,2.5,2,9,31,0.10423946647
masked,robust,0.8,0.15,2,2.5,2,1,501,0.0462058299476
masked,robust,0.8,0.15,2,2.5,2,2,355,0.0228657472842
masked,robust,0.8,0.15,2,2.5,2,3,251,0.030592347028
masked,robust,0.8,0.15,2,2.5,2,4,177,0.0340193569626
masked,robust,0.8,0.15,2,2.5,2,5,125,0.0367123206542
masked,robust,0.8,0.15,2,2.5,2,6,89,0.0466903768019
masked,robust,0.8,0.15,2,2.5,2,7,63,0.0544195633247
masked,robust,0.8,0.15,2,2.5,2,8,45,0.0568097402448
masked,robust,0.8,0.15,2,2.5,2,9,31,0.0773948716162
masked,linear,0.8,0.15,2.5,3.125,0,1,501,0.0923080332231
masked,linear,0.8,0.15,2.5,3.125,0,2,355,0.0595677736581
masked,linear,0.8,0.15,2.5,3.125,0,3,251,0.0584408196129
masked,linear,0.8,0.15,2.5,3.125,0,4,177,0.0558431151777
masked,linear,0.8,0.15,2.5,3.125,0,5,125,0.0689762507629
masked,linear,0.8,0.15,2.5,3.125,0,6,89,0.0767013741379
masked,linear,0.8,0.15,2.5,3.125,0,7,63,0.0818858481001
masked,linear,0.8,0.15,2.5,3.125,0,8,45,0.0988585704451
masked,linear,0.8,0.15,2.5,3.125,0,9,31,0.128912979493
masked,robust,0.8,0.15,2.5,3.125,0,1,501,0.0465886602469
masked,robust,0.8,0.15,2.5,3.125,0,2,355,0.0367354145621
masked,robust,0.8,0.15,2.5,3.125,0,3,251,0.0388674220247
masked,robust,0.8,0.15,2.5,3.125,0,4,177,0.035202873848
masked,robust,0.8,0.15,2.5,3.125,0,5,125,0.0440465485985
masked,robust,0.8,0.15,2.5,3.125,0,6,89,0.0539692449821
masked,robust,0.8,0.15,2.5,3.125,0,7,63,0.0588336199969
masked,robust,0.8,0.15,2.5,3.125,0,8,45,0.0678233840528
masked,robust,0.8,0.15,2.5,3.125,0,9,31,0.0886076297133
masked,linear,0.8,0.15,2.5,3.125,1,1,501,0.0619556351829
masked,linear,0.8,0.15,2.5,3.125,1,2,355,0.0437738800646
masked,linear,0.8,0.15,2.5,3.125,1,3,251,0.0488127111347
masked,linear,0.8,0.15,2.5,3.125,1,4,177,0.0569333384171
masked,linear,0.8,0.15,2.5,3.125,1,5,125,0.0683164064554
masked,linear,0.8,0.15,2.5,3.125,1,6,89,0.0711323067761
masked,linear,0.8,0.15,2.5,3.125,1,7,63,0.0814698869213
masked,linear,0.8,0.15,2.5,3.125,1,8,45,0.0928158466836
masked,linear,0.8,0.15,2.5,3.125,1,9,31,0.117029696247
masked,robust,0.8,0.15,2.5,3.125,1,1,501,0.0416252937401
masked,robust,0.8,0.15,2.5,3.125,1,2,355,0.0259811197392
masked,robust,0.8,0.15,2.5,3.125,1,3,251,0.0312894172721
masked,robust,0.8,0.15,2.5,3.125,1,4,177,0.0375042303961
masked,robust,0.8,0.15,2.5,3.125,1,5,125,0.0450338558452
masked,robust,0.8,0.15,2.5,3.125,1,6,89,0.0498077157259
masked,robust,0.8,0.15,2.5,3.125,1,7,63,0.059024512741
masked,robust,0.8,0.15,2.5,3.125,1,8,45,0.069705439819
masked,robust,0.8,0.15,2.5,3.125,1,9,31,0.0861305495487
masked,linear,0.8,0.15,2.5,3.125,2,1,501,0.0515522190855
masked,linear,0.8,0.15,2.5,3.125,2,2,355,0.0365780513423
masked,linear,0.8,0.15,2.5,3.125,2,3,251,0.0495201221802
masked,linear,0.8,0.15,2.5,3.125,2,4,177,0.0540423954102
masked,linear,0.8,0.15,2.5,3.125,2,5,125,0.0551590493832
masked,linear,0.8,0.15,2.5,3.125,2,6,89,0.0629955045466
masked,linear,0.8,0.15,2.5,3.125,2,7,63,0.0761866392523
masked,linear,0.8,0.15,2.5,3.125,2,8,45,0.0884676299904
masked,linear,0.8,0.15,2.5,3.125,2,9,31,0.123513172155
masked,robust,0.8,0.15,2.5,3.125,2,1,501,0.0498210361026
masked,robust,0.8,0.15,2.5,3.125,2,2,355,0.0242841458431
masked,robust,0.8,0.15,2.5,3.125,2,3,251,0.0326707899742
masked,robust,0.8,0.15,2.5,3.125,2,4,177,0.0359904610274
masked,robust,0.8,0.15,2.5,3.125,2,5,125,0.0384650217563
masked,robust,0.8,0.15,2.5,3.125,2,6,89,0.0482768211211
masked,robust,0.8,0.15,2.5,3.125,2,7,63,0.0561405502791
masked,robust,0.8,0.15,2.5,3.125,2,8,45,0.0594766553024
masked,robust,0.8,0.15,2.5,3.125,2,9,31,0.0822222841796
masked,linear,0.8,0.15,3,3.75,0,1,501,0.102544007296
masked,linear,0.8,0.15,3,3.75,0,2,355,0.0676882291946
masked,linear,0.8,0.15,3,3.75,0,3,251,0.0667334736622
masked,linear,0.8,0.15,3,3.75,0,4,177,0.0637295816192
masked,linear,0.8,0.15,3,3.75,0,5,125,0.0778748174403
masked,linear,0.8,0.15,3,3.75,0,6,89,0.0856914171992
masked,linear,0.8,0.15,3,3.75,0,7,63,0.0924547473466
masked,linear,0.8,0.15,3,3.75,0,8,45,0.112883224044
masked,linear,0.8,0.15,3,3.75,0,9,31,0.147413170356
masked,robust,0.8,0.15,3,3.75,0,1,501,0.0439704443958
masked,robust,0.8,0.15,3,3.75,0,2,355,0.0371316216225
masked,robust,0.8,0.15,3,3.75,0,3,251,0.0393401707073
masked,robust,0.8,0.15,3,3.75,0,4,177,0.0353667062237
masked,robust,0.8,0.15,3,3.75,0,5,125,0.0447310545174
masked,robust,0.8,0.15,3,3.75,0,6,89,0.0548733976405
masked,robust,0.8,0.15,3,3.75,0,7,63,0.0598972177252
masked,robust,0.8,0.15,3,3.75,0,8,45,0.0696040376724
masked,robust,0.8,0.15,3,3.75,0,9,31,0.0916393404232
masked,linear,0.8,0.15,3,3.75,1,1,501,0.0687948299024
masked,linear,0.8,0.15,3,3.75,1,2,355,0.0513816984504
masked,linear,0.8,0.15,3,3.75,1,3,251,0.056099774764
masked,linear,0.8,0.15,3,3.75,1,4,177,0.0649945104373
masked,linear,0.8,0.15,3,3.75,1,5,125,0.0790631074841
masked,linear,0.8,0.15,3,3.75,1,6,89,0.0826993346616
masked,linear,0.8,0.15,3,3.75,1,7,63,0.094461942934
masked,linear,0.8,0.15,3,3.75,1,8,45,0.106729575942
masked,linear,0.8,0.15,3,3.75,1,9,31,0.135324400549
masked,robust,0.8,0.15,3,3.75,1,1,501,0.0422522709566
masked,robust,0.8,0.15,3,3.75,1,2,355,0.0264124582341
masked,robust,0.8,0.15,3,3.75,1,3,251,0.0313534964356
masked,robust,0.8,0.15,3,3.75,1,4,177,0.037777249607
masked,robust,0.8,0.15,3,3.75,1,5,125,0.0460448463066
masked,robust,0.8,0.15,3,3.75,1,6,89,0.0515009968438
masked,robust,0.8,0.15,3,3.75,1,7,63,0.0612458221738
masked,robust,0.8,0.15,3,3.75,1,8,45,0.0723187791454
masked,robust,0.8,0.15,3,3.75,1,9,31,0.090109637353
masked,linear,0.8,0.15,3,3.75,2,1,501,0.0562797942409
masked,linear,0.8,0.15,3,3.75,2,2,355,0.042434850052
masked,linear,0.8,0.15,3,3.75,2,3,251,0.0575286105255
masked,linear,0.8,0.15,3,3.75,2,4,177,0.0628725907283
masked,linear,0.8,0.15,3,3.75,2,5,125,0.0640147327565
masked,linear,0.8,0.15,3,3.75,2,6,89,0.0710740719347
masked,linear,0.8,0.15,3,3.75,2,7,63,0.0860352616394
masked,linear,0.8,0.15,3,3.75,2,8,45,0.102690156559
masked,linear,0.8,0.15,3,3.75,2,9,31,0.14371144652
masked,robust,0.8,0.15,3,3.75,2,1,501,0.053090485193
masked,robust,0.8,0.15,3,3.75,2,2,355,0.0257224337447
masked,robust,0.8,0.15,3,3.75,2,3,251,0.0345288472608
masked,robust,0.8,0.15,3,3.75,2,4,177,0.0376110750479
masked,robust,0.8,0.15,3,3.75,2,5,125,0.0397838068974
masked,robust,0.8,0.15,3,3.75,2,6,89,0.0494922138748
masked,robust,0.8,0.15,3,3.75,2,7,63,0.057571852895
masked,robust,0.8,0.15,3,3.75,2,8,45,0.0617215139183
masked,robust,0.8,0.15,3,3.75,2,9,31,0.0860738265102
masked,linear,0.8,0.2,1,1.25,0,1,501,0.0846192445967
masked,linear,0.8,0.2,1,1.25,0,2,355,0.0419291871746
masked,linear,0.8,0.2,1,1.25,0,3,251,0.0376347511563
masked,linear,0.8,0.2,1,1.25,0,4,177,0.0392037221991
masked,linear,0.8,0.2,1,1.25,0,5,125,0.0497981752838
masked,linear,0.8,0.2,1,1.25,0,6,89,0.0576565707713
masked,linear,0.8,0.2,1,1.25,0,7,63,0.0595874460649
masked,linear,0.8,0.2,1,1.25,0,8,45,0.0639079507467
masked,linear,0.8,0.2,1,1.25,0,9,31,0.0801604829095
masked,robust,0.8,0.2,1,1.25,0,1,501,0.0700489945193
masked,robust,0.8,0.2,1,1.25,0,2,355,0.0356182662833
masked,robust,0.8,0.2,1,1.25,0,3,251,0.0358492831153
masked,robust,0.8,0.2,1,1.25,0,4,177,0.0358195928517
masked,robust,0.8,0.2,1,1.25,0,5,125,0.0424117960279
masked,robust,0.8,0.2,1,1.25,0,6,89,0.0503580020364
masked,robust,0.8,0.2,1,1.25,0,7,63,0.0539081820073
masked,robust,0.8,0.2,1,1.25,0,8,45,0.0585900188265
masked,robust,0.8,0.2,1,1.25,0,9,31,0.0743640639257
masked,linear,0.8,0.2,1,1.25,1,1,501,0.0766223520663
masked,linear,0.8,0.2,1,1.25,1,2,355,0.0370517034627
masked,linear,0.8,0.2,1,1.25,1,3,251,0.0380640652142
masked,linear,0.8,0.2,1,1.25,1,4,177,0.0396886906579
masked,linear,0.8,0.2,1,1.25,1,5,125,0.0428279684249
masked,linear,0.8,0.2,1,1.25,1,6,89,0.045015370554
masked,linear,0.8,0.2,1,1.25,1,7,63,0.0535361570673
masked,linear,0.8,0.2,1,1.25,1,8,45,0.0656023129676
masked,linear,0.8,0.2,1,1.25,1,9,31,0.0804339404617
masked,robust,0.8,0.2,1,1.25,1,1,501,0.0617485544155
masked,robust,0.8,0.2,1,1.25,1,2,355,0.0322927336809
masked,robust,0.8,0.2,1,1.25,1,3,251,0.035869130215
masked,robust,0.8,0.2,1,1.25,1,4,177,0.0369515638734
masked,robust,0.8,0.2,1,1.25,1,5,125,0.0401647087554
masked,robust,0.8,0.2,1,1.25,1,6,89,0.04259452988
masked,robust,0.8,0.2,1,1.25,1,7,63,0.0502837329468
masked,robust,0.8,0.2,1,1.25,1,8,45,0.0610174737713
masked,robust,0.8,0.2,1,1.25,1,9,31,0.0745498823547
masked,linear,0.8,0.2,1,1.25,2,1,501,0.0542466496239
masked,linear,0.8,0.2,1,1.25,2,2,355,0.0282252868652
masked,linear,0.8,0.2,1,1.25,2,3,251,0.0308439373782
masked,linear,0.8,0.2,1,1.25,2,4,177,0.0310553838731
masked,linear,0.8,0.2,1,1.25,2,5,125,0.0353631328331
masked,linear,0.8,0.2,1,1.25,2,6,89,0.0475437329515
masked,linear,0.8,0.2,1,1.25,2,7,63,0.0578722548443
masked,linear,0.8,0.2,1,1.25,2,8,45,0.0580364588887
masked,linear,0.8,0.2,1,1.25,2,9,31,0.0747518315201
masked,robust,0.8,0.2,1,1.25,2,1,501,0.0505594179968
masked,robust,0.8,0.2,1,1.25,2,2,355,0.0252824291994
masked,robust,0.8,0.2,1,1.25,2,3,251,0.0275169010295
masked,robust,0.8,0.2,1,1.25,2,4,177,0.0283526574939
masked,robust,0.8,0.2,1,1.25,2,5,125,0.0322717438578
masked,robust,0.8,0.2,1,1.25,2,6,89,0.0449593563101
masked,robust,0.8,0.2,1,1.25,2,7,63,0.0545938695862
masked,robust,0.8,0.2,1,1.25,2,8,45,0.0540204781778
masked,robust,0.8,0.2,1,1.25,2,9,31,0.0690240175853
masked,linear,0.8,0.2,1.5,1.875,0,1,501,0.0915546056718
masked,linear,0.8,0.2,1.5,1.875,0,2,355,0.0494437840238
masked,linear,0.8,0.2,1.5,1.875,0,3,251,0.0445722983652
masked,linear,0.8,0.2,1.5,1.875,0,4,177,0.0458207129575
masked,linear,0.8,0.2,1.5,1.875,0,5,125,0.0592840244729
masked,linear,0.8,0.2,1.5,1.875,0,6,89,0.0679876725087
masked,linear,0.8,0.2,1.5,1.875,0,7,63,0.0703556877943
masked,linear,0.8,0.2,1.5,1.875,0,8,45,0.0765918568869
masked,linear,0.8,0.2,1.5,1.875,0,9,31,0.0965547180872
masked,robust,0.8,0.2,1.5,1.875,0,1,501,0.062503385194
masked,robust,0.8,0.2,1.5,1.875,0,2,355,0.0372821055336
masked,robust,0.8,0.2,1.5,1.875,0,3,251,0.038239411182
masked,robust,0.8,0.2,1.5,1.875,0,4,177,0.0369891037951
masked,robust,0.8,0.2,1.5,1.875,0,5,125,0.0449325094154
masked,robust,0.8,0.2,1.5,1.875,0,6,89,0.0527024323674
masked,robust,0.8,0.2,1.5,1.875,0,7,63,0.0561782314565
masked,robust,0.8,0.2,1.5,1.875,0,8,45,0.0624830997227
masked,robust,0.8,0.2,1.5,1.875,0,9,31,0.0809761835448
masked,linear,0.8,0.2,1.5,1.875,1,1,501,0.0858918610733
masked,linear,0.8,0.2,1.5,1.875,1,2,355,0.0410772288158
masked,linear,0.8,0.2,1.5,1.875,1,3,251,0.0447660852765
masked,linear,0.8,0.2,1.5,1.875,1,4,177,0.0473235691115
masked,linear,0.8,0.2,1.5,1.875,1,5,125,0.0532187884135
masked,linear,0.8,0.2,1.5,1.875,1,6,89,0.0572862972122
masked,linear,0.8,0.2,1.5,1.875,1,7,63,0.0676184940545
masked,linear,0.8,0.2,1.5,1.875,1,8,45,0.0812264601844
masked,linear,0.8,0.2,1.5,1.875,1,9,31,0.100120272381
masked,robust,0.8,0.2,1.5,1.875,1,1,501,0.0616619184365
masked,robust,0.8,0.2,1.5,1.875,1,2,355,0.0326085922725
masked,robust,0.8,0.2,1.5,1.875,1,3,251,0.039376171096
masked,robust,0.8,0.2,1.5,1.875,1,4,177,0.0405294404257
masked,robust,0.8,0.2,1.5,1.875,1,5,125,0.0449423595597
masked,robust,0.8,0.2,1.5,1.875,1,6,89,0.0483076045852
masked,robust,0.8,0.2,1.5,1.875,1,7,63,0.0563865733214
masked,robust,0.8,0.2,1.5,1.875,1,8,45,0.068357529755
masked,robust,0.8,0.2,1.5,1.875,1,9,31,0.0844991266071
masked,linear,0.8,0.2,1.5,1.875,2,1,501,0.0641165674008
masked,linear,0.8,0.2,1.5,1.875,2,2,355,0.0341288896027
masked,linear,0.8,0.2,1.5,1.875,2,3,251,0.0393020012617
masked,linear,0.8,0.2,1.5,1.875,2,4,177,0.0394327816102
masked,linear,0.8,0.2,1.5,1.875,2,5,125,0.044308420916
masked,linear,0.8,0.2,1.5,1.875,2,6,89,0.0549188415875
masked,linear,0.8,0.2,1.5,1.875,2,7,63,0.066669232844
masked,linear,0.8,0.2,1.5,1.875,2,8,45,0.070223337777
masked,linear,0.8,0.2,1.5,1.875,2,9,31,0.0929937152555
masked,robust,0.8,0.2,1.5,1.875,2,1,501,0.0565551316014
masked,robust,0.8,0.2,1.5,1.875,2,2,355,0.0266031485701
masked,robust,0.8,0.2,1.5,1.875,2,3,251,0.0304814641112
masked,robust,0.8,0.2,1.5,1.875,2,4,177,0.0316511459089
masked,robust,0.8,0.2,1.5,1.875,2,5,125,0.0354302059275
masked,robust,0.8,0.2,1.5,1.875,2,6,89,0.0473600440855
masked,robust,0.8,0.2,1.5,1.875,2,7,63,0.0572854462915
masked,robust,0.8,0.2,1.5,1.875,2,8,45,0.0580965608136
masked,robust,0.8,0.2,1.5,1.875,2,9,31,0.0768342982331
masked,linear,0.8,0.2,2,2.5,0,1,501,0.100729621417
masked,linear,0.8,0.2,2,2.5,0,2,355,0.0583845128661
masked,linear,0.8,0.2,2,2.5,0,3,251,0.05231495042
masked,linear,0.8,0.2,2,2.5,0,4,177,0.0534343523033
masked,linear,0.8,0.2,2,2.5,0,5,125,0.0696442190738
masked,linear,0.8,0.2,2,2.5,0,6,89,0.0794069661978
masked,linear,0.8,0.2,2,2.5,0,7,63,0.0827449796343
masked,linear,0.8,0.2,2,2.5,0,8,45,0.0913543473564
masked,linear,0.8,0.2,2,2.5,0,9,31,0.115739624753
masked,robust,0.8,0.2,2,2.5,0,1,501,0.0572673991291
masked,robust,0.8,0.2,2,2.5,0,2,355,0.0388441264108
masked,robust,0.8,0.2,2,2.5,0,3,251,0.0397784502171
masked,robust,0.8,0.2,2,2.5,0,4,177,0.0376368545036
masked,robust,0.8,0.2,2,2.5,0,5,125,0.0468015282119
masked,robust,0.8,0.2,2,2.5,0,6,89,0.0545178581056
masked,robust,0.8,0.2,2,2.5,0,7,63,0.0579868500955
masked,robust,0.8,0.2,2,2.5,0,8,45,0.0657836165228
masked,robust,0.8,0.2,2,2.5,0,9,31,0.0867571419143
masked,linear,0.8,0.2,2,2.5,1,1,501,0.0961400504112
masked,linear,0.8,0.2,2,2.5,1,2,355,0.047014713036
masked,linear,0.8,0.2,2,2.5,1,3,251,0.0527798375205
masked,linear,0.8,0.2,2,2.5,1,4,177,0.056284940168
masked,linear,0.8,0.2,2,2.5,1,5,125,0.0648479045819
masked,linear,0.8,0.2,2,2.5,1,6,89,0.0710291237612
masked,linear,0.8,0.2,2,2.5,1,7,63,0.0839103587659
masked,linear,0.8,0.2,2,2.5,1,8,45,0.0990803057534
masked,linear,0.8,0.2,2,2.5,1,9,31,0.122319494651
masked,robust,0.8,0.2,2,2.5,1,1,501,0.0621900273488
masked,robust,0.8,0.2,2,2.5,1,2,355,0.0334749528767
masked,robust,0.8,0.2,2,2.5,1,3,251,0.0421607612744
masked,robust,0.8,0.2,2,2.5,1,4,177,0.0434374785098
masked,robust,0.8,0.2,2,2.5,1,5,125,0.0484570751672
masked,robust,0.8,0.2,2,2.5,1,6,89,0.0525276760308
masked,robust,0.8,0.2,2,2.5,1,7,63,0.0613166272436
masked,robust,0.8,0.2,2,2.5,1,8,45,0.0743799392221
masked,robust,0.8,0.2,2,2.5,1,9,31,0.0930461228291
masked,linear,0.8,0.2,2,2.5,2,1,501,0.0752404337985
masked,linear,0.8,0.2,2,2.5,2,2,355,0.0409545398631
masked,linear,0.8,0.2,2,2.5,2,3,251,0.0484246318192
masked,linear,0.8,0.2,2,2.5,2,4,177,0.0489674906213
masked,linear,0.8,0.2,2,2.5,2,5,125,0.0548859763579
masked,linear,0.8,0.2,2,2.5,2,6,89,0.0643167694962
masked,linear,0.8,0.2,2,2.5,2,7,63,0.0778488166486
masked,linear,0.8,0.2,2,2.5,2,8,45,0.0854436746481
masked,linear,0.8,0.2,2,2.5,2,9,31,0.114282481374
masked,robust,0.8,0.2,2,2.5,2,1,501,0.0618949374507
masked,robust,0.8,0.2,2,2.5,2,2,355,0.0277831998543
masked,robust,0.8,0.2,2,2.5,2,3,251,0.0327061438276
masked,robust,0.8,0.2,2,2.5,2,4,177,0.0343404255036
masked,robust,0.8,0.2,2,2.5,2,5,125,0.0381500674292
masked,robust,0.8,0.2,2,2.5,2,6,89,0.0495912995988
masked,robust,0.8,0.2,2,2.5,2,7,63,0.0598018269362
masked,robust,0.8,0.2,2,2.5,2,8,45,0.06197171827
masked,robust,0.8,0.2,2,2.5,2,9,31,0.0839650689959
masked,linear,0.8,0.2,2.5,3.125,0,1,501,0.111593230033
masked,linear,0.8,0.2,2.5,3.125,0,2,355,0.0681927226996
masked,linear,0.8,0.2,2.5,3.125,0,3,251,0.0605546634232
masked,linear,0.8,0.2,2.5,3.125,0,4,177,0.0616766458612
masked,linear,0.8,0.2,2.5,3.125,0,5,125,0.0805420594454
masked,linear,0.8,0.2,2.5,3.125,0,6,89,0.091507967718
masked,linear,0.8,0.2,2.5,3.125,0,7,63,0.0961305897077
masked,linear,0.8,0.2,2.5,3.125,0,8,45,0.10734122641
masked,linear,0.8,0.2,2.5,3.125,0,9,31,0.136543928753
masked,robust,0.8,0.2,2.5,3.125,0,1,501,0.0543178966902
masked,robust,0.8,0.2,2.5,3.125,0,2,355,0.0401430291817
masked,robust,0.8,0.2,2.5,3.125,0,3,251,0.0407114085473
masked,robust,0.8,0.2,2.5,3.125,0,4,177,0.0378824294668
masked,robust,0.8,0.2,2.5,3.125,0,5,125,0.0480001236634
masked,robust,0.8,0.2,2.5,3.125,0,6,89,0.0558375057724
masked,robust,0.8,0.2,2.5,3.125,0,7,63,0.0594527330582
masked,robust,0.8,0.2,2.5,3.125,0,8,45,0.068592553964
masked,robust,0.8,0.2,2.5,3.125,0,9,31,0.0916470955515
masked,linear,0.8,0.2,2.5,3.125,1,1,501,0.107086307806
masked,linear,0.8,0.2,2.5,3.125,1,2,355,0.0542398587157
masked,linear,0.8,0.2,2.5,3.125,1,3,251,0.0615954514047
masked,linear,0.8,0.2,2.5,3.125,1,4,177,0.0660349532818
masked,linear,0.8,0.2,2.5,3.125,1,5,125,0.077157428319
masked,linear,0.8,0.2,2.5,3.125,1,6,89,0.0855373211419
masked,linear,0.8,0.2,2.5,3.125,1,7,63,0.101351777605
masked,linear,0.8,0.2,2.5,3.125,1,8,45,0.11815739896
masked,linear,0.8,0.2,2.5,3.125,1,9,31,0.145888958692
masked,robust,0.8,0.2,2.5,3.125,1,1,501,0.0622644913288
masked,robust,0.8,0.2,2.5,3.125,1,2,355,0.0344719260724
masked,robust,0.8,0.2,2.5,3.125,1,3,251,0.044262396688
masked,robust,0.8,0.2,2.5,3.125,1,4,177,0.0456361209447
masked,robust,0.8,0.2,2.5,3.125,1,5,125,0.0510219597155
masked,robust,0.8,0.2,2.5,3.125,1,6,89,0.0556737184484
masked,robust,0.8,0.2,2.5,3.125,1,7,63,0.0652031912587
masked,robust,0.8,0.2,2.5,3.125,1,8,45,0.0791064839377
masked,robust,0.8,0.2,2.5,3.125,1,9,31,0.0999733170875
masked,linear,0.8,0.2,2.5,3.125,2,1,501,0.0871393423444
masked,linear,0.8,0.2,2.5,3.125,2,2,355,0.0483130055811
masked,linear,0.8,0.2,2.5,3.125,2,3,251,0.0578985445753
masked,linear,0.8,0.2,2.5,3.125,2,4,177,0.0591020260584
masked,linear,0.8,0.2,2.5,3.125,2,5,125,0.0663193325799
masked,linear,0.8,0.2,2.5,3.125,2,6,89,0.0749807280195
masked,linear,0.8,0.2,2.5,3.125,2,7,63,0.0905326063776
masked,linear,0.8,0.2,2.5,3.125,2,8,45,0.102353034478
masked,linear,0.8,0.2,2.5,3.125,2,9,31,0.137207141694
masked,robust,0.8,0.2,2.5,3.125,2,1,501,0.0667292163008
masked,robust,0.8,0.2,2.5,3.125,2,2,355,0.0289716982837
masked,robust,0.8,0.2,2.5,3.125,2,3,251,0.0346163640572
masked,robust,0.8,0.2,2.5,3.125,2,4,177,0.0365106465619
masked,robust,0.8,0.2,2.5,3.125,2,5,125,0.0402835259178
masked,robust,0.8,0.2,2.5,3.125,2,6,89,0.0514583431167
masked,robust,0.8,0.2,2.5,3.125,2,7,63,0.0619207552446
masked,robust,0.8,0.2,2.5,3.125,2,8,45,0.0652439475576
masked,robust,0.8,0.2,2.5,3.125,2,9,31,0.0900254446009
masked,linear,0.8,0.2,3,3.75,0,1,501,0.123701345567
masked,linear,0.8,0.2,3,3.75,0,2,355,0.078544102505
masked,linear,0.8,0.2,3,3.75,0,3,251,0.0691138875775
masked,linear,0.8,0.2,3,3.75,0,4,177,0.0703269056036
masked,linear,0.8,0.2,3,3.75,0,5,125,0.091786239849
masked,linear,0.8,0.2,3,3.75,0,6,89,0.10405310778
masked,linear,0.8,0.2,3,3.75,0,7,63,0.110149891846
masked,linear,0.8,0.2,3,3.75,0,8,45,0.124080130804
masked,linear,0.8,0.2,3,3.75,0,9,31,0.158330555513
masked,robust,0.8,0.2,3,3.75,0,1,501,0.0531164590832
masked,robust,0.8,0.2,3,3.75,0,2,355,0.0411633105277
masked,robust,0.8,0.2,3,3.75,0,3,251,0.0412632287645
masked,robust,0.8,0.2,3,3.75,0,4,177,0.037902498925
masked,robust,0.8,0.2,3,3.75,0,5,125,0.048757246455
masked,robust,0.8,0.2,3,3.75,0,6,89,0.0568137556154
masked,robust,0.8,0.2,3,3.75,0,7,63,0.0606515359408
masked,robust,0.8,0.2,3,3.75,0,8,45,0.0710040768335
masked,robust,0.8,0.2,3,3.75,0,9,31,0.0958310601791
masked,linear,0.8,0.2,3,3.75,1,1,501,0.118537402864
masked,linear,0.8,0.2,3,3.75,1,2,355,0.0623063064393
masked,linear,0.8,0.2,3,3.75,1,3,251,0.0709145087142
masked,linear,0.8,0.2,3,3.75,1,4,177,0.0762717633799
masked,linear,0.8,0.2,3,3.75,1,5,125,0.089868200653
masked,linear,0.8,0.2,3,3.75,1,6,89,0.100479901004
masked,linear,0.8,0.2,3,3.75,1,7,63,0.119440212175
masked,linear,0.8,0.2,3,3.75,1,8,45,0.137951185774
masked,linear,0.8,0.2,3,3.75,1,9,31,0.170260557474
masked,robust,0.8,0.2,3,3.75,1,1,501,0.0616537197528
masked,robust,0.8,0.2,3,3.75,1,2,355,0.0353960554988
masked,robust,0.8,0.2,3,3.75,1,3,251,0.0458509125823
masked,robust,0.8,0.2,3,3.75,1,4,177,0.0472600645643
masked,robust,0.8,0.2,3,3.75,1,5,125,0.0529083512957
masked,robust,0.8,0.2,3,3.75,1,6,89,0.0581174086023
masked,robust,0.8,0.2,3,3.75,1,7,63,0.0683096692787
masked,robust,0.8,0.2,3,3.75,1,8,45,0.0828481069667
masked,robust,0.8,0.2,3,3.75,1,9,31,0.105726052993
masked,linear,0.8,0.2,3,3.75,2,1,501,0.0995357249098
masked,linear,0.8,0.2,3,3.75,2,2,355,0.055994621386
masked,linear,0.8,0.2,3,3.75,2,3,251,0.0675761555175
masked,linear,0.8,0.2,3,3.75,2,4,177,0.0695747605449
masked,linear,0.8,0.2,3,3.75,2,5,125,0.0782341778465
masked,linear,0.8,0.2,3,3.75,2,6,89,0.086443434505
masked,linear,0.8,0.2,3,3.75,2,7,63,0.104172598603
masked,linear,0.8,0.2,3,3.75,2,8,45,0.120240939604
masked,linear,0.8,0.2,3,3.75,2,9,31,0.161070710017
masked,robust,0.8,0.2,3,3.75,2,1,501,0.0709751224854
masked,robust,0.8,0.2,3,3.75,2,2,355,0.0302242580624
masked,robust,0.8,0.2,3,3.75,2,3,251,0.0364249152809
masked,robust,0.8,0.2,3,3.75,2,4,177,0.0383388049166
masked,robust,0.8,0.2,3,3.75,2,5,125,0.0419041154167
masked,robust,0.8,0.2,3,3.75,2,6,89,0.0529202211119
masked,robust,0.8,0.2,3,3.75,2,7,63,0.0636117509976
masked,robust,0.8,0.2,3,3.75,2,8,45,0.0678926732821
masked,robust,0.8,0.2,3,3.75,2,9,31,0.0949113941367
masked,linear,0.8,0.25,1,1.25,0,1,501,0.0858367962032
masked,linear,0.8,0.25,1,1.25,0,2,355,0.0432135202253
masked,linear,0.8,0.25,1,1.25,0,3,251,0.0393475127056
masked,linear,0.8,0.25,1,1.25,0,4,177,0.0456789126206
masked,linear,0.8,0.25,1,1.25,0,5,125,0.0549030474508
masked,linear,0.8,0.25,1,1.25,0,6,89,0.0598782733584
masked,linear,0.8,0.25,1,1.25,0,7,63,0.0630308016074
masked,linear,0.8,0.25,1,1.25,0,8,45,0.0689349264716
masked,linear,0.8,0.25,1,1.25,0,9,31,0.0878507882935
masked,robust,0.8,0.25,1,1.25,0,1,501,0.0720344745332
masked,robust,0.8,0.25,1,1.25,0,2,355,0.0369086051901
masked,robust,0.8,0.25,1,1.25,0,3,251,0.036685374935
masked,robust,0.8,0.25,1,1.25,0,4,177,0.0395776743172
masked,robust,0.8,0.25,1,1.25,0,5,125,0.0459254170586
masked,robust,0.8,0.25,1,1.25,0,6,89,0.0528645274962
masked,robust,0.8,0.25,1,1.25,0,7,63,0.0578329603415
masked,robust,0.8,0.25,1,1.25,0,8,45,0.0641879787148
masked,robust,0.8,0.25,1,1.25,0,9,31,0.0818984540598
masked,linear,0.8,0.25,1,1.25,1,1,501,0.0954085146766
masked,linear,0.8,0.25,1,1.25,1,2,355,0.0441641690051
masked,linear,0.8,0.25,1,1.25,1,3,251,0.038944617888
masked,linear,0.8,0.25,1,1.25,1,4,177,0.0378601493064
masked,linear,0.8,0.25,1,1.25,1,5,125,0.0417265544925
masked,linear,0.8,0.25,1,1.25,1,6,89,0.0473201665084
masked,linear,0.8,0.25,1,1.25,1,7,63,0.0567714783082
masked,linear,0.8,0.25,1,1.25,1,8,45,0.0673698328
masked,linear,0.8,0.25,1,1.25,1,9,31,0.0857112995782
masked,robust,0.8,0.25,1,1.25,1,1,501,0.0659196418049
masked,robust,0.8,0.25,1,1.25,1,2,355,0.0346460972696
masked,robust,0.8,0.25,1,1.25,1,3,251,0.0360060170989
masked,robust,0.8,0.25,1,1.25,1,4,177,0.0359935735122
masked,robust,0.8,0.25,1,1.25,1,5,125,0.0391957954356
masked,robust,0.8,0.25,1,1.25,1,6,89,0.042963791097
masked,robust,0.8,0.25,1,1.25,1,7,63,0.0514746490589
masked,robust,0.8,0.25,1,1.25,1,8,45,0.0616984584039
masked,robust,0.8,0.25,1,1.25,1,9,31,0.0759753429222
masked,linear,0.8,0.25,1,1.25,2,1,501,0.0474398787483
masked,linear,0.8,0.25,1,1.25,2,2,355,0.0305083302194
masked,linear,0.8,0.25,1,1.25,2,3,251,0.0296742779726
masked,linear,0.8,0.25,1,1.25,2,4,177,0.0345393118145
masked,linear,0.8,0.25,1,1.25,2,5,125,0.0472317471648
masked,linear,0.8,0.25,1,1.25,2,6,89,0.0571800590259
masked,linear,0.8,0.25,1,1.25,2,7,63,0.0631451799662
masked,linear,0.8,0.25,1,1.25,2,8,45,0.0638502359484
masked,linear,0.8,0.25,1,1.25,2,9,31,0.0813529268921
masked,robust,0.8,0.25,1,1.25,2,1,501,0.0412816756693
masked,robust,0.8,0.25,1,1.25,2,2,355,0.0268989603675
masked,robust,0.8,0.25,1,1.25,2,3,251,0.025897640626
masked,robust,0.8,0.25,1,1.25,2,4,177,0.0304147730736
masked,robust,0.8,0.25,1,1.25,2,5,125,0.0417133799654
masked,robust,0.8,0.25,1,1.25,2,6,89,0.0530054545385
masked,robust,0.8,0.25,1,1.25,2,7,63,0.0588673929125
masked,robust,0.8,0.25,1,1.25,2,8,45,0.0583362937249
masked,robust,0.8,0.25,1,1.25,2,9,31,0.0738922715857
masked,linear,0.8,0.25,1.5,1.875,0,1,501,0.0886644749053
masked,linear,0.8,0.25,1.5,1.875,0,2,355,0.0486570794819
masked,linear,0.8,0.25,1.5,1.875,0,3,251,0.0469837515288
masked,linear,0.8,0.25,1.5,1.875,0,4,177,0.0562822576628
masked,linear,0.8,0.25,1.5,1.875,0,5,125,0.0669554258101
masked,linear,0.8,0.25,1.5,1.875,0,6,89,0.071307178705
masked,linear,0.8,0.25,1.5,1.875,0,7,63,0.0759742690283
masked,linear,0.8,0.25,1.5,1.875,0,8,45,0.0845317407971
masked,linear,0.8,0.25,1.5,1.875,0,9,31,0.108255034061
masked,robust,0.8,0.25,1.5,1.875,0,1,501,0.0623317060768
masked,robust,0.8,0.25,1.5,1.875,0,2,355,0.0370812141765
masked,robust,0.8,0.25,1.5,1.875,0,3,251,0.0390916737244
masked,robust,0.8,0.25,1.5,1.875,0,4,177,0.0417035206143
masked,robust,0.8,0.25,1.5,1.875,0,5,125,0.0490259444685
masked,robust,0.8,0.25,1.5,1.875,0,6,89,0.0562954126348
masked,robust,0.8,0.25,1.5,1.875,0,7,63,0.0623836041069
masked,robust,0.8,0.25,1.5,1.875,0,8,45,0.0707384162919
masked,robust,0.8,0.25,1.5,1.875,0,9,31,0.0919439743355
masked,linear,0.8,0.25,1.5,1.875,1,1,501,0.108741279316
masked,linear,0.8,0.25,1.5,1.875,1,2,355,0.0483313130781
masked,linear,0.8,0.25,1.5,1.875,1,3,251,0.0454698089126
masked,linear,0.8,0.25,1.5,1.875,1,4,177,0.0455114568613
masked,linear,0.8,0.25,1.5,1.875,1,5,125,0.0528044900259
masked,linear,0.8,0.25,1.5,1.875,1,6,89,0.0618938867457
masked,linear,0.8,0.25,1.5,1.875,1,7,63,0.0745487191323
masked,linear,0.8,0.25,1.5,1.875,1,8,45,0.0857003511131
masked,linear,0.8,0.25,1.5,1.875,1,9,31,0.110113140717
masked,robust,0.8,0.25,1.5,1.875,1,1,501,0.0616826542778
masked,robust,0.8,0.25,1.5,1.875,1,2,355,0.0333080661958
masked,robust,0.8,0.25,1.5,1.875,1,3,251,0.0390670387577
masked,robust,0.8,0.25,1.5,1.875,1,4,177,0.039555432171
masked,robust,0.8,0.25,1.5,1.875,1,5,125,0.0442430560115
masked,robust,0.8,0.25,1.5,1.875,1,6,89,0.0491366683558
masked,robust,0.8,0.25,1.5,1.875,1,7,63,0.0585255467198
masked,robust,0.8,0.25,1.5,1.875,1,8,45,0.0699716318058
masked,robust,0.8,0.25,1.5,1.875,1,9,31,0.0871404611196
masked,linear,0.8,0.25,1.5,1.875,2,1,501,0.0528634923736
masked,linear,0.8,0.25,1.5,1.875,2,2,355,0.0367806586129
masked,linear,0.8,0.25,1.5,1.875,2,3,251,0.0375444995797
masked,linear,0.8,0.25,1.5,1.875,2,4,177,0.0441773915429
masked,linear,0.8,0.25,1.5,1.875,2,5,125,0.0615214118307
masked,linear,0.8,0.25,1.5,1.875,2,6,89,0.0698513501454
masked,linear,0.8,0.25,1.5,1.875,2,7,63,0.0747167570635
masked,linear,0.8,0.25,1.5,1.875,2,8,45,0.0790892939141
masked,linear,0.8,0.25,1.5,1.875,2,9,31,0.104081214246
masked,robust,0.8,0.25,1.5,1.875,2,1,501,0.0432910173173
masked,robust,0.8,0.25,1.5,1.875,2,2,355,0.0281293874763
masked,robust,0.8,0.25,1.5,1.875,2,3,251,0.0284499500102
masked,robust,0.8,0.25,1.5,1.875,2,4,177,0.0339839697187
masked,robust,0.8,0.25,1.5,1.875,2,5,125,0.0474188296533
masked,robust,0.8,0.25,1.5,1.875,2,6,89,0.0581108655458
masked,robust,0.8,0.25,1.5,1.875,2,7,63,0.0626140128927
masked,robust,0.8,0.25,1.5,1.875,2,8,45,0.0632503990983
masked,robust,0.8,0.25,1.5,1.875,2,9,31,0.0834630616429
masked,linear,0.8,0.25,2,2.5,0,1,501,0.0937902826763
masked,linear,0.8,0.25,2,2.5,0,2,355,0.0553740216367
masked,linear,0.8,0.25,2,2.5,0,3,251,0.055570286956
masked,linear,0.8,0.25,2,2.5,0,4,177,0.0681313664383
masked,linear,0.8,0.25,2,2.5,0,5,125,0.0800524488481
masked,linear,0.8,0.25,2,2.5,0,6,89,0.0838378372617
masked,linear,0.8,0.25,2,2.5,0,7,63,0.0904365223454
masked,linear,0.8,0.25,2,2.5,0,8,45,0.102101905418
masked,linear,0.8,0.25,2,2.5,0,9,31,0.131275116851
masked,robust,0.8,0.25,2,2.5,0,1,501,0.0551716557132
masked,robust,0.8,0.25,2,2.5,0,2,355,0.037412712269
masked,robust,0.8,0.25,2,2.5,0,3,251,0.0407915151608
masked,robust,0.8,0.25,2,2.5,0,4,177,0.0432709137234
masked,robust,0.8,0.25,2,2.5,0,5,125,0.0514086504045
masked,robust,0.8,0.25,2,2.5,0,6,89,0.0591158401038
masked,robust,0.8,0.25,2,2.5,0,7,63,0.0661321562218
masked,robust,0.8,0.25,2,2.5,0,8,45,0.0761185600665
masked,robust,0.8,0.25,2,2.5,0,9,31,0.10065235913
masked,linear,0.8,0.25,2,2.5,1,1,501,0.122671153313
masked,linear,0.8,0.25,2,2.5,1,2,355,0.0535820520774
masked,linear,0.8,0.25,2,2.5,1,3,251,0.0534562964497
masked,linear,0.8,0.25,2,2.5,1,4,177,0.0549695126872
masked,linear,0.8,0.25,2,2.5,1,5,125,0.0653316430939
masked,linear,0.8,0.25,2,2.5,1,6,89,0.0779287902703
masked,linear,0.8,0.25,2,2.5,1,7,63,0.0945508904087
masked,linear,0.8,0.25,2,2.5,1,8,45,0.106343296113
masked,linear,0.8,0.25,2,2.5,1,9,31,0.137025555033
masked,robust,0.8,0.25,2,2.5,1,1,501,0.0588743480068
masked,robust,0.8,0.25,2,2.5,1,2,355,0.032974704435
masked,robust,0.8,0.25,2,2.5,1,3,251,0.0415693708095
masked,robust,0.8,0.25,2,2.5,1,4,177,0.0424648646279
masked,robust,0.8,0.25,2,2.5,1,5,125,0.0480486021145
masked,robust,0.8,0.25,2,2.5,1,6,89,0.0537478274778
masked,robust,0.8,0.25,2,2.5,1,7,63,0.0640258329297
masked,robust,0.8,0.25,2,2.5,1,8,45,0.0765692962764
masked,robust,0.8,0.25,2,2.5,1,9,31,0.0967111512137
masked,linear,0.8,0.25,2,2.5,2,1,501,0.0592326793705
masked,linear,0.8,0.25,2,2.5,2,2,355,0.0439835001104
masked,linear,0.8,0.25,2,2.5,2,3,251,0.0462032013524
masked,linear,0.8,0.25,2,2.5,2,4,177,0.0548946363141
masked,linear,0.8,0.25,2,2.5,2,5,125,0.0770642963919
masked,linear,0.8,0.25,2,2.5,2,6,89,0.0843472222916
masked,linear,0.8,0.25,2,2.5,2,7,63,0.0885565495168
masked,linear,0.8,0.25,2,2.5,2,8,45,0.0972109684209
masked,linear,0.8,0.25,2,2.5,2,9,31,0.129830407964
masked,robust,0.8,0.25,2,2.5,2,1,501,0.0465868548387
masked,robust,0.8,0.25,2,2.5,2,2,355,0.0297292003181
masked,robust,0.8,0.25,2,2.5,2,3,251,0.0306640894011
masked,robust,0.8,0.25,2,2.5,2,4,177,0.0367846483909
masked,robust,0.8,0.25,2,2.5,2,5,125,0.0516739758366
masked,robust,0.8,0.25,2,2.5,2,6,89,0.0620423389148
masked,robust,0.8,0.25,2,2.5,2,7,63,0.0657031466052
masked,robust,0.8,0.25,2,2.5,2,8,45,0.0675634280634
masked,robust,0.8,0.25,2,2.5,2,9,31,0.0918373029046
masked,linear,0.8,0.25,2.5,3.125,0,1,501,0.100864461656
masked,linear,0.8,0.25,2.5,3.125,0,2,355,0.0629580892008
masked,linear,0.8,0.25,2.5,3.125,0,3,251,0.0647300425621
masked,linear,0.8,0.25,2.5,3.125,0,4,177,0.0806792089301
masked,linear,0.8,0.25,2.5,3.125,0,5,125,0.0937573526871
masked,linear,0.8,0.25,2.5,3.125,0,6,89,0.0970443985295
masked,linear,0.8,0.25,2.5,3.125,0,7,63,0.105796535907
masked,linear,0.8,0.25,2.5,3.125,0,8,45,0.120787316185
masked,linear,0.8,0.25,2.5,3.125,0,9,31,0.15575549017
masked,robust,0.8,0.25,2.5,3.125,0,1,501,0.0500268516053
masked,robust,0.8,0.25,2.5,3.125,0,2,355,0.0377390104985
masked,robust,0.8,0.25,2.5,3.125,0,3,251,0.0419445000053
masked,robust,0.8,0.25,2.5,3.125,0,4,177,0.0443921972365
masked,robust,0.8,0.25,2.5,3.125,0,5,125,0.0531113061156
masked,robust,0.8,0.25,2.5,3.125,0,6,89,0.0614422149305
masked,robust,0.8,0.25,2.5,3.125,0,7,63,0.0693595424032
masked,robust,0.8,0.25,2.5,3.125,0,8,45,0.0806268889058
masked,robust,0.8,0.25,2.5,3.125,0,9,31,0.107948733348
masked,linear,0.8,0.25,2.5,3.125,1,1,501,0.137016140496
masked,linear,0.8,0.25,2.5,3.125,1,2,355,0.0596308248041
masked,linear,0.8,0.25,2.5,3.125,1,3,251,0.0623450044924
masked,linear,0.8,0.25,2.5,3.125,1,4,177,0.0654557466065
masked,linear,0.8,0.25,2.5,3.125,1,5,125,0.0786182778824
masked,linear,0.8,0.25,2.5,3.125,1,6,89,0.0946854137019
masked,linear,0.8,0.25,2.5,3.125,1,7,63,0.115629056935
masked,linear,0.8,0.25,2.5,3.125,1,8,45,0.128186324205
masked,linear,0.8,0.25,2.5,3.125,1,9,31,0.165226280586
masked,robust,0.8,0.25,2.5,3.125,1,1,501,0.0564922342047
masked,robust,0.8,0.25,2.5,3.125,1,2,355,0.0332335379863
masked,robust,0.8,0.25,2.5,3.125,1,3,251,0.0434955535143
masked,robust,0.8,0.25,2.5,3.125,1,4,177,0.0446461855614
masked,robust,0.8,0.25,2.5,3.125,1,5,125,0.0508978980666
masked,robust,0.8,0.25,2.5,3.125,1,6,89,0.0572531564039
masked,robust,0.8,0.25,2.5,3.125,1,7,63,0.0682674060508
masked,robust,0.8,0.25,2.5,3.125,1,8,45,0.0816680894544
masked,robust,0.8,0.25,2.5,3.125,1,9,31,0.104421873783
masked,linear,0.8,0.25,2.5,3.125,2,1,501,0.0662753840735
masked,linear,0.8,0.25,2.5,3.125,2,2,355,0.0517296096513
masked,linear,0.8,0.25,2.5,3.125,2,3,251,0.0552811167827
masked,linear,0.8,0.25,2.5,3.125,2,4,177,0.0661687356551
masked,linear,0.8,0.25,2.5,3.125,2,5,125,0.0932357385043
masked,linear,0.8,0.25,2.5,3.125,2,6,89,0.0998763611858
masked,linear,0.8,0.25,2.5,3.125,2,7,63,0.103760877896
masked,linear,0.8,0.25,2.5,3.125,2,8,45,0.116882079632
masked,linear,0.8,0.25,2.5,3.125,2,9,31,0.157122263648
masked,robust,0.8,0.25,2.5,3.125,2,1,501,0.0505663979696
masked,robust,0.8,0.25,2.5,3.125,2,2,355,0.0315516920947
masked,robust,0.8,0.25,2.5,3.125,2,3,251,0.0327355421501
masked,robust,0.8,0.25,2.5,3.125,2,4,177,0.0389136908719
masked,robust,0.8,0.25,2.5,3.125,2,5,125,0.0547031096845
masked,robust,0.8,0.25,2.5,3.125,2,6,89,0.0649335101342
masked,robust,0.8,0.25,2.5,3.125,2,7,63,0.0682225320029
masked,robust,0.8,0.25,2.5,3.125,2,8,45,0.0711872335266
masked,robust,0.8,0.25,2.5,3.125,2,9,31,0.0987594170007
masked,linear,0.8,0.25,3,3.75,0,1,501,0.109510075392
masked,linear,0.8,0.25,3,3.75,0,2,355,0.0711324648419
masked,linear,0.8,0.25,3,3.75,0,3,251,0.0742511801984
masked,linear,0.8,0.25,3,3.75,0,4,177,0.0936453282879
masked,linear,0.8,0.25,3,3.75,0,5,125,0.107838624316
masked,linear,0.8,0.25,3,3.75,0,6,89,0.110685187458
masked,linear,0.8,0.25,3,3.75,0,7,63,0.121714899919
masked,linear,0.8,0.25,3,3.75,0,8,45,0.140142588764
masked,linear,0.8,0.25,3,3.75,0,9,31,0.181104946483
masked,robust,0.8,0.25,3,3.75,0,1,501,0.0463030516301
masked,robust,0.8,0.25,3,3.75,0,2,355,0.0379895650494
masked,robust,0.8,0.25,3,3.75,0,3,251,0.0426832935548
masked,robust,0.8,0.25,3,3.75,0,4,177,0.0451593540619
masked,robust,0.8,0.25,3,3.75,0,5,125,0.0543155937797
masked,robust,0.8,0.25,3,3.75,0,6,89,0.0634098315006
masked,robust,0.8,0.25,3,3.75,0,7,63,0.0722078358968
masked,robust,0.8,0.25,3,3.75,0,8,45,0.0845359681244
masked,robust,0.8,0.25,3,3.75,0,9,31,0.114133570373
masked,linear,0.8,0.25,3,3.75,1,1,501,0.151658493104
masked,linear,0.8,0.25,3,3.75,1,2,355,0.0662594348741
masked,linear,0.8,0.25,3,3.75,1,3,251,0.0718016391712
masked,linear,0.8,0.25,3,3.75,1,4,177,0.0765487754433
masked,linear,0.8,0.25,3,3.75,1,5,125,0.0923371228186
masked,linear,0.8,0.25,3,3.75,1,6,89,0.111839826811
masked,linear,0.8,0.25,3,3.75,1,7,63,0.137288511232
masked,linear,0.8,0.25,3,3.75,1,8,45,0.150708531399
masked,linear,0.8,0.25,3,3.75,1,9,31,0.194154750009
masked,robust,0.8,0.25,3,3.75,1,1,501,0.0542278435484
masked,robust,0.8,0.25,3,3.75,1,2,355,0.0337842166542
masked,robust,0.8,0.25,3,3.75,1,3,251,0.0450087583846
masked,robust,0.8,0.25,3,3.75,1,4,177,0.0462574280424
masked,robust,0.8,0.25,3,3.75,1,5,125,0.0530448736761
masked,robust,0.8,0.25,3,3.75,1,6,89,0.0600345695616
masked,robust,0.8,0.25,3,3.75,1,7,63,0.0716394536198
masked,robust,0.8,0.25,3,3.75,1,8,45,0.0857246164905
masked,robust,0.8,0.25,3,3.75,1,9,31,0.110838208283
masked,linear,0.8,0.25,3,3.75,2,1,501,0.0737990346276
masked,linear,0.8,0.25,3,3.75,2,2,355,0.0598082732248
masked,linear,0.8,0.25,3,3.75,2,3,251,0.0646017617508
masked,linear,0.8,0.25,3,3.75,2,4,177,0.0777578508573
masked,linear,0.8,0.25,3,3.75,2,5,125,0.109758259743
masked,linear,0.8,0.25,3,3.75,2,6,89,0.116024617919
masked,linear,0.8,0.25,3,3.75,2,7,63,0.119811375687
masked,linear,0.8,0.25,3,3.75,2,8,45,0.137438935114
masked,linear,0.8,0.25,3,3.75,2,9,31,0.185276312204
masked,robust,0.8,0.25,3,3.75,2,1,501,0.0545446985463
masked,robust,0.8,0.25,3,3.75,2,2,355,0.0334652043251
masked,robust,0.8,0.25,3,3.75,2,3,251,0.0347577027071
masked,robust,0.8,0.25,3,3.75,2,4,177,0.0405878327554
masked,robust,0.8,0.25,3,3.75,2,5,125,0.0568285360033
masked,robust,0.8,0.25,3,3.75,2,6,89,0.0669982253459
masked,robust,0.8,0.25,3,3.75,2,7,63,0.0702624481419
masked,robust,0.8,0.25,3,3.75,2,8,45,0.0742335752262
masked,robust,0.8,0.25,3,3.75,2,9,31,0.104276830921
masked,linear,0.8,0.3,1,1.25,0,1,501,0.0964779127162
masked,linear,0.8,0.3,1,1.25,0,2,355,0.0464901238858
masked,linear,0.8,0.3,1,1.25,0,3,251,0.0440678080232
masked,linear,0.8,0.3,1,1.25,0,4,177,0.0505316865515
masked,linear,0.8,0.3,1,1.25,0,5,125,0.0576027828984
masked,linear,0.8,0.3,1,1.25,0,6,89,0.063044574562
masked,linear,0.8,0.3,1,1.25,0,7,63,0.0682356696244
masked,linear,0.8,0.3,1,1.25,0,8,45,0.0747441840954
masked,linear,0.8,0.3,1,1.25,0,9,31,0.09031552513
masked,robust,0.8,0.3,1,1.25,0,1,501,0.0776229316958
masked,robust,0.8,0.3,1,1.25,0,2,355,0.0404618847963
masked,robust,0.8,0.3,1,1.25,0,3,251,0.0398283277222
masked,robust,0.8,0.3,1,1.25,0,4,177,0.0421759757181
masked,robust,0.8,0.3,1,1.25,0,5,125,0.0470642451446
masked,robust,0.8,0.3,1,1.25,0,6,89,0.054667932992
masked,robust,0.8,0.3,1,1.25,0,7,63,0.0620086153141
masked,robust,0.8,0.3,1,1.25,0,8,45,0.0693084065849
masked,robust,0.8,0.3,1,1.25,0,9,31,0.084039139418
masked,linear,0.8,0.3,1,1.25,1,1,501,0.094485245472
masked,linear,0.8,0.3,1,1.25,1,2,355,0.0514276737381
masked,linear,0.8,0.3,1,1.25,1,3,251,0.0477968666369
masked,linear,0.8,0.3,1,1.25,1,4,177,0.0453149113036
masked,linear,0.8,0.3,1,1.25,1,5,125,0.0472415184062
masked,linear,0.8,0.3,1,1.25,1,6,89,0.0506953674889
masked,linear,0.8,0.3,1,1.25,1,7,63,0.0585464909561
masked,linear,0.8,0.3,1,1.25,1,8,45,0.0684732233605
masked,linear,0.8,0.3,1,1.25,1,9,31,0.0877007563875
masked,robust,0.8,0.3,1,1.25,1,1,501,0.0665099406714
masked,robust,0.8,0.3,1,1.25,1,2,355,0.0404831525432
masked,robust,0.8,0.3,1,1.25,1,3,251,0.0410906731523
masked,robust,0.8,0.3,1,1.25,1,4,177,0.0390980998366
masked,robust,0.8,0.3,1,1.25,1,5,125,0.0411719621757
masked,robust,0.8,0.3,1,1.25,1,6,89,0.0448908344224
masked,robust,0.8,0.3,1,1.25,1,7,63,0.0525623914449
masked,robust,0.8,0.3,1,1.25,1,8,45,0.0626927981362
masked,robust,0.8,0.3,1,1.25,1,9,31,0.078610521744
masked,linear,0.8,0.3,1,1.25,2,1,501,0.0707860451737
masked,linear,0.8,0.3,1,1.25,2,2,355,0.0343272024575
masked,linear,0.8,0.3,1,1.25,2,3,251,0.0304483323679
masked,linear,0.8,0.3,1,1.25,2,4,177,0.0345566017683
masked,linear,0.8,0.3,1,1.25,2,5,125,0.0481415555864
masked,linear,0.8,0.3,1,1.25,2,6,89,0.0618008002072
masked,linear,0.8,0.3,1,1.25,2,7,63,0.0685103307883
masked,linear,0.8,0.3,1,1.25,2,8,45,0.069119239878
masked,linear,0.8,0.3,1,1.25,2,9,31,0.0867552680923
masked,robust,0.8,0.3,1,1.25,2,1,501,0.0563698695569
masked,robust,0.8,0.3,1,1.25,2,2,355,0.0295738808246
masked,robust,0.8,0.3,1,1.25,2,3,251,0.0266240156402
masked,robust,0.8,0.3,1,1.25,2,4,177,0.030964515623
masked,robust,0.8,0.3,1,1.25,2,5,125,0.0437115710082
masked,robust,0.8,0.3,1,1.25,2,6,89,0.0575822027591
masked,robust,0.8,0.3,1,1.25,2,7,63,0.0636739605224
masked,robust,0.8,0.3,1,1.25,2,8,45,0.0645288841742
masked,robust,0.8,0.3,1,1.25,2,9,31,0.0802197687305
masked,linear,0.8,0.3,1.5,1.875,0,1,501,0.100869854983
masked,linear,0.8,0.3,1.5,1.875,0,2,355,0.0518813646361
masked,linear,0.8,0.3,1.5,1.875,0,3,251,0.0533902719796
masked,linear,0.8,0.3,1.5,1.875,0,4,177,0.0628933356242
masked,linear,0.8,0.3,1.5,1.875,0,5,125,0.070933974536
masked,linear,0.8,0.3,1.5,1.875,0,6,89,0.0762524445626
masked,linear,0.8,0.3,1.5,1.875,0,7,63,0.0840506674265
masked,linear,0.8,0.3,1.5,1.875,0,8,45,0.0931139819656
masked,linear,0.8,0.3,1.5,1.875,0,9,31,0.112427494237
masked,robust,0.8,0.3,1.5,1.875,0,1,501,0.0685941500196
masked,robust,0.8,0.3,1.5,1.875,0,2,355,0.0416401490164
masked,robust,0.8,0.3,1.5,1.875,0,3,251,0.0434302047368
masked,robust,0.8,0.3,1.5,1.875,0,4,177,0.045382825089
masked,robust,0.8,0.3,1.5,1.875,0,5,125,0.0510102780697
masked,robust,0.8,0.3,1.5,1.875,0,6,89,0.0590463116011
masked,robust,0.8,0.3,1.5,1.875,0,7,63,0.0684720464362
masked,robust,0.8,0.3,1.5,1.875,0,8,45,0.0777714247121
masked,robust,0.8,0.3,1.5,1.875,0,9,31,0.0956606962976
masked,linear,0.8,0.3,1.5,1.875,1,1,501,0.102006223134
masked,linear,0.8,0.3,1.5,1.875,1,2,355,0.0571814517005
masked,linear,0.8,0.3,1.5,1.875,1,3,251,0.0572611640875
masked,linear,0.8,0.3,1.5,1.875,1,4,177,0.0560158109348
masked,linear,0.8,0.3,1.5,1.875,1,5,125,0.0614321662966
masked,linear,0.8,0.3,1.5,1.875,1,6,89,0.0677949192921
masked,linear,0.8,0.3,1.5,1.875,1,7,63,0.0782454338242
masked,linear,0.8,0.3,1.5,1.875,1,8,45,0.0880981212477
masked,linear,0.8,0.3,1.5,1.875,1,9,31,0.113845044739
masked,robust,0.8,0.3,1.5,1.875,1,1,501,0.0596744784969
masked,robust,0.8,0.3,1.5,1.875,1,2,355,0.0393681184524
masked,robust,0.8,0.3,1.5,1.875,1,3,251,0.0445735184094
masked,robust,0.8,0.3,1.5,1.875,1,4,177,0.0431237055226
masked,robust,0.8,0.3,1.5,1.875,1,5,125,0.0472880785382
masked,robust,0.8,0.3,1.5,1.875,1,6,89,0.0526563343441
masked,robust,0.8,0.3,1.5,1.875,1,7,63,0.0607008920706
masked,robust,0.8,0.3,1.5,1.875,1,8,45,0.0717349156792
masked,robust,0.8,0.3,1.5,1.875,1,9,31,0.0915342791488
masked,linear,0.8,0.3,1.5,1.875,2,1,501,0.089527265839
masked,linear,0.8,0.3,1.5,1.875,2,2,355,0.0420454278642
masked,linear,0.8,0.3,1.5,1.875,2,3,251,0.039239772875
masked,linear,0.8,0.3,1.5,1.875,2,4,177,0.0430311653088
masked,linear,0.8,0.3,1.5,1.875,2,5,125,0.0616320286912
masked,linear,0.8,0.3,1.5,1.875,2,6,89,0.076069179758
masked,linear,0.8,0.3,1.5,1.875,2,7,63,0.0821332567447
masked,linear,0.8,0.3,1.5,1.875,2,8,45,0.087141509411
masked,linear,0.8,0.3,1.5,1.875,2,9,31,0.113120338103
masked,robust,0.8,0.3,1.5,1.875,2,1,501,0.0603254508011
masked,robust,0.8,0.3,1.5,1.875,2,2,355,0.0318132120165
masked,robust,0.8,0.3,1.5,1.875,2,3,251,0.0303738664237
masked,robust,0.8,0.3,1.5,1.875,2,4,177,0.0342468776956
masked,robust,0.8,0.3,1.5,1.875,2,5,125,0.0490148265184
masked,robust,0.8,0.3,1.5,1.875,2,6,89,0.0634093763126
masked,robust,0.8,0.3,1.5,1.875,2,7,63,0.0684480348619
masked,robust,0.8,0.3,1.5,1.875,2,8,45,0.0717249756805
masked,robust,0.8,0.3,1.5,1.875,2,9,31,0.0920634725076
masked,linear,0.8,0.3,2,2.5,0,1,501,0.107570081962
masked,linear,0.8,0.3,2,2.5,0,2,355,0.0583673996411
masked,linear,0.8,0.3,2,2.5,0,3,251,0.063640066443
masked,linear,0.8,0.3,2,2.5,0,4,177,0.0765233652081
masked,linear,0.8,0.3,2,2.5,0,5,125,0.0854139080892
masked,linear,0.8,0.3,2,2.5,0,6,89,0.0906318464725
masked,linear,0.8,0.3,2,2.5,0,7,63,0.101335921094
masked,linear,0.8,0.3,2,2.5,0,8,45,0.113240495523
masked,linear,0.8,0.3,2,2.5,0,9,31,0.137107882787
masked,robust,0.8,0.3,2,2.5,0,1,501,0.0623393737372
masked,robust,0.8,0.3,2,2.5,0,2,355,0.0430719271832
masked,robust,0.8,0.3,2,2.5,0,3,251,0.0462406980864
masked,robust,0.8,0.3,2,2.5,0,4,177,0.0479419886356
masked,robust,0.8,0.3,2,2.5,0,5,125,0.0541947051234
masked,robust,0.8,0.3,2,2.5,0,6,89,0.0626527266288
masked,robust,0.8,0.3,2,2.5,0,7,63,0.0736413308036
masked,robust,0.8,0.3,2,2.5,0,8,45,0.0846171972755
masked,robust,0.8,0.3,2,2.5,0,9,31,0.105875995377
masked,linear,0.8,0.3,2,2.5,1,1,501,0.109969859749
masked,linear,0.8,0.3,2,2.5,1,2,355,0.0637846476253
masked,linear,0.8,0.3,2,2.5,1,3,251,0.0678660067534
masked,linear,0.8,0.3,2,2.5,1,4,177,0.0684046502329
masked,linear,0.8,0.3,2,2.5,1,5,125,0.0771184833923
masked,linear,0.8,0.3,2,2.5,1,6,89,0.0863312836683
masked,linear,0.8,0.3,2,2.5,1,7,63,0.10017730602
masked,linear,0.8,0.3,2,2.5,1,8,45,0.110098431037
masked,linear,0.8,0.3,2,2.5,1,9,31,0.142477777264
masked,robust,0.8,0.3,2,2.5,1,1,501,0.0550228566095
masked,robust,0.8,0.3,2,2.5,1,2,355,0.039241270795
masked,robust,0.8,0.3,2,2.5,1,3,251,0.0475087783189
masked,robust,0.8,0.3,2,2.5,1,4,177,0.0465771238117
masked,robust,0.8,0.3,2,2.5,1,5,125,0.0524020449238
masked,robust,0.8,0.3,2,2.5,1,6,89,0.0589200914966
masked,robust,0.8,0.3,2,2.5,1,7,63,0.0671734384207
masked,robust,0.8,0.3,2,2.5,1,8,45,0.0790057410718
masked,robust,0.8,0.3,2,2.5,1,9,31,0.102715539047
masked,linear,0.8,0.3,2,2.5,2,1,501,0.109871976713
masked,linear,0.8,0.3,2,2.5,2,2,355,0.0510607008031
masked,linear,0.8,0.3,2,2.5,2,3,251,0.0489524599554
masked,linear,0.8,0.3,2,2.5,2,4,177,0.0525766753113
masked,linear,0.8,0.3,2,2.5,2,5,125,0.0763451349903
masked,linear,0.8,0.3,2,2.5,2,6,89,0.0919484777708
masked,linear,0.8,0.3,2,2.5,2,7,63,0.0976439016471
masked,linear,0.8,0.3,2,2.5,2,8,45,0.107798954517
masked,linear,0.8,0.3,2,2.5,2,9,31,0.142456595643
masked,robust,0.8,0.3,2,2.5,2,1,501,0.064266009493
masked,robust,0.8,0.3,2,2.5,2,2,355,0.0345531010639
masked,robust,0.8,0.3,2,2.5,2,3,251,0.0337451115556
masked,robust,0.8,0.3,2,2.5,2,4,177,0.0369903583999
masked,robust,0.8,0.3,2,2.5,2,5,125,0.0529441480099
masked,robust,0.8,0.3,2,2.5,2,6,89,0.0678411712228
masked,robust,0.8,0.3,2,2.5,2,7,63,0.0723908506521
masked,robust,0.8,0.3,2,2.5,2,8,45,0.077901719836
masked,robust,0.8,0.3,2,2.5,2,9,31,0.102113168737
masked,linear,0.8,0.3,2.5,3.125,0,1,501,0.116179913536
masked,linear,0.8,0.3,2.5,3.125,0,2,355,0.0656244135364
masked,linear,0.8,0.3,2.5,3.125,0,3,251,0.0744350888251
masked,linear,0.8,0.3,2.5,3.125,0,4,177,0.0908526973527
masked,linear,0.8,0.3,2.5,3.125,0,5,125,0.100547508435
masked,linear,0.8,0.3,2.5,3.125,0,6,89,0.105705757939
masked,linear,0.8,0.3,2.5,3.125,0,7,63,0.119454883687
masked,linear,0.8,0.3,2.5,3.125,0,8,45,0.134336449345
masked,linear,0.8,0.3,2.5,3.125,0,9,31,0.163195539966
masked,robust,0.8,0.3,2.5,3.125,0,1,501,0.057612734472
masked,robust,0.8,0.3,2.5,3.125,0,2,355,0.0443442593953
masked,robust,0.8,0.3,2.5,3.125,0,3,251,0.0482761847378
masked,robust,0.8,0.3,2.5,3.125,0,4,177,0.0497446964265
masked,robust,0.8,0.3,2.5,3.125,0,5,125,0.0563860707156
masked,robust,0.8,0.3,2.5,3.125,0,6,89,0.0654791790267
masked,robust,0.8,0.3,2.5,3.125,0,7,63,0.0777902829751
masked,robust,0.8,0.3,2.5,3.125,0,8,45,0.0902296608578
masked,robust,0.8,0.3,2.5,3.125,0,9,31,0.114579475576
masked,linear,0.8,0.3,2.5,3.125,1,1,501,0.118286783275
masked,linear,0.8,0.3,2.5,3.125,1,2,355,0.0710006632958
masked,linear,0.8,0.3,2.5,3.125,1,3,251,0.0791542945157
masked,linear,0.8,0.3,2.5,3.125,1,4,177,0.081717296106
masked,linear,0.8,0.3,2.5,3.125,1,5,125,0.0935511054761
masked,linear,0.8,0.3,2.5,3.125,1,6,89,0.105550171288
masked,linear,0.8,0.3,2.5,3.125,1,7,63,0.123154885346
masked,linear,0.8,0.3,2.5,3.125,1,8,45,0.13330318438
masked,linear,0.8,0.3,2.5,3.125,1,9,31,0.172363253271
masked,robust,0.8,0.3,2.5,3.125,1,1,501,0.0517787846857
masked,robust,0.8,0.3,2.5,3.125,1,2,355,0.0398117343951
masked,robust,0.8,0.3,2.5,3.125,1,3,251,0.0498428572529
masked,robust,0.8,0.3,2.5,3.125,1,4,177,0.04920733088
masked,robust,0.8,0.3,2.5,3.125,1,5,125,0.0564892987229
masked,robust,0.8,0.3,2.5,3.125,1,6,89,0.0639560260555
masked,robust,0.8,0.3,2.5,3.125,1,7,63,0.0722675727987
masked,robust,0.8,0.3,2.5,3.125,1,8,45,0.0846160989824
masked,robust,0.8,0.3,2.5,3.125,1,9,31,0.111627199978
masked,linear,0.8,0.3,2.5,3.125,2,1,501,0.131075642307
masked,linear,0.8,0.3,2.5,3.125,2,2,355,0.0607987525794
masked,linear,0.8,0.3,2.5,3.125,2,3,251,0.0591341832208
masked,linear,0.8,0.3,2.5,3.125,2,4,177,0.0627059448747
masked,linear,0.8,0.3,2.5,3.125,2,5,125,0.0916942059379
masked,linear,0.8,0.3,2.5,3.125,2,6,89,0.10873521174
masked,linear,0.8,0.3,2.5,3.125,2,7,63,0.114276176086
masked,linear,0.8,0.3,2.5,3.125,2,8,45,0.129839844111
masked,linear,0.8,0.3,2.5,3.125,2,9,31,0.173261330916
masked,robust,0.8,0.3,2.5,3.125,2,1,501,0.0685961219131
masked,robust,0.8,0.3,2.5,3.125,2,2,355,0.0374433766319
masked,robust,0.8,0.3,2.5,3.125,2,3,251,0.0368982299712
masked,robust,0.8,0.3,2.5,3.125,2,4,177,0.0392909596794
masked,robust,0.8,0.3,2.5,3.125,2,5,125,0.0558470074066
masked,robust,0.8,0.3,2.5,3.125,2,6,89,0.071256377003
masked,robust,0.8,0.3,2.5,3.125,2,7,63,0.0757756967541
masked,robust,0.8,0.3,2.5,3.125,2,8,45,0.0832332089426
masked,robust,0.8,0.3,2.5,3.125,2,9,31,0.110666897401
masked,linear,0.8,0.3,3,3.75,0,1,501,0.126309449259
masked,linear,0.8,0.3,3,3.75,0,2,355,0.0734241576725
masked,linear,0.8,0.3,3,3.75,0,3,251,0.0855692369761
masked,linear,0.8,0.3,3,3.75,0,4,177,0.105597032375
masked,linear,0.8,0.3,3,3.75,0,5,125,0.11607939531
masked,linear,0.8,0.3,3,3.75,0,6,89,0.121215355055
masked,linear,0.8,0.3,3,3.75,0,7,63,0.138079743962
masked,linear,0.8,0.3,3,3.75,0,8,45,0.156009067128
masked,linear,0.8,0.3,3,3.75,0,9,31,0.19011201879
masked,robust,0.8,0.3,3,3.75,0,1,501,0.0539464176601
masked,robust,0.8,0.3,3,3.75,0,2,355,0.0453064193968
masked,robust,0.8,0.3,3,3.75,0,3,251,0.0496575062096
masked,robust,0.8,0.3,3,3.75,0,4,177,0.050927453195
masked,robust,0.8,0.3,3,3.75,0,5,125,0.0577892334827
masked,robust,0.8,0.3,3,3.75,0,6,89,0.0676708563573
masked,robust,0.8,0.3,3,3.75,0,7,63,0.0811429944503
masked,robust,0.8,0.3,3,3.75,0,8,45,0.0948601651509
masked,robust,0.8,0.3,3,3.75,0,9,31,0.121866077444
masked,linear,0.8,0.3,3,3.75,1,1,501,0.126887543482
masked,linear,0.8,0.3,3,3.75,1,2,355,0.078661026982
masked,linear,0.8,0.3,3,3.75,1,3,251,0.0908716859949
masked,linear,0.8,0.3,3,3.75,1,4,177,0.095568467618
masked,linear,0.8,0.3,3,3.75,1,5,125,0.110397271801
masked,linear,0.8,0.3,3,3.75,1,6,89,0.125137506124
masked,linear,0.8,0.3,3,3.75,1,7,63,0.146687584149
masked,linear,0.8,0.3,3,3.75,1,8,45,0.157179840673
masked,linear,0.8,0.3,3,3.75,1,9,31,0.20294880242
masked,robust,0.8,0.3,3,3.75,1,1,501,0.0497697633433
masked,robust,0.8,0.3,3,3.75,1,2,355,0.0407744651195
masked,robust,0.8,0.3,3,3.75,1,3,251,0.0517403825033
masked,robust,0.8,0.3,3,3.75,1,4,177,0.0511559016028
masked,robust,0.8,0.3,3,3.75,1,5,125,0.0596649990422
masked,robust,0.8,0.3,3,3.75,1,6,89,0.0680482709539
masked,robust,0.8,0.3,3,3.75,1,7,63,0.0763958243145
masked,robust,0.8,0.3,3,3.75,1,8,45,0.0891232995706
masked,robust,0.8,0.3,3,3.75,1,9,31,0.118939270428
masked,linear,0.8,0.3,3,3.75,2,1,501,0.152781051006
masked,linear,0.8,0.3,3,3.75,2,2,355,0.0709626482766
masked,linear,0.8,0.3,3,3.75,2,3,251,0.0695793406393
masked,linear,0.8,0.3,3,3.75,2,4,177,0.0731769594568
masked,linear,0.8,0.3,3,3.75,2,5,125,0.107406937664
masked,linear,0.8,0.3,3,3.75,2,6,89,0.126067407495
masked,linear,0.8,0.3,3,3.75,2,7,63,0.131605511053
masked,linear,0.8,0.3,3,3.75,2,8,45,0.152666152877
masked,linear,0.8,0.3,3,3.75,2,9,31,0.204873210397
masked,robust,0.8,0.3,3,3.75,2,1,501,0.0729043045112
masked,robust,0.8,0.3,3,3.75,2,2,355,0.0402547164282
masked,robust,0.8,0.3,3,3.75,2,3,251,0.0398858295799
masked,robust,0.8,0.3,3,3.75,2,4,177,0.0413055399739
masked,robust,0.8,0.3,3,3.75,2,5,125,0.0580170418286
masked,robust,0.8,0.3,3,3.75,2,6,89,0.0738940939429
masked,robust,0.8,0.3,3,3.75,2,7,63,0.0786910269089
masked,robust,0.8,0.3,3,3.75,2,8,45,0.0878468289833
masked,robust,0.8,0.3,3,3.75,2,9,31,0.117871672346
