t,clean,contaminated,additive_observation,clean_linear_1,additive_linear_1,clean_robust_1,additive_robust_1,masked_observation,masked_linear_1,masked_robust_1
0,-0.29695001075,0,-0.805459319489,0.0122874478748,-0.0568802755782,0.0102319578506,-0.0682038617453,-0.805459319489,-0.0442407343204,-0.0677860389697
0.001001001001,-0.285254953925,1,-5.6015225643,0.0147554011894,-0.0558598412465,0.0127186040501,-0.066727356322,-5.31626761038,-0.0435577860689,-0.0665234149967
0.002002002002,-0.273183292974,0,-1.02373887703,0.0172649737193,-0.0542916563057,0.0152483373474,-0.0650574027799,-1.02373887703,-0.0423567974307,-0.0650697469425
0.003003003003,-0.256948446374,0,-1.20713046123,0.019815169069,-0.0526151081027,0.0178200670639,-0.0632704704728,-1.20713046123,-0.041049776361,-0.0635014528439
0.004004004004,-0.23681068609,1,-1.21769773506,0.0224045891705,-0.0508124816271,0.0204325171509,-0.0613516375254,-0.980887048974,-0.0396190127141,-0.0618035850878
0.00500500500501,-0.213366370796,0,-0.495171604212,0.0250314587106,-0.0488826186954,0.0230837554048,-0.0593002518025,-0.495171604212,-0.0380860819505,-0.0599947449179
0.00600600600601,-0.186229428145,1,-0.0954512892846,0.0276936824481,-0.0468947777077,0.0257718211737,-0.0571846932815,0.0907781388606,-0.0364975088263,-0.0581240239991
0.00700700700701,-0.156658282956,0,0.0681746571903,0.0303888085459,-0.0448871549888,0.0284940799813,-0.0550512595179,0.0681746571903,-0.0349094434983,-0.0562596751888
0.00800800800801,-0.124229672819,0,-1.40938071393,0.0331141502038,-0.042875340871,0.0312478884996,-0.0529190272262,-1.40938071393,-0.0333196743667,-0.0543988786447
0.00900900900901,-0.0928653153117,0,-0.34607512026,0.0358667455684,-0.0407172987743,0.0340301963088,-0.050640763674,-0.34607512026,-0.0315861648516,-0.0523943939903
0.01001001001,-0.0643913787936,0,-0.730143895153,0.0386437340389,-0.0385150001111,0.0368379997183,-0.0483145165668,-0.730143895153,-0.0298108863652,-0.0503442787523
0.011011011011,-0.0425760878693,0,-0.260062440594,0.0414425312518,-0.0362316089852,0.0396687815343,-0.0458984738896,-0.260062440594,-0.0279570030114,-0.0482067212073
0.012012012012,-0.0296729842797,0,0.0239508730464,0.0442611899306,-0.0339121854495,0.0425203840658,-0.0434442959199,0.0239508730464,-0.026069574843,-0.0460333878439
0.013013013013,-0.02577947025,0,0.450729295004,0.0470986143642,-0.0315842842645,0.0453917695761,-0.0409857853529,0.450729295004,-0.0241762268315,-0.0438580299243
0.014014014014,-0.031648338368,0,-0.947638793253,0.0499545679499,-0.0292888945356,0.048282680629,-0.0385719652637,-0.947638793253,-0.0223180986473,-0.0417296648065
0.015015015015,-0.0450298271655,0,-0.813920125272,0.0528297438673,-0.0268913051178,0.0511937628144,-0.0360475361442,-0.813920125272,-0.0203605594991,-0.039493036561
0.016016016016,-0.0631837218211,0,-0.375312736725,0.0557255475499,-0.0244042213861,0.0541266036656,-0.0334247784907,-0.375312736725,-0.018316314762,-0.0371605073421
0.017017017017,-0.0838627451922,0,-0.822984406694,0.0586438324784,-0.0218695328806,0.0570829992534,-0.0307500952292,-0.822984406694,-0.0162272305024,-0.0347784091987
0.018018018018,-0.103174390788,0,-0.721794193279,0.0615866837552,-0.0192440517217,0.0600651099468,-0.0279758687995,-0.721794193279,-0.0140500953671,-0.032299157047
0.019019019019,-0.120323681285,0,0.107295888148,0.0645560439551,-0.0165373802292,0.0630750263485,-0.0251120147918,0.107295888148,-0.0117945116758,-0.0297326321542
0.02002002002,-0.134335696776,0,-1.18622276229,0.0675536367396,-0.0138291247793,0.0661143980163,-0.0222525351944,-1.18622276229,-0.00954008580483,-0.0271727528507
0.021021021021,-0.145697114062,1,3.98843208799,0.0705808735713,-0.0109947123076,0.0691847212097,-0.0192627618801,4.13412920205,-0.00716231031029,-0.02448492653
0.022022022022,-0.15679491893,0,1.21605473567,0.0736389011848,-0.00853036639182,0.0722871952658,-0.0164409248095,1.21605473567,-0.00517146120176,-0.0219665450459
0.023023023023,-0.166524439077,1,-0.208058881935,0.0767288325899,-0.00617013269938,0.07542286857,-0.0137335019964,-0.0415344428579,-0.00328765712463,-0.0195645457745
0.024024024024,-0.17150510827,0,-0.905812287149,0.0798516437141,-0.00377745858886,0.0785927733502,-0.0109938433686,-0.905812287149,-0.00139039144493,-0.0171523298005
0.025025025025,-0.173285009847,0,-0.188697962591,0.0830078515924,-0.00128541950677,0.0817974535364,-0.00814824708033,-0.188697962591,0.000603227603282,-0.0146364496493
0.026026026026,-0.169463553856,1,-2.73558437903,0.0861976651785,0.00123701980841,0.0850370352101,-0.0052727044445,-2.56612082517,0.00262421627572,-0.0120931490621
0.027027027027,-0.159685617543,0,0.0271843074007,0.0894207566487,0.00403433154599,0.0883111837447,-0.00221504769788,0.0271843074007,0.0049008110543,-0.00937130075677
0.028028028028,-0.146025520815,0,-0.275877521181,0.0926762285559,0.00684117603635,0.0916190570171,0.000846380020953,-0.275877521181,0.00718400330175,-0.00664791251614
0.029029029029,-0.128615844446,0,0.363069570924,0.0959628137478,0.00968656590652,0.0949592533315,0.0039472978991,0.363069570924,0.00950283564287,-0.00388732706353
0.03003003003,-0.109230779287,0,-0.244672197587,0.099278888397,0.0125091176325,0.0983300943009,0.00701305546391,-0.244672197587,0.0117959245537,-0.00116409955883
0.031031031031,-0.0890284555534,0,0.553405200428,0.102622642367,0.0153671302751,0.101729792751,0.0101148418303,0.553405200428,0.0141215690948,0.00159289959221
0.032032032032,-0.0682083183021,0,-0.104288805492,0.105992190359,0.0181840742838,0.105156369623,0.0131608683545,-0.104288805492,0.016403239716,0.00429200609705
0.033033033033,-0.0435090924473,0,-0.188932274347,0.109385590481,0.0210232714392,0.108607784097,0.0162271102329,-0.188932274347,0.0187042581977,0.00700905001314
0.034034034034,-0.0177949157094,0,-0.284318213906,0.112800530153,0.023893073095,0.112081632345,0.0193239336914,-0.284318213906,0.0210329872455,0.00975435847173
0.035035035035,0.0101787354272,0,0.0465810126407,0.116234599971,0.0268028325227,0.115575499661,0.02246266722,0.0465810126407,0.0233988004862,0.0125393307995
0.036036036036,0.0370994929761,0,0.366242662315,0.119685172836,0.0297207598977,0.119086593718,0.0256047306811,0.366242662315,0.0257698883276,0.0153253297988
0.037037037037,0.0631898824523,0,-0.0147384295955,0.123149720751,0.0326161571244,0.122612274183,0.028713187788,-0.0147384295955,0.0281155239028,0.018075420048
0.038038038038,0.0867568354079,1,-1.52069347282,0.126625792875,0.0355258266817,0.126149976501,0.031832888889,-1.60745030823,0.0304725096907,0.0208344145473
0.039039039039,0.106527218982,0,0.44410994545,0.130111177629,0.0385944121888,0.129697466994,0.0351011254636,0.44410994545,0.0329938179002,0.0237445444601
0.04004004004,0.12345125627,0,0.254705427771,0.13360402466,0.0416331904736,0.1332527566,0.0383271621635,0.254705427771,0.035482399477,0.0266102514876
0.041041041041,0.136870129431,0,0.019763678581,0.137102753482,0.0446603404969,0.136814178325,0.0415328036787,0.019763678581,0.03795643609,0.0294531656776
0.042042042042,0.148313310803,0,-0.447987666011,0.140606116279,0.0476986582084,0.140380403728,0.0447460421354,-0.447987666011,0.040438725347,0.0323013172374
0.043043043043,0.155576309431,0,-0.485316061413,0.144113050098,0.0507939142979,0.143950377692,0.0480210128934,-0.485316061413,0.0429750214295,0.0352090146497
0.044044044044,0.161874634392,0,0.625478796009,0.147622887504,0.0539503599876,0.147523362999,0.0513622214793,0.625478796009,0.0455695573929,0.0381806254324
0.045045045045,0.165184507712,0,0.879237411214,0.151135046845,0.0570614999944,0.151098713566,0.0546434353811,0.879237411214,0.0481158379543,0.0410900224248
0.046046046046,0.163899414326,0,-0.940719217424,0.154649225345,0.0601031822455,0.154676078848,0.0578396186086,-0.940719217424,0.0505897110409,0.0439124728972
0.047047047047,0.162788258013,0,1.37194549657,0.158165552596,0.0632502626384,0.158255632785,0.0611461829115,1.37194549657,0.0531660325502,0.0468433005613
0.048048048048,0.160016951395,0,-0.0461372666987,0.161684132094,0.0662807100607,0.161837459512,0.0643286579043,-0.0461372666987,0.0556227717968,0.0496484903337
0.049049049049,0.158635353925,0,-0.272906447957,0.165205216535,0.0693297457863,0.165421762872,0.0675279850345,-0.272906447957,0.0580951553549,0.0524682168664
0.0500500500501,0.159989803628,0,0.0303846137762,0.168728914323,0.0724183565529,0.16900862969,0.0707706321393,0.0303846137762,0.0606041748351,0.0553288968392
0.0510510510511,0.162022232922,0,-0.91049950142,0.172255059589,0.0755175981456,0.172597898173,0.0740217074542,-0.91049950142,0.0631208936279,0.0581956588408
0.0520520520521,0.165555249167,1,-0.364111065076,0.175783409107,0.0787182756625,0.176189329956,0.0773805668758,-0.529666314243,0.0657361516337,0.0611684117482
0.0530530530531,0.171800800448,0,0.445439560601,0.179313562972,0.0819682735696,0.179782438176,0.0807937359406,0.445439560601,0.0684137536925,0.0642111328502
0.0540540540541,0.179971402033,0,-0.0771865356472,0.182844848322,0.0851898323956,0.183376506502,0.0841679602402,-0.0771865356472,0.0710600471561,0.0672125309046
0.0550550550551,0.191700499151,0,0.502006601397,0.186376395596,0.088432620665,0.18697061285,0.0875638161067,0.502006601397,0.0737247252427,0.0702332269378
0.0560560560561,0.206502779808,1,-0.87588209678,0.189906982718,0.0916404719164,0.190563529909,0.0909138446282,-1.08238487659,0.0763516461841,0.0732059799973
0.0570570570571,0.22391263588,0,0.891923876655,0.193435082841,0.094945558209,0.194153609779,0.0943680171381,0.891923876655,0.0790928061479,0.0762974478085
0.0580580580581,0.241309226789,1,-1.18064948047,0.196958910557,0.0981783829422,0.197738979663,0.0977361399543,-1.42195870726,0.0817589139216,0.0793008560124
0.0590590590591,0.259436896461,0,0.162450689561,0.200476675273,0.101538167493,0.201317748279,0.101231166824,0.162450689561,0.0845723858791,0.082444346906
0.0600600600601,0.27470279582,0,-0.33116285185,0.203986511485,0.104895314594,0.204888022889,0.104719148059,-0.33116285185,0.0873804916568,0.0855783308422
0.0610610610611,0.288208288523,0,0.0617686423391,0.207486825582,0.108296659338,0.208448120172,0.108257163824,0.0617686423391,0.0902301324322,0.0887599412576
0.0620620620621,0.302661985168,0,0.618586718127,0.210976192092,0.111704529757,0.211996532134,0.111800209781,0.618586718127,0.0930836699191,0.0919441375662
0.0630630630631,0.318842156934,0,0.776417337418,0.214453095355,0.115065318612,0.215531655285,0.115284682071,0.776417337418,0.0958874968796,0.0950673155531
0.0640640640641,0.339964475578,0,0.262965203007,0.217915856634,0.118363479905,0.219051794914,0.118693853921,0.262965203007,0.0986261021086,0.0981131224345
0.0650650650651,0.365448652019,0,0.598308009566,0.221362326577,0.121648026374,0.222554712323,0.122084529167,0.598308009566,0.101348533138,0.101137842921
0.0660660660661,0.391611782417,0,-0.564372195627,0.224789941767,0.124886786542,0.226037728892,0.12541884475,-0.564372195627,0.104022618491,0.104103737185
0.0670670670671,0.418156281895,0,-0.0403934815761,0.228196078764,0.128191417072,0.229498109475,0.128827658213,-0.0403934815761,0.10676001483,0.10714205999
0.0680680680681,0.440501310143,0,0.90533209022,0.231578082282,0.131511553392,0.232933172404,0.132253771037,0.90533209022,0.109510357584,0.110195205038
0.0690690690691,0.457010181356,1,0.945412146711,0.234933704341,0.134756075174,0.236340593466,0.135592109028,0.488401965355,0.112182559295,0.113158374115
0.0700700700701,0.469649263974,0,-0.300204557772,0.238261260649,0.137920764288,0.239718612946,0.138838482527,-0.300204557772,0.114816307326,0.116074612892
0.0710710710711,0.473953198762,0,0.674846501734,0.241559440931,0.141124446492,0.243065873105,0.142130598727,0.674846501734,0.117486568642,0.119034461127
0.0720720720721,0.475040831721,0,-0.590291674923,0.244827736824,0.144272820308,0.246381915179,0.145357251174,-0.590291674923,0.120099090514,0.121926578124
0.0730730730731,0.47419108114,0,1.18959015803,0.248065950153,0.147487121378,0.249666477619,0.148659399567,1.18959015803,0.122775143507,0.124892382838
0.0740740740741,0.474653339542,0,-0.14635526791,0.251274070163,0.150596166513,0.252919516202,0.151846838719,-0.14635526791,0.125343544435,0.12774192912
0.0750750750751,0.4786122685,0,0.10085755368,0.254451961819,0.153728057771,0.256140953486,0.155062146226,0.10085755368,0.127932404304,0.130617065852
0.0760760760761,0.487324479416,0,0.898151893525,0.257599156471,0.156859078449,0.259330294,0.158276822068,0.898151893525,0.130518015366,0.133489195984
0.0770770770771,0.502261846686,0,0.785064408079,0.260714731565,0.159912471785,0.262486561043,0.161402485062,0.785064408079,0.133023663325,0.136270443238
0.0780780780781,0.521653260205,0,-0.103745352718,0.263797169869,0.162898870483,0.265608260021,0.164450303938,-0.103745352718,0.135460058705,0.138971898549
0.0790790790791,0.544082498174,0,0.326866314645,0.266844530233,0.16590345871,0.268693423198,0.167520998032,0.326866314645,0.137912421028,0.141693918355
0.0800800800801,0.567016185644,0,1.42346603832,0.26985458448,0.1688848053,0.271739755682,0.170564380272,1.42346603832,0.140339319131,0.144386517615
0.0810810810811,0.587165515286,0,0.673365631845,0.272825061855,0.171737162427,0.274745023091,0.173474731829,0.673365631845,0.142635038133,0.146944820076
0.0820820820821,0.605564558207,0,-0.376730008688,0.275753965976,0.174532742607,0.277707215111,0.176318677462,-0.376730008688,0.144871856012,0.149434580313
0.0830830830831,0.620031708492,0,1.86454810615,0.278639476503,0.177373115816,0.280624460963,0.179215533865,1.86454810615,0.147151375258,0.151975453092
0.0840840840841,0.632462534159,1,1.48420667132,0.281480159382,0.180043111378,0.283495419357,0.181954859313,0.851744137161,0.149258425193,0.15435814835
0.0850850850851,0.642043570856,0,0.144449898828,0.284274785283,0.182578993453,0.286318809902,0.184556523484,0.144449898828,0.151290011603,0.15665399053
0.0860860860861,0.647789015606,1,1.04785186598,0.287022408081,0.185109284706,0.289093707038,0.187152162136,0.400062850374,0.153313966943,0.158941584581
0.0870870870871,0.651992331628,0,-0.184896610728,0.289722459464,0.187547205061,0.291819582509,0.189644090235,-0.184896610728,0.155305698386,0.161191246619
0.0880880880881,0.650039318358,0,0.00226574108243,0.292374527954,0.190010920746,0.294495968485,0.192167758342,0.00226574108243,0.157321184913,0.163470810778
0.0890890890891,0.641889734255,0,0.430574098477,0.29497880125,0.192482448504,0.297123143424,0.194702050714,0.430574098477,0.159342443264,0.165758883491
0.0900900900901,0.631011562224,0,-0.169665031909,0.297536069452,0.194920601072,0.299701827146,0.197197162549,-0.169665031909,0.161328295293,0.168005790713
0.0910910910911,0.614355320799,0,0.507168711951,0.300047391349,0.19738286336,0.302233139114,0.199722674179,0.507168711951,0.163336235023,0.170281042962
0.0920920920921,0.597753381394,0,0.450673936261,0.302514385994,0.199804246325,0.304718674667,0.202200392186,0.450673936261,0.16530127341,0.172506571024
0.0930930930931,0.583106816787,0,2.07985470655,0.304938671328,0.202190286968,0.307160100893,0.204637323934,2.07985470655,0.167228947457,0.174688920291
0.0940940940941,0.573106054857,0,1.24722444071,0.307321680426,0.204383988095,0.309558858511,0.206906659673,1.24722444071,0.168962241694,0.176703789416
0.0950950950951,0.574155086559,0,0.545563273239,0.309664402345,0.206464532536,0.311915987589,0.20905529355,0.545563273239,0.170580320679,0.178596290376
0.0960960960961,0.581236056027,0,0.11694188627,0.311966767224,0.208499362818,0.314231428936,0.211151963763,0.11694188627,0.172150626935,0.180434789727
0.0970970970971,0.593249571226,0,-0.909056043744,0.314228128281,0.210529837306,0.316504572654,0.213246828898,-0.909056043744,0.173714518831,0.182269110873
0.0980980980981,0.607087806491,0,-0.699237490345,0.31644736804,0.212654566895,0.31873430304,0.215442932241,-0.699237490345,0.17537060726,0.18420405767
0.0990990990991,0.617147771857,0,0.686963887502,0.318623197737,0.21485336946,0.320919373366,0.21772306945,0.686963887502,0.177098710098,0.186222057265
0.1001001001,0.623853671827,0,1.40443298483,0.320754695999,0.216993149355,0.323058862549,0.219936238331,1.40443298483,0.178765731697,0.188170844516
0.101101101101,0.624430319456,0,1.28221819608,0.322841268414,0.219005032601,0.325152238644,0.222016867941,1.28221819608,0.180302798081,0.189985946754
0.102102102102,0.621715172069,0,0.0163982441311,0.324882913713,0.220900516592,0.32719948209,0.223974035643,0.0163982441311,0.181721383318,0.191675939895
0.103103103103,0.617684989035,0,0.389661563009,0.326879950788,0.222800240452,0.329200994511,0.225940520811,0.389661563009,0.183142073139,0.193373131105
0.104104104104,0.615917105936,0,0.75231980952,0.32883282816,0.224667666929,0.331157195902,0.227873082251,0.75231980952,0.184528300221,0.195033861631
0.105105105105,0.616542706007,0,-0.172587961396,0.330741779937,0.226467893399,0.333068394517,0.229730955973,-0.172587961396,0.185845161938,0.19661760673
0.106106106106,0.620881966331,1,5.92691079328,0.332606812966,0.228289898392,0.334934611905,0.231619779389,5.30602882695,0.187181625863,0.198230172408
0.107107107107,0.629307819351,0,0.846914298385,0.334427580059,0.229548343385,0.336755521437,0.23331791406,0.846914298385,0.188011934623,0.199652703248
0.108108108108,0.63633175785,0,1.20027374276,0.336203343834,0.230730828788,0.338530452139,0.234931746228,1.20027374276,0.188764072357,0.200988561122
0.109109109109,0.640277892654,0,1.22598243614,0.337933502957,0.23180213745,0.34025878067,0.236428199535,1.22598243614,0.189402798628,0.20220508184
0.11011011011,0.638639942042,0,1.19047567026,0.339617752196,0.232758573936,0.341940268771,0.237805061967,1.19047567026,0.189924394713,0.203300030116
0.111111111111,0.630452295014,0,0.0846328740752,0.341256322352,0.233603762109,0.343575179844,0.23906543978,0.0846328740752,0.190332484478,0.204276647454
0.112112112112,0.616037226796,0,-0.429545802887,0.342850072392,0.234444104108,0.345164374174,0.240327999873,-0.429545802887,0.190733456189,0.205252771072
0.113113113113,0.598290505899,0,0.844452649435,0.344400458288,0.235329329207,0.346709372984,0.24164927752,0.844452649435,0.191176989332,0.206285680123
0.114114114114,0.576325730743,0,-0.0740729624052,0.345909255494,0.236137250151,0.348211988867,0.242887440686,-0.0740729624052,0.191540846333,0.207232957127
0.115115115115,0.55641921441,1,-0.0884615786435,0.347378644602,0.236956450865,0.349674428532,0.244146584123,-0.644880793053,0.191913575846,0.208198721974
0.116116116116,0.539842100041,0,0.713076978476,0.348810609767,0.237789205663,0.351098759591,0.245428834361,0.713076978476,0.192350826865,0.209242841218
0.117117117117,0.52750570355,0,0.344533432342,0.350206817406,0.238558929082,0.352486707863,0.246643092774,0.344533432342,0.192722558273,0.210215858879
0.118118118118,0.520822617817,0,0.814711554557,0.351568528438,0.239301112973,0.35383955242,0.24783088091,0.814711554557,0.19306424236,0.21115955491
0.119119119119,0.522491740404,0,1.62387131715,0.352896461674,0.239970747161,0.355158087038,0.248940149751,1.62387131715,0.193330868949,0.212021829091
0.12012012012,0.530597326635,0,0.376696132424,0.354190533241,0.240490315779,0.356442250595,0.2499036165,0.376696132424,0.193444922176,0.212736617686
0.121121121121,0.547015911859,0,-0.056346872331,0.355450038832,0.240979618792,0.357691350836,0.250837614257,-0.056346872331,0.193526202003,0.213418805822
0.122122122122,0.568266856846,0,0.633664323243,0.356673472165,0.241480146034,0.35890387572,0.251791985309,0.633664323243,0.193616198265,0.214118651767
0.123123123123,0.58925698792,0,0.631522196307,0.357858858132,0.241925409659,0.360077872389,0.252687330496,0.631522196307,0.193648423118,0.214756351227
0.124124124124,0.609135253317,0,1.68510324267,0.359004241283,0.242315395526,0.361211391456,0.25352379164,1.68510324267,0.193622862418,0.215332008753
0.125125125125,0.621898358891,0,1.09319935397,0.360107767587,0.242548804583,0.362302584236,0.254210193433,1.09319935397,0.193438217115,0.215755910398
0.126126126126,0.626985528849,0,0.61225838681,0.361168260929,0.242682354863,0.363350289484,0.254790429348,0.61225838681,0.193151205241,0.216070875086
0.127127127127,0.623635511812,0,0.251967743708,0.362185277214,0.242761953748,0.364354111328,0.255313495242,0.251967743708,0.192807734179,0.216325358297
0.128128128128,0.613984855496,0,1.38910262604,0.363159177607,0.242821879974,0.36531443294,0.255820423066,1.38910262604,0.192442082664,0.216560454567
0.129129129129,0.599991666041,0,0.156345526269,0.364090923272,0.242752887871,0.366232241668,0.256196040228,0.156345526269,0.191945007717,0.216661932748
0.13013013013,0.58173864121,1,-0.401492362467,0.364981887179,0.242673203729,0.367108944605,0.256566447972,-0.983231003677,0.191434738322,0.216755029793
0.131131131131,0.564879145024,0,-0.829745702065,0.365833845985,0.242636281417,0.367946354612,0.256992812589,-0.829745702065,0.191020574808,0.216952854518
0.132132132132,0.545282450911,0,1.09332756004,0.366648436819,0.242683162554,0.368746168947,0.257513221571,1.09332756004,0.190687712334,0.21724374936
0.133133133133,0.525958137626,0,0.482214009369,0.367427553274,0.242629300354,0.369510326181,0.257926693156,0.482214009369,0.190251604111,0.21742481725
0.134134134134,0.508169247918,0,0.870226413451,0.368173056299,0.242533471523,0.370240739841,0.258297282769,0.870226413451,0.189771026848,0.21755959866
0.135135135135,0.490020105081,0,0.0404880933235,0.368886653038,0.242358339766,0.370939163214,0.258582614233,0.0404880933235,0.189208644247,0.217605892991
0.136136136136,0.474756852561,0,-0.175861086978,0.36957007918,0.242183445747,0.371607395793,0.258876028202,-0.175861086978,0.188643996976,0.21765715071
0.137137137137,0.463621358034,0,0.107969161702,0.370224788223,0.242029435677,0.372246928756,0.259201605912,0.107969161702,0.188097731241,0.217737841503
0.138138138138,0.45390752724,0,0.256749736635,0.370851833783,0.241868962012,0.372858875551,0.259527291261,0.256749736635,0.187542499502,0.217815398231
0.139139139139,0.45210696841,0,-0.274588079462,0.371452131293,0.24168775775,0.373444188526,0.259835876322,-0.274588079462,0.186964034756,0.21787241759
0.14014014014,0.454343248482,0,1.32930623077,0.37202583709,0.24153687748,0.374003045379,0.26018724958,1.32930623077,0.186413391591,0.217969665783
0.141141141141,0.460229630699,0,1.14266634327,0.3725727225,0.241262525349,0.374535223947,0.260411596516,1.14266634327,0.185736774154,0.217937271473
0.142142142142,0.467488575616,0,2.03966106747,0.373092212186,0.240882691027,0.375040151419,0.260524552488,2.03966106747,0.184952172117,0.217790519766
0.143143143143,0.468870460077,1,-1.09319999774,0.373583603039,0.24031122495,0.375517123429,0.260469317682,-1.56207045782,0.183973429877,0.217474291345
0.144144144144,0.468139124117,0,0.752476114322,0.374046759333,0.239849351461,0.375966020929,0.260526632437,0.752476114322,0.183146770998,0.217294602927
0.145145145145,0.460665284965,0,1.01486178277,0.374481750005,0.239320355964,0.376386919152,0.260511379302,1.01486178277,0.182250469414,0.217038885114
0.146146146146,0.446385259545,0,0.548331489978,0.374889291577,0.238698735971,0.376780565733,0.260396634111,0.548331489978,0.181259032842,0.216680513607
0.147147147147,0.425322306898,0,1.01894616677,0.375270753044,0.238029088095,0.377148376629,0.260231400796,1.01894616677,0.180217062417,0.216268077517
0.148148148148,0.400637477756,0,0.300920213152,0.375628152725,0.237266246912,0.377492431914,0.259966146334,0.300920213152,0.179079392715,0.215752430845
0.149149149149,0.373795568383,0,-0.274807944402,0.375963854482,0.236478935821,0.377815157044,0.259678672298,-0.274807944402,0.177914747137,0.215210997584
0.15015015015,0.344601690318,0,0.238039079321,0.376280427545,0.235722406027,0.378119194987,0.259433973885,0.238039079321,0.176778376886,0.214709714621
0.151151151151,0.319117270187,0,0.614848799558,0.376580666418,0.234947583238,0.378407416948,0.259174460596,0.614848799558,0.175621204101,0.214190073818
0.152152152152,0.298700384094,0,0.468883380836,0.37686701036,0.23411845458,0.378682324215,0.258856964693,0.468883380836,0.174407212336,0.213608745415
0.153153153153,0.282636380633,0,-0.640848170367,0.377141414326,0.233249229206,0.378945921828,0.258498193724,-0.640848170367,0.173150620963,0.212982386663
0.154154154154,0.271932656171,0,-0.28696276479,0.377405418444,0.232446420312,0.379199789852,0.258218168177,-0.28696276479,0.171957942734,0.212433255692
0.155155155155,0.264537721757,0,0.459178823165,0.377660051992,0.231675920967,0.379444981935,0.257982451936,0.459178823165,0.170795060055,0.211925843983
0.156156156156,0.258521601994,0,-0.0163786986171,0.377906030661,0.230866327888,0.379682230984,0.257706595546,-0.0163786986171,0.169590580846,0.211374570952
0.157157157157,0.253665313172,0,0.232301109144,0.37814394161,0.230063104029,0.379912139601,0.25744569081,0.232301109144,0.168389990729,0.210834993083
0.158158158158,0.248475534555,0,0.664816858598,0.37837426408,0.229242104716,0.380135199089,0.257171039598,0.664816858598,0.1671691565,0.210277992299
0.159159159159,0.2447942015,0,-0.575114259726,0.378597512424,0.228361849503,0.380351934857,0.256833183324,-0.575114259726,0.16588659771,0.20965403185
0.16016016016,0.244437232764,0,0.271172410956,0.378814059479,0.227541315927,0.380562731468,0.256568472847,0.271172410956,0.164661291899,0.209101381148
0.161161161161,0.24672281535,0,0.056998165072,0.379023962242,0.22669929776,0.380767641664,0.256285542646,0.056998165072,0.163412032837,0.208526722605
0.162162162162,0.253739180807,0,-0.121091485247,0.379227027274,0.225856479146,0.380966469398,0.256009351821,-0.121091485247,0.162159504667,0.207955315208
0.163163163163,0.260094259463,0,0.429531537616,0.379422610054,0.225030022556,0.381158557195,0.255760148036,0.429531537616,0.160920869862,0.207407792703
0.164164164164,0.267674157499,0,-0.790399993657,0.379610131984,0.224167114285,0.381343315757,0.25547449422,-0.790399993657,0.159643314717,0.206819956695
0.165165165165,0.274691116222,0,0.773176468035,0.379788898661,0.223385287892,0.381520036845,0.255281166889,0.773176468035,0.158444387126,0.206323318166
0.166166166166,0.280227870302,0,-0.0136772333043,0.379958271241,0.222534839888,0.381688065128,0.255013604092,-0.0136772333043,0.157174397931,0.205748647909
0.167167167167,0.284913323114,0,0.332002841721,0.380117754582,0.221691354793,0.381846892485,0.254761642778,0.332002841721,0.155908931655,0.205186098081
0.168168168168,0.286566862747,0,0.19796419476,0.380266937008,0.220821510554,0.381996097097,0.254485130111,0.19796419476,0.154614666243,0.20459504037
0.169169169169,0.287331520805,1,-0.115492804664,0.380405700148,0.219938190176,0.38213555349,0.25419942058,-0.40282432547,0.153304497126,0.203990899069
0.17017017017,0.285721579462,1,-1.20345177066,0.380534013831,0.219071539543,0.382265223922,0.253940663155,-1.48917335012,0.152036166217,0.203441820731
0.171171171171,0.280734485723,0,-0.560506030628,0.380652079426,0.218325997927,0.382385309134,0.253802772217,-0.560506030628,0.150913958235,0.203028751992
0.172172172172,0.274123266637,0,-0.045173301067,0.380760426739,0.217639849043,0.382496344437,0.25373786194,-0.045173301067,0.149848691412,0.202686777441
0.173173173173,0.264804171453,0,0.149583477316,0.38085974574,0.216963615353,0.382599026621,0.253692140295,0.149583477316,0.148790851777,0.202360533738
0.174174174174,0.253387157054,0,0.366624470977,0.38095098999,0.216278540578,0.382694321101,0.253643100208,0.366624470977,0.147721683051,0.202027137996
0.175175175175,0.239170412718,1,-0.0581732770812,0.381035317426,0.21556374757,0.38278340118,0.25356529892,-0.297343689799,0.146620308087,0.20166090225
0.176176176176,0.22325999165,0,0.518181339719,0.381114157122,0.214860042663,0.382867712719,0.253508099368,0.518181339719,0.145550493394,0.201338633907
0.177177177177,0.205228841986,0,0.990451893709,0.381189102412,0.214111996929,0.382948868094,0.253404477275,0.990451893709,0.144433808864,0.200965751531
0.178178178178,0.185711536704,0,0.392220324764,0.381261951519,0.213274367236,0.383028683996,0.253203831396,0.392220324764,0.143224928642,0.20049207807
0.179179179179,0.166301545291,0,-0.837983335312,0.381334646577,0.212404685207,0.383109119687,0.25297113197,-0.837983335312,0.14198134263,0.199982093173
0.18018018018,0.148951510651,0,-0.246514840687,0.381409120903,0.211621038987,0.383192120315,0.25283512111,-0.246514840687,0.140821138974,0.199567697818
0.181181181181,0.133874190574,0,0.593339761431,0.381487111557,0.210866672316,0.383279429058,0.252740475742,0.593339761431,0.139687561413,0.199191460538
0.182182182182,0.124034426901,1,-0.876789576653,0.381570138669,0.210061157722,0.383372567282,0.252590886206,-1.00082400355,0.138500182477,0.198755965902
0.183183183183,0.120186617066,0,0.161820174294,0.381659220333,0.209345832638,0.383472550837,0.252541654311,0.161820174294,0.137412246806,0.198429335419
0.184184184184,0.123062353102,0,-0.143372475614,0.381754799256,0.208620932317,0.383579818303,0.252487867932,-0.143372475614,0.136312082444,0.198094036918
0.185185185185,0.130611173393,0,0.042661402924,0.381856671739,0.207915828452,0.383694162032,0.252464715476,0.042661402924,0.13522906169,0.197785861736
0.186186186186,0.143041931975,1,-1.31079206558,0.38196418377,0.207213176514,0.383814923777,0.25245136823,-1.45383399755,0.13414580682,0.197483538621
0.187187187187,0.159177838517,0,-0.0633944610487,0.382076210437,0.206643173364,0.383940969048,0.252566515207,-0.0633944610487,0.133206210572,0.197317625845
0.188188188188,0.176435433595,0,0.661068060937,0.382191268501,0.206085823285,0.384070803399,0.252703747134,0.661068060937,0.132276543074,0.197170068109
0.189189189189,0.196487653007,0,-0.555879146675,0.382307764093,0.205471468803,0.384202814321,0.252778825397,-0.555879146675,0.131287146849,0.196956026005
0.19019019019,0.217893352611,0,0.0731906981017,0.38242383212,0.204916977289,0.384335111044,0.252927751406,0.0731906981017,0.130354887128,0.196813627389
0.191191191191,0.243764799708,0,0.525621943163,0.382537474953,0.204361988353,0.38446566077,0.253083042284,0.525621943163,0.129419401378,0.196673510877
0.192192192192,0.274312140224,0,-0.167903376163,0.382646264481,0.203763065904,0.384591988106,0.253191569175,-0.167903376163,0.128437253509,0.196482151865
0.193193193193,0.307701189422,0,0.763052665828,0.382747322661,0.203186756509,0.384711147792,0.253334002017,0.763052665828,0.127474990086,0.196321126952
0.194194194194,0.343783380436,1,0.255352557943,0.382837497909,0.202543681345,0.38481990615,0.253402950653,-0.0884308224929,0.126443232288,0.196082269248
0.195195195195,0.379036531208,1,1.81214494733,0.382913379395,0.201882643833,0.384914755884,0.253456741409,1.43310841613,0.125423786475,0.195864603108
0.196196196196,0.410517943178,0,-0.308659746385,0.382971635051,0.201054217011,0.384992265077,0.253351895169,-0.308659746385,0.124270609961,0.195508903248
0.197197197197,0.437259467583,0,1.32941070892,0.383009293283,0.200261994516,0.385049369111,0.253296228404,1.32941070892,0.123150909169,0.195199255366
0.198198198198,0.457562970867,0,1.92291038126,0.383023834398,0.19934878967,0.385083465697,0.253113069436,1.92291038126,0.121907497417,0.194758975133
0.199199199199,0.473510886236,1,-2.59434465287,0.383013352139,0.198257898951,0.385092583347,0.252765705674,-3.0678555391,0.120483669972,0.194152966436
0.2002002002,0.486955957965,0,0.132929309514,0.382976352374,0.197423131366,0.38507517398,0.252579106265,0.132929309514,0.119358690195,0.193714159185
0.201201201201,0.496517927995,1,2.47684030001,0.382911573616,0.196582602546,0.385029928436,0.252392079696,1.98032237201,0.118225215919,0.193270710145
0.202202202202,0.500988961543,1,-4.12434989166,0.382818118302,0.19551129411,0.384955911139,0.252022939529,-4.62533885321,0.116905894102,0.192659326437
0.203203203203,0.499709321002,1,0.923358143869,0.38269556829,0.194842969823,0.384852677174,0.251818084191,0.423648822867,0.116034917726,0.192216822133
0.204204204204,0.492315271636,0,0.924579780087,0.38254404782,0.194093495778,0.384720335086,0.251522978872,0.924579780087,0.115128034031,0.191735167032
0.205205205205,0.478696021339,0,0.0971597230977,0.382364258661,0.193263122914,0.38455958516,0.251137490834,0.0971597230977,0.114137526238,0.19115915621
0.206206206206,0.461152942823,1,-0.594525816208,0.382157491482,0.192430595438,0.384371733482,0.250755740071,-1.05567875903,0.113142141592,0.190582782854
0.207207207207,0.442933525111,0,0.434250613429,0.381925405853,0.191661737486,0.384158465977,0.250452358144,0.434250613429,0.112251977598,0.190121598953
0.208208208208,0.427395401608,1,-0.66474490958,0.381669719849,0.190857829805,0.383921532723,0.250112682198,-1.09214031119,0.111324044674,0.189619641264
0.209209209209,0.419032206438,0,-0.480868954941,0.381391889321,0.190124197371,0.383662412854,0.249857768103,-0.480868954941,0.110504697426,0.189235509645
0.21021021021,0.415077324464,0,0.510907408252,0.381092678355,0.189443027926,0.383381877343,0.249670215693,0.510907408252,0.10973510544,0.188916475026
0.211211211211,0.418686035718,0,0.745450478274,0.380772426619,0.188719055745,0.383080260366,0.249437003452,0.745450478274,0.108920025765,0.188547394912
0.212212212212,0.428982593686,0,0.350500318887,0.380430747776,0.187929756163,0.38275715137,0.249131436591,0.350500318887,0.108036945034,0.188101768507
0.213213213213,0.442007109908,0,0.300595579944,0.380066613855,0.187113169245,0.38241147917,0.248799118295,0.300595579944,0.107123903316,0.187625008403
0.214214214214,0.455939350751,0,0.105234771146,0.379678734947,0.186274366784,0.382041891476,0.248446234629,0.105234771146,0.106185972402,0.18712331672
0.215215215215,0.472296467474,1,-0.411809199543,0.379265733243,0.185432302017,0.381646950932,0.24809627326,-0.884105667017,0.105242105528,0.186620446485
0.216216216216,0.487327249261,0,-0.976094755564,0.378825996616,0.184636702999,0.381224982277,0.247807451511,-0.976094755564,0.104387370848,0.186220839832
0.217217217217,0.501491817484,1,-6.96056949636,0.378358038672,0.183941784603,0.380774426806,0.247629418264,-7.46206131384,0.103630643138,0.185931954771
0.218218218218,0.514629130229,0,0.487289370195,0.377860454802,0.183922211061,0.380293807729,0.247618002007,0.487289370195,0.103594729457,0.185814756715
0.219219219219,0.523775207094,1,0.116839630231,0.377331938203,0.183863159097,0.379781772107,0.247564798099,-0.406935576863,0.103516663703,0.185651425878
0.22022022022,0.529049893469,1,0.484497892754,0.376771566133,0.183799929271,0.379237332094,0.247513734021,-0.0445520007158,0.103482047623,0.185546804285
0.221221221221,0.528705266658,0,0.860565088032,0.376178790058,0.183696913831,0.378659887568,0.247420625327,0.860565088032,0.103455799008,0.18545939616
0.222222222222,0.522563474304,0,2.06768665213,0.375553604672,0.183518073404,0.378049408633,0.247243186338,2.06768665213,0.103351087662,0.185283771713
0.223223223223,0.513346754706,0,0.0928040423647,0.37489656614,0.183147657277,0.377406456953,0.246894704584,0.0928040423647,0.103052181362,0.184936566755
0.224224224224,0.502720369748,0,1.11951041361,0.374208531212,0.182775337278,0.376731870895,0.246550860039,1.11951041361,0.10274877286,0.184590147114
0.225225225225,0.494596746624,0,-0.254491859267,0.373490496975,0.182302865144,0.376026651773,0.246097012501,-0.254491859267,0.102342601652,0.184130569446
0.226226226226,0.491132708164,0,-0.513214282887,0.372743224516,0.181862374424,0.375291527883,0.245688082511,-0.513214282887,0.101965789049,0.183712996631
0.227227227227,0.492296484439,1,-0.0767187372323,0.371967030675,0.181478752717,0.374526797109,0.24535132293,-0.569015221672,0.10164322993,0.183365620982
0.228228228228,0.500516711931,0,1.07688648542,0.37116178966,0.18111001029,0.373732270891,0.245039432716,1.07688648542,0.101380201928,0.183094082051
0.229229229229,0.515916560015,0,-0.847206990655,0.370326698505,0.180645442423,0.3729071209,0.244621437943,-0.847206990655,0.101018714802,0.182713187816
0.23023023023,0.536229272161,1,1.03720541982,0.369460264173,0.180269880442,0.372049782496,0.244305558708,0.500976147661,0.100743574446,0.182433927371
0.231231231231,0.561241866297,1,-3.34773296054,0.368560520549,0.179802301658,0.371158204755,0.243887265975,-3.90897482683,0.100425235767,0.182106453489
0.232232232232,0.59089683188,0,0.534781245585,0.367625048396,0.179663635453,0.370229844858,0.243636466151,0.534781245585,0.10048702934,0.181952188092
0.233233233233,0.620341714667,0,1.04319576564,0.366650980137,0.179480890227,0.369261714918,0.243337491616,1.04319576564,0.100502053268,0.181745655522
0.234234234234,0.647162862377,1,2.15437640971,0.365635464922,0.179205119378,0.368250886259,0.242935175053,1.50721354733,0.100421329441,0.181432501666
0.235235235235,0.671016091252,1,0.0251868328186,0.364575899646,0.178729688393,0.367194719723,0.242357919114,-0.645829258433,0.100200350485,0.180975301395
0.236236236236,0.689031988994,0,-0.0641802541744,0.363469961144,0.178259337271,0.366090820034,0.241793162296,-0.0641802541744,0.100046116601,0.180601428812
0.237237237237,0.70184499357,0,1.07037426654,0.362315881387,0.177803020812,0.364937347834,0.241251428368,1.07037426654,0.0999031358753,0.180247257221
0.238238238238,0.711566991687,1,-0.602728104853,0.361112386823,0.177251732546,0.363732950424,0.240603342887,-1.31429509654,0.0996624018363,0.179783617869
0.239239239239,0.723085125875,1,0.546361241148,0.359858496055,0.176765972344,0.362476687004,0.240035783628,-0.176723884727,0.0995527242393,0.179454364414
0.24024024024,0.735503636113,0,0.913221921307,0.358553051686,0.176235259419,0.36116734777,0.239417809236,0.913221921307,0.0994647280303,0.179157785628
0.241241241241,0.748242375125,0,1.46478073861,0.357194807328,0.175624154488,0.359803602753,0.238708317156,1.46478073861,0.0992935583081,0.178766402719
0.242242242242,0.761344828552,0,0.640621302402,0.355782483853,0.174879542628,0.358384163609,0.237858352502,0.640621302402,0.0989861001515,0.17823276855
0.243243243243,0.77526647356,0,-0.758760294007,0.354314765327,0.174080421142,0.356907761788,0.236946147131,-0.758760294007,0.0986213508618,0.1776331651
0.244244244244,0.787490133871,0,0.13396673219,0.352790254923,0.173360767895,0.355372928427,0.236127410703,0.13396673219,0.0983332555048,0.177126378921
0.245245245245,0.798219777324,1,0.805925012293,0.351207715778,0.172634642926,0.353778384946,0.235306406876,0.00770523496868,0.0980358413154,0.176613670126
0.246246246246,0.806638142007,0,1.39236566368,0.349566050652,0.171837591753,0.352123139229,0.234404121101,1.39236566368,0.0977412822992,0.176110410573
0.247247247247,0.811993992695,0,1.09901996738,0.347864379722,0.170913488773,0.350406221124,0.2333657325,1.09901996738,0.0973168614129,0.17546918347
0.248248248248,0.813331994056,0,1.06374788095,0.346102112216,0.169890627904,0.348627036357,0.232216140955,1.06374788095,0.0967909834453,0.174714254337
0.249249249249,0.811838041196,0,0.488934014172,0.344279037975,0.168772364824,0.346785443288,0.230958474251,0.488934014172,0.0961670778996,0.173848848065
0.25025025025,0.806216219379,0,1.05019775557,0.342395213465,0.167613606128,0.344881342198,0.229655023273,1.05019775557,0.0955000181073,0.172934143834
0.251251251251,0.797770496311,0,1.37567287375,0.340451082448,0.166360225221,0.342915271831,0.22824397457,1.37567287375,0.0947356442101,0.171909382557
0.252252252252,0.791646598647,0,0.53684587263,0.338447351107,0.164981411783,0.340887830088,0.226696999143,0.53684587263,0.0938431185035,0.170747102913
0.253253253253,0.785184357309,0,0.911970108787,0.336384498342,0.163558226099,0.338799492643,0.225098122263,0.911970108787,0.0929034738895,0.169529596482
0.254254254254,0.78226428117,0,-0.621125404817,0.33426303148,0.162054768087,0.336650772242,0.223405332613,-0.621125404817,0.0918808102839,0.168215586843
0.255255255255,0.784844853055,0,0.854432629319,0.332083113659,0.160618361045,0.334441734103,0.221793094952,0.854432629319,0.0909224282538,0.166981240218
0.256256256256,0.791151467686,1,0.199279869047,0.329844375829,0.159107466239,0.332172151631,0.220093321663,-0.591871598639,0.0898868484701,0.165656415486
0.257257257257,0.802963439973,0,0.707806587454,0.327546087033,0.157584829599,0.329841148392,0.21838187817,0.707806587454,0.0889128310596,0.164408656521
0.258258258258,0.81533266056,0,0.753335608983,0.325186982943,0.156001429756,0.327447679075,0.216598036592,0.753335608983,0.0878753868411,0.163085854752
0.259259259259,0.827647442623,0,0.869628613639,0.322765739793,0.154352908794,0.324990298575,0.214736747966,0.869628613639,0.0867701579008,0.161682838847
0.26026026026,0.8384793201,0,0.220398580361,0.320281031881,0.152628157526,0.322467899754,0.212785016708,0.220398580361,0.0855860350488,0.160187182209
0.261261261261,0.84390855091,0,0.928168101376,0.317731667754,0.150889412123,0.319879240774,0.210818375351,0.928168101376,0.0843852544583,0.158673860753
0.262262262262,0.842622363564,1,-2.16470474373,0.31511696626,0.149068646851,0.317223757983,0.208754792144,-3.00732710729,0.0830998765094,0.157061557288
0.263263263263,0.837026374449,1,3.73123146209,0.312436883267,0.147462672677,0.314501445425,0.206852446095,2.89420508764,0.0821076893835,0.155623082925
0.264264264264,0.82591954858,0,1.76560753342,0.3096917822,0.145505222787,0.311712615092,0.204753192023,1.76560753342,0.0808418890569,0.153993708548
0.265265265265,0.811744114735,0,0.372134028996,0.306882551725,0.143384862793,0.308858267736,0.202491961991,0.372134028996,0.0794106872523,0.152202432883
0.266266266266,0.793610895729,0,-0.0458113962062,0.304010374454,0.141235206356,0.305939417013,0.200196965231,-0.0458113962062,0.0779477908016,0.150374752824
0.267267267267,0.771332143385,0,0.391286372031,0.30107681522,0.139096040126,0.302957720889,0.197918486308,0.391286372031,0.0764930795268,0.148561607496
0.268268268268,0.74452867398,0,1.23504195437,0.298083841228,0.136925257325,0.299915130992,0.195603316264,1.23504195437,0.0750044466498,0.146709085578
0.269269269269,0.715295510171,0,-0.0654497257337,0.295033860071,0.134641929595,0.296813923494,0.193161861518,-0.0654497257337,0.0734010547934,0.144729451487
0.27027027027,0.68355367081,1,6.42127894622,0.29192951999,0.132370923287,0.293656848274,0.19073920188,5.73772527541,0.0718078612923,0.142766555613
0.271271271271,0.65090146866,0,1.02677104729,0.288773718133,0.129489449425,0.290446793858,0.188119407847,1.02677104729,0.0696676977958,0.140609305408
0.272272272272,0.622808773682,1,-0.898807297643,0.285569447202,0.126514913348,0.28718667892,0.185392181243,-1.52161607133,0.06743233503,0.138343056115
0.273273273273,0.599443796745,0,0.927800756258,0.282319270633,0.123631570583,0.283879197966,0.182769413809,0.927800756258,0.0653458036995,0.136222946164
0.274274274274,0.579591957809,1,0.298759001675,0.279025306506,0.120663974815,0.280526532747,0.180048302946,-0.280832956134,0.0631728523369,0.134003138571
0.275275275275,0.563286406538,0,0.29238788487,0.275689343388,0.117672592292,0.277130404164,0.177300726422,0.29238788487,0.0610295715895,0.131825278262
0.276276276276,0.548109201547,0,0.0275379086718,0.272312836178,0.114658120927,0.273692373075,0.174527060699,0.0275379086718,0.0588610189853,0.129619637376
0.277277277277,0.534073153447,0,0.403128653735,0.268897137096,0.111646221859,0.270213884124,0.171760029686,0.403128653735,0.0566928393965,0.127418743595
0.278278278278,0.520152811578,0,0.582081293895,0.265443492959,0.108600917488,0.266696205598,0.168953230928,0.582081293895,0.0544890389541,0.125176454159
0.279279279279,0.504354935033,0,0.18851162503,0.261953142277,0.105504933597,0.26314052669,0.166085166138,0.18851162503,0.0522324058413,0.122871285476
0.28028028028,0.488171141689,0,0.406204145786,0.25842750525,0.102395947283,0.25954839476,0.163203108422,0.406204145786,0.0499606795588,0.12055057489
0.281281281281,0.47002986933,0,0.342100950348,0.254868039054,0.0992529814597,0.255921357507,0.160279905796,0.342100950348,0.0476529419588,0.11818732411
0.282282282282,0.449252768806,0,0.643608547682,0.251276387305,0.0960819117177,0.252261104811,0.157323150371,0.643608547682,0.0453151855996,0.115789187221
0.283283283283,0.426128774215,0,0.742302399586,0.247654443941,0.0928534707425,0.248569543869,0.15429659929,0.742302399586,0.0429182011937,0.11332013777
0.284284284284,0.401910034404,0,1.43250147531,0.244004323868,0.0895580476096,0.244848902374,0.151188846392,1.43250147531,0.0404523778166,0.11076918823
0.285285285285,0.374836081869,1,1.14144503946,0.24032824121,0.086129267487,0.241101513945,0.147937504816,0.766608957595,0.0378513406362,0.108074979436
0.286286286286,0.348238130108,0,0.0126362356073,0.236628677609,0.0825951335702,0.237330010383,0.144565405753,0.0126362356073,0.0351790768239,0.105296028592
0.287287287287,0.321116991212,0,0.48774668524,0.232908062554,0.0790639965061,0.233536919505,0.141198947126,0.48774668524,0.0325079530508,0.102521775923
0.288288288288,0.293765957797,0,-0.33084455896,0.229168869752,0.0754902220245,0.229724781893,0.137779887624,-0.33084455896,0.0297923350467,0.0996937483153
0.289289289289,0.267501214493,0,0.0923668883536,0.225413589672,0.0719525061362,0.225896240706,0.134407349349,0.0923668883536,0.0271109271509,0.0969116936968
0.29029029029,0.242071453872,0,0.00284736628509,0.221644604623,0.0684102550495,0.222053820968,0.131030163529,0.00284736628509,0.0244231439002,0.0941239166386
0.291291291291,0.216718264176,0,0.908759027816,0.217864214428,0.0648718869903,0.218199986974,0.127658912252,0.908759027816,0.0217374628042,0.0913412355362
0.292292292292,0.189236639954,1,5.86104860376,0.214074710457,0.0612502112231,0.214337122346,0.124187758247,5.6718119638,0.0189667524106,0.0884582754091
0.293293293293,0.159665829624,0,-0.198198023633,0.210278588047,0.0570698415269,0.21046786396,0.120521256066,-0.198198023633,0.0156538503271,0.0853828224433
0.294294294294,0.12411439592,0,0.727006584208,0.206478543377,0.0529125247161,0.206594995898,0.116885267539,0.727006584208,0.0123623940522,0.0823374189313
0.295295295295,0.0844499263068,0,0.895020912856,0.202677847461,0.0486892613866,0.202722010162,0.113168311928,0.895020912856,0.00900338418158,0.079210604901
0.296296296296,0.0409989310013,0,0.290233813799,0.198880166885,0.0443836667446,0.198852755149,0.109352474128,0.290233813799,0.00556043592177,0.0759846159608
0.297297297297,-0.00444902771155,1,-1.0362791024,0.195089533031,0.0400538425345,0.194991493374,0.105506224381,-1.03183007469,0.00209165101695,0.0727274932015
0.298298298298,-0.0507613023432,1,-9.61316642692,0.191310170798,0.035827082778,0.19114260775,0.101775111488,-9.56240512457,-0.00127610361432,0.0695861761355
0.299299299299,-0.0963669318557,0,0.0800506796698,0.187546390161,0.0325264964447,0.187310548467,0.0982235734684,0.0800506796698,-0.00372416494526,0.066627967292
0.3003003003,-0.138686732376,0,0.0724019966635,0.183802435823,0.0292214967448,0.183499682466,0.094667799542,0.0724019966635,-0.00617824671969,0.0636647856406
0.301301301301,-0.176299062074,1,0.802240960082,0.180082239724,0.0259126759986,0.179714093839,0.0911085431814,0.978540022157,-0.0086377566172,0.0606971218342
0.302302302302,-0.208277216728,0,-0.370612457885,0.17638928474,0.0225300041893,0.175957363911,0.0874599192221,-0.370612457885,-0.0111896016298,0.0576223165257
0.303303303303,-0.236824506104,0,-0.75693630436,0.172726516089,0.0191863059845,0.172232476647,0.0838614073991,-0.75693630436,-0.013703969023,0.0545974201176
0.304304304304,-0.257225837915,1,-3.51863848376,0.169096552688,0.0159186639628,0.168542073839,0.0803543667988,-3.26141264584,-0.0161437603248,0.0516642552337
0.305305305305,-0.275947158191,0,-0.479503102203,0.165501234123,0.0129921024705,0.164887988812,0.077029558723,-0.479503102203,-0.018268644672,0.0489157324658
0.306306306306,-0.291668936427,0,-0.495243719592,0.161942240838,0.010114769114,0.161271976369,0.0737679365421,-0.495243719592,-0.0203457809752,0.0462299657774
0.307307307307,-0.306174788194,0,-0.908253541442,0.15842096663,0.0072881462629,0.157695513028,0.0705710293553,-0.908253541442,-0.0223736670407,0.0436084177529
0.308308308308,-0.32176074117,0,0.560450519955,0.154938689166,0.00455166894278,0.154159868542,0.0674803103375,0.560450519955,-0.0243128480188,0.0410934076704
0.309309309309,-0.337543504785,1,-6.85802521565,0.151496789923,0.00176426768828,0.150666355739,0.0643270168131,-6.52048171087,-0.0263043702093,0.0385148951475
0.31031031031,-0.350853129804,1,2.7428066337,0.14809666907,-0.000361833472361,0.147216466524,0.061358542237,3.0936597635,-0.0276683903359,0.0361238815547
0.311311311311,-0.360901384675,0,-1.25409562767,0.144739489303,-0.00274847408104,0.143811417618,0.0582058798376,-1.25409562767,-0.029328025654,0.0335478324035
0.312312312312,-0.36497959516,0,-0.785497464879,0.141426100486,-0.00501212231322,0.140452038427,0.0551881838741,-0.785497464879,-0.0308660330771,0.0311071127358
0.313313313313,-0.362438922367,1,-3.23270844358,0.138156779281,-0.00719798527756,0.13713857484,0.052266150267,-2.87026952122,-0.0323275900828,0.0287617420824
0.314314314314,-0.357973031502,0,0.00938894156157,0.134931165968,-0.00907150931053,0.133870824403,0.0495295489159,0.00938894156157,-0.0335129092023,0.0266018896546
0.315315315315,-0.349848584548,0,0.333387396224,0.131748713735,-0.0109442306269,0.130648304243,0.0467973858724,0.333387396224,-0.034698705129,0.0244451618886
0.316316316316,-0.343702170025,0,0.00770861140446,0.128608520583,-0.0128474008518,0.12747006899,0.0440291386787,0.00770861140446,-0.035916229488,0.022251477456
0.317317317317,-0.341161042777,0,-1.36635232671,0.125509869453,-0.0147498547576,0.124335544349,0.0412650302067,-1.36635232671,-0.0371343170516,0.0200605147955
0.318318318318,-0.342394625211,1,-1.38824634232,0.122452384358,-0.0165198000148,0.121244417273,0.038642582108,-1.04585171711,-0.0382211754905,0.0180116138952
0.319319319319,-0.347230653468,0,-1.10523190357,0.119436047318,-0.01815533142,0.118196557529,0.0361634691235,-1.10523190357,-0.0392077692223,0.0160807402812
0.32032032032,-0.355659747036,0,-0.769844253657,0.116461183021,-0.0196837167862,0.115192414132,0.033807638571,-0.769844253657,-0.0400884525661,0.0142729577276
0.321321321321,-0.363782312791,1,-0.329988653672,0.113528458763,-0.0211371246812,0.112232654903,0.0315453809344,0.0337936591186,-0.0408953502174,0.0125577628198
0.322322322322,-0.368661831112,0,0.359838509114,0.110638511185,-0.0225577783481,0.109317793615,0.029327922528,0.359838509114,-0.0417056082417,0.0108415233306
0.323323323323,-0.373662395973,0,-0.815733824244,0.107791665409,-0.0240121182665,0.106448299644,0.0270705638041,-0.815733824244,-0.0425507182598,0.00908422577205
0.324324324324,-0.374182330939,0,-0.679012380816,0.104988258087,-0.0253876508215,0.103624424556,0.0249103248625,-0.679012380816,-0.0433181606205,0.00742331781067
0.325325325325,-0.373790566131,0,-0.276427090802,0.102228195474,-0.0266975610179,0.100846092068,0.0228335690235,-0.276427090802,-0.0440210939941,0.00584482327873
0.326326326326,-0.371652534095,1,-1.11372984923,0.0995112957888,-0.0279803435144,0.0981131916594,0.0207943512025,-0.742077315131,-0.044697986705,0.00430295291835
0.327327327327,-0.368302121307,1,0.405135373762,0.0968372083768,-0.0291556703209,0.0954252532825,0.0188788720803,0.773437495069,-0.0453041891207,0.00284993717934
0.328328328328,-0.363472926542,0,-1.19932774645,0.0942054640412,-0.0303694836063,0.0927819925943,0.0169171019274,-1.19932774645,-0.0459852955611,0.00130911436091
0.329329329329,-0.358234943084,0,-0.061478295251,0.0916154484121,-0.0314678508122,0.090182652927,0.0150852688658,-0.061478295251,-0.0465519905346,-0.000102033284517
0.33033033033,-0.349720146722,1,-3.13068387618,0.0890665034575,-0.032560459165,0.087626679004,0.0132640508952,-2.78096372946,-0.0471139346518,-0.00150387875204
0.331331331331,-0.338675488659,1,6.509938145,0.0865576512735,-0.0333532749104,0.085113061542,0.0116288402051,6.84861363366,-0.0474106404075,-0.00272125369366
0.332332332332,-0.321429457025,0,0.235791238132,0.0840876653983,-0.0347720543485,0.0826405948643,0.00980787563515,0.235791238132,-0.0483668038232,-0.00412372517051
0.333333333333,-0.297268721945,0,-1.03861908095,0.0816547181796,-0.0362145766103,0.0802074681403,0.00796032048997,-1.03861908095,-0.0493476914431,-0.00555400003703
0.334334334334,-0.267795116957,1,-1.74807364219,0.0792563123808,-0.0375587478653,0.0778111549184,0.00622910095577,-1.48027852523,-0.0502312094368,-0.00686869269627
0.335335335335,-0.230976444731,0,0.207793407717,0.0768894352191,-0.038736905578,0.0754486543814,0.00465885311887,0.207793407717,-0.0509753426782,-0.00803645760054
0.336336336336,-0.192931262301,0,-1.18969351205,0.0745503634669,-0.0399371214224,0.0731161417173,0.00306434411215,-1.18969351205,-0.0517423599927,-0.00922942007314
0.337337337337,-0.157067506212,0,-0.9046583892,0.0722352512946,-0.0410254740491,0.0708097197546,0.0015970350583,-0.9046583892,-0.0523982438362,-0.0102958170389
0.338338338338,-0.123798776891,0,0.713448567957,0.0699404581105,-0.0420294599842,0.0685255918092,0.000233024008482,0.713448567957,-0.0529704285477,-0.0112597219749
0.339339339339,-0.0949400281013,1,-1.62490738987,0.067662589592,-0.0431043737351,0.0662602628423,-0.00121381330378,-1.52996736177,-0.0536142086345,-0.0123071588766
0.34034034034,-0.0726384021972,0,-0.183917971687,0.0653986739173,-0.0440256879723,0.0640106073767,-0.00250620528685,-0.183917971687,-0.054114170937,-0.0132053735164
0.341341341341,-0.0581282758595,0,0.196764948219,0.0631463694018,-0.0449317604284,0.0617741831385,-0.00377511698076,0.196764948219,-0.0545995590179,-0.0140811612123
0.342342342342,-0.048607758719,0,0.751257045667,0.060904084447,-0.0458593347195,0.059549296362,-0.00506780745163,0.751257045667,-0.0551071164932,-0.0149818220353
0.343343343343,-0.043729559106,0,0.693477836929,0.0586707097389,-0.0468618407405,0.0573347599988,-0.00644762444602,0.693477836929,-0.055690273258,-0.0159701996053
0.344344344344,-0.0408426216595,0,-0.36171877929,0.0564455848239,-0.0479340399317,0.0551298888882,-0.00790870223143,-0.36171877929,-0.0563437907526,-0.0170405308431
0.345345345345,-0.0368248661171,0,0.816134992947,0.0542282425752,-0.0489750163008,0.052934098964,-0.00932614775567,0.816134992947,-0.0569667529846,-0.0180681964622
0.346346346346,-0.031934816736,0,0.510778807125,0.0520181074984,-0.0500980630672,0.0507468624129,-0.0108379106782,0.510778807125,-0.0576724531733,-0.0191907264069
0.347347347347,-0.0238845046117,0,-0.684037640395,0.0498145183463,-0.0512740123042,0.0485673354037,-0.0124119286881,-0.684037640395,-0.0584317233923,-0.0203762553442
0.348348348348,-0.00890124498104,0,-0.385105056274,0.0476165068072,-0.0523882157008,0.0463946279817,-0.0139065871855,-0.385105056274,-0.0591299153304,-0.0214834295721
0.349349349349,0.00981090414943,0,0.583755141015,0.0454224343,-0.0534694716856,0.0442268495508,-0.0153558743946,0.583755141015,-0.0597958274162,-0.0225459636328
0.35035035035,0.0306435804777,0,-0.781735517243,0.0432302994648,-0.0546109673736,0.0420620399791,-0.0168760192964,-0.781735517243,-0.0605226467647,-0.0236799055995
0.351351351351,0.0504713406978,0,0.525411002861,0.0410378928657,-0.0556819603182,0.0398977317856,-0.0183076254232,0.525411002861,-0.0611796309294,-0.0247262973893
0.352352352352,0.0691693729111,1,-6.42193155366,0.0388430977416,-0.056808411031,0.0377317961512,-0.0198045496904,-6.49110092657,-0.0618927404218,-0.0258386703822
0.353353353353,0.0861956485846,0,-0.55007058561,0.0366439026675,-0.0573237167618,0.0355620397393,-0.021116563276,-0.55007058561,-0.0619887322851,-0.0267663556753
0.354354354354,0.100698097454,0,-0.344765488526,0.0344384535612,-0.0577916893756,0.033386550794,-0.0223659039939,-0.344765488526,-0.0620380072823,-0.0276321614545
0.355355355355,0.114156613697,1,1.88408630408,0.032225135028,-0.058231824072,0.031203612376,-0.0235763178868,1.76992969038,-0.0620599558673,-0.0284599017602
0.356356356356,0.125843881897,1,-0.0687607341561,0.0300024277055,-0.0588578874748,0.0290116205515,-0.0249515124784,-0.194604616054,-0.0622573322792,-0.0294482621822
0.357357357357,0.134391546463,0,0.52608248285,0.0277689771858,-0.0594830610822,0.0268091685407,-0.0263215263895,0.52608248285,-0.062442136443,-0.0304167681328
0.358358358358,0.14052502087,0,0.506426603759,0.0255237246414,-0.0601652422988,0.0245951055902,-0.0277575849309,0.506426603759,-0.0626842870754,-0.0314521694343
0.359359359359,0.144226570092,0,0.275402092836,0.023265837386,-0.0609028638407,0.0223686070444,-0.0292580499193,0.275402092836,-0.0629822168924,-0.0325524043869
0.36036036036,0.145087751533,0,0.538126556892,0.0209947115062,-0.0616740703197,0.0201289609506,-0.0307966128055,0.538126556892,-0.0633140705058,-0.0336913879958
0.361361361361,0.144487969409,1,0.637197956786,0.0187100124358,-0.0625043770865,0.0178758982016,-0.0324035942368,0.492709987376,-0.0637053632662,-0.0348995181537
0.362362362362,0.145850380365,1,3.20016624876,0.0164115441281,-0.0634034184397,0.0156091000754,-0.0340899996298,3.05431586839,-0.0641518587383,-0.0361720061956
0.363363363363,0.150019180175,1,-2.06653059162,0.0140989224218,-0.0646173769725,0.013328272812,-0.035960702687,-2.2165497718,-0.0648996087247,-0.0376283741562
0.364364364364,0.158935496761,0,1.04167825709,0.0117714958039,-0.0656409896179,0.0110326063973,-0.0376638860905,1.04167825709,-0.0654429499569,-0.0389142727318
0.365365365365,0.174480906492,0,0.306792567953,0.00942816063847,-0.0667729084732,0.00872107664682,-0.0394844585151,0.306792567953,-0.0660949362583,-0.0403181405034
0.366366366366,0.192079555,0,0.136855529381,0.007067181539,-0.067942667172,0.00639174074042,-0.0413473896589,0.136855529381,-0.0667850478468,-0.0417650101482
0.367367367367,0.209303125348,0,-0.770885009277,0.00468663069058,-0.0691341143675,0.00404274553244,-0.0432325674241,-0.770885009277,-0.0674970799595,-0.0432348770057
0.368368368368,0.222697921986,0,0.293931576815,0.00228462061709,-0.0702604664995,0.00167200399051,-0.045034738417,0.293931576815,-0.0681442490365,-0.0446222763699
0.369369369369,0.231084344807,0,0.422027654987,-0.000140365016948,-0.0714242623393,-0.000721921552156,-0.0468786736535,0.422027654987,-0.0688290938487,-0.0460522569691
0.37037037037,0.232367458976,0,0.354201599638,-0.00258935950326,-0.0726381544046,-0.00314021364956,-0.0487799952178,0.354201599638,-0.0695642669144,-0.0475400023722
0.371371371371,0.22841141736,0,-0.592168424958,-0.00506271360845,-0.0738960511828,-0.00558312702733,-0.0507312412562,-0.592168424958,-0.0703436767204,-0.0490782891369
0.372372372372,0.221101824708,0,-1.18882557497,-0.00756027615083,-0.0751073482798,-0.00805061384761,-0.052619984743,-1.18882557497,-0.0710767188729,-0.0505548123103
0.373373373373,0.213901255692,0,-0.312723476216,-0.0100815761029,-0.0762150043401,-0.0105421092427,-0.0543899668477,-0.312723476216,-0.0717063520163,-0.0519131441586
0.374374374374,0.208463434689,0,0.0011372916864,-0.0126261551508,-0.0773034493889,-0.0130572250302,-0.0561305225762,0.0011372916864,-0.072317006176,-0.0532427858502
0.375375375375,0.203808722258,0,0.0288605789789,-0.0151937262101,-0.0784032226554,-0.0155956178703,-0.0578806661112,0.0288605789789,-0.072939220581,-0.0545824192771
0.376376376376,0.201389800351,0,-1.66208230367,-0.0177840782077,-0.079517470168,-0.0181571182792,-0.059644230694,-1.66208230367,-0.0735761412597,-0.0559358740415
0.377377377377,0.199541290831,0,0.906997752375,-0.020397214111,-0.0804841092837,-0.0207417047587,-0.0612603554368,0.906997752375,-0.0740656855693,-0.0571428931933
0.378378378378,0.195778542716,0,0.795470045218,-0.0230331897937,-0.0815498633934,-0.0233494568623,-0.0629859493958,0.795470045218,-0.0746545207751,-0.0584597950705
0.379379379379,0.191769195295,0,0.503939978736,-0.0256918741272,-0.0827042253821,-0.0259802619567,-0.0648107285264,0.503939978736,-0.0753320836368,-0.0598763770039
0.38038038038,0.184342929884,0,0.147894383114,-0.028373108135,-0.0839193482563,-0.0286339074501,-0.066704942548,0.147894383114,-0.076070527161,-0.0613628339434
0.381381381381,0.17435513856,0,-0.255531736062,-0.0310764000889,-0.0851610613625,-0.0313099811338,-0.0686278135853,-0.255531736062,-0.0768356248476,-0.0628780984629
0.382382382382,0.162009840184,0,0.541096738146,-0.0338010077002,-0.0863906288844,-0.0340076464603,-0.0705302103329,0.541096738146,-0.0775885320993,-0.0643732142231
0.383383383383,0.147340500745,0,0.77689135586,-0.0365459577281,-0.0876845930324,-0.0367259789437,-0.0725064597918,0.77689135586,-0.0784057381917,-0.0659421651324
0.384384384384,0.131512441907,0,0.35915700817,-0.0393100491634,-0.0890657081014,-0.0394637082729,-0.074580218703,0.35915700817,-0.0793099974195,-0.0676089019055
0.385385385385,0.113807971083,0,-0.19307609057,-0.042091965318,-0.090494041179,-0.0422195092701,-0.0767078069409,-0.19307609057,-0.0802613768705,-0.0693296077948
0.386386386386,0.0953022464826,0,-0.62649429705,-0.0448902049388,-0.0919167740398,-0.0449918689674,-0.0788235182646,-0.62649429705,-0.0812070583192,-0.0710383414031
0.387387387387,0.0792644578628,0,0.018330282438,-0.047703185465,-0.0932922927761,-0.0477791060232,-0.0808768846977,0.018330282438,-0.0821054278581,-0.0726850047501
0.388388388388,0.0666440164303,0,-0.435045195886,-0.0505295569044,-0.0946824805404,-0.0505799163609,-0.0829444342077,-0.435045195886,-0.0830183686394,-0.0743456864799
0.389389389389,0.0608187595692,0,0.783265809416,-0.0533682924555,-0.0960440633668,-0.05339319581,-0.0849717460554,0.783265809416,-0.0839026066973,-0.0759662883284
0.39039039039,0.0590161152315,0,0.0919362171725,-0.0562190125143,-0.0974941221983,-0.0562185974524,-0.0870982652146,0.0919362171725,-0.084875222975,-0.0776861992857
0.391391391391,0.0610962884807,0,-0.605736886779,-0.0590817186329,-0.0989664494248,-0.0590561508286,-0.0892483106826,-0.605736886779,-0.0858700098622,-0.0794297551015
0.392392392392,0.0628809834572,1,0.135922088045,-0.0619567802255,-0.100394805332,-0.0619062066749,-0.0913400874608,0.0730411045882,-0.0868206881281,-0.0811148889641
0.393393393393,0.0619540439445,1,4.66450817393,-0.0648445339595,-0.101851104039,-0.064769198567,-0.0934619720009,4.60255412998,-0.0877930958506,-0.0828227087082
0.394394394394,0.0548790823744,0,0.0448871689923,-0.0677450516612,-0.103770279422,-0.0676451596606,-0.0957689196892,0.0448871689923,-0.0892222108792,-0.0847166137263
0.395395395395,0.0414003427238,0,-1.2445123446,-0.0706578103595,-0.105709063798,-0.070533592893,-0.0980951184553,-1.2445123446,-0.0906706680609,-0.0866297923006
0.396396396396,0.0211248871808,0,0.610872389141,-0.0735816677059,-0.107543974582,-0.073433348676,-0.100303209277,0.610872389141,-0.0920149848098,-0.0884252572752
0.397397397397,-0.00298582455057,0,-1.07774237076,-0.0765148238182,-0.109453244971,-0.0763425291905,-0.10259500373,-1.07774237076,-0.0934333943239,-0.0903045180438
0.398398398398,-0.0302883737753,0,-0.557412751809,-0.0794551050287,-0.11127487749,-0.0792589600802,-0.104782565989,-0.557412751809,-0.0947638991286,-0.0920799447714
0.399399399399,-0.0565474534778,0,0.643770648105,-0.0824000250199,-0.113059784079,-0.0821800413833,-0.10691888621,0.643770648105,-0.0960573838655,-0.0938039692057
0.4004004004,-0.0788111757685,0,-0.80751944496,-0.0853471910519,-0.114924137431,-0.0851033012914,-0.109142736104,-0.80751944496,-0.0974299939312,-0.0956158555684
0.401401401401,-0.0950281580432,0,0.668724064131,-0.0882945872019,-0.116728602541,-0.0880267120495,-0.111288824342,0.668724064131,-0.0987423943213,-0.0973499684901
0.402402402402,-0.106438625639,1,0.68894644662,-0.0912407718368,-0.118615077114,-0.0909487480341,-0.113525083588,0.795385072259,-0.100136482741,-0.0991744561463
0.403403403403,-0.112935853992,0,-0.549589815447,-0.0941847597737,-0.12058575794,-0.0938684410194,-0.115853878392,-0.549589815447,-0.101624674006,-0.101101769228
0.404404404404,-0.115151245895,0,0.129178055164,-0.0971260337861,-0.122521824262,-0.0967852807007,-0.118133122669,0.129178055164,-0.103077929332,-0.102979560295
0.405405405405,-0.116686584798,1,1.54120430167,-0.100064484758,-0.12448839386,-0.0996991351191,-0.120444051907,1.65789088646,-0.104561366501,-0.104888741868
0.406406406406,-0.119454128482,1,-4.42040301785,-0.103000066446,-0.126621178931,-0.102610042963,-0.122908030725,-4.30094888937,-0.106221899532,-0.106957377762
0.407407407407,-0.125559727733,0,0.269704053236,-0.105932611924,-0.128347956337,-0.105517804647,-0.125191614596,0.269704053236,-0.107487570967,-0.108847060737
0.408408408408,-0.132973244111,0,-1.7006302352,-0.108861631,-0.130118836754,-0.108421947787,-0.12752250684,-1.7006302352,-0.10879702398,-0.110784301098
0.409409409409,-0.138758998856,0,0.00656143562701,-0.111786504726,-0.131744672797,-0.111321880498,-0.129706836146,0.00656143562701,-0.109961111186,-0.112575645754
0.41041041041,-0.145046297673,0,-0.738754046207,-0.114706767295,-0.13338930598,-0.114217099852,-0.131907439899,-0.738754046207,-0.111143674097,-0.114383428659
0.411411411411,-0.148307011286,0,0.513219759037,-0.117621902475,-0.134981137936,-0.117107132533,-0.134038005957,0.513219759037,-0.112273114348,-0.116121033081
0.412412412412,-0.149910480646,0,-0.907991310726,-0.120531683355,-0.136640347759,-0.119991751414,-0.136242600977,-0.907991310726,-0.113469611031,-0.117932867244
0.413413413413,-0.149217736205,0,-0.181542889554,-0.123436042158,-0.138230549063,-0.122870890995,-0.138359857636,-0.181542889554,-0.114596758846,-0.119657531891
0.414414414414,-0.149315952672,1,3.33637401853,-0.126335132034,-0.139821544699,-0.125744780162,-0.140471478953,3.48568997121,-0.115724323321,-0.121376273331
0.415415415415,-0.145428032755,0,0.778223468726,-0.129229030182,-0.141750987565,-0.128613475708,-0.142762555914,0.778223468726,-0.117204273169,-0.123276840227
0.416416416416,-0.14095741896,0,-0.400580704872,-0.132118195511,-0.143773423332,-0.131477511472,-0.145152994152,-0.400580704872,-0.118776819842,-0.125277419637
0.417417417417,-0.135570932041,0,-0.834440683216,-0.135003140453,-0.1457757649,-0.134337439275,-0.14751148815,-0.834440683216,-0.12032887624,-0.127245734838
0.418418418418,-0.129423369113,1,0.515268260278,-0.137884461452,-0.147716390917,-0.137193870029,-0.149789994888,0.644691629391,-0.121818821013,-0.129134224334
0.419419419419,-0.122387732934,0,-0.207989534334,-0.140762822649,-0.149724869938,-0.140047575177,-0.152142790654,-0.207989534334,-0.123388647259,-0.131110113902
0.42042042042,-0.112474927967,0,-0.165632255095,-0.143638967119,-0.151731797328,-0.142899294231,-0.154486887394,-0.165632255095,-0.124956498216,-0.1330770557
0.421421421421,-0.10211214915,0,-0.0427585670087,-0.146513907421,-0.153741265205,-0.145750130564,-0.156827671747,-0.0427585670087,-0.126526410987,-0.135040201243
0.422422422422,-0.0942140972478,0,0.923358537432,-0.14938869249,-0.155764877282,-0.148601204075,-0.159179699178,0.923358537432,-0.128109961858,-0.137014194984
0.423423423423,-0.0878096993503,0,-0.857094353894,-0.152264128582,-0.15789533564,-0.151453338562,-0.161643287642,-0.857094353894,-0.12979985291,-0.13910039056
0.424424424424,-0.0831561169345,0,0.595167244695,-0.155140873832,-0.15996183004,-0.154307289927,-0.164025020027,0.595167244695,-0.131425273904,-0.14110453187
0.425425425425,-0.080338456686,0,-0.275651189046,-0.158019414803,-0.162103941367,-0.157163539278,-0.166489241041,-0.275651189046,-0.133125805724,-0.143191285725
0.426426426426,-0.0800473514342,0,-0.761773874517,-0.160900059486,-0.164238082748,-0.160022442064,-0.168937244712,-0.761773874517,-0.134817838537,-0.145261379781
0.427427427427,-0.0811773802055,0,-0.915963584554,-0.163782871628,-0.166317569503,-0.162884104203,-0.171314037641,-0.915963584554,-0.136454664703,-0.147259829913
0.428428428428,-0.0812490783951,0,-0.271749264384,-0.166667776917,-0.168327724464,-0.165748434487,-0.17360381835,-0.271749264384,-0.138021607055,-0.149171258399
0.429429429429,-0.0768399587311,0,1.01481265264,-0.169554800667,-0.170330582467,-0.168615523844,-0.175878989652,1.01481265264,-0.139580702732,-0.151067211538
0.43043043043,-0.0703592100565,0,-0.181192646811,-0.172444395687,-0.172449827401,-0.171485829442,-0.178272836887,-0.181192646811,-0.141255637927,-0.153082921665
0.431431431431,-0.0588020453454,0,1.52086939697,-0.175337210518,-0.174570686525,-0.17436004485,-0.180663136011,1.52086939697,-0.142931639899,-0.155094194729
0.432432432432,-0.0434546753073,0,-0.51379706981,-0.178234377737,-0.176856610161,-0.177239390454,-0.183201185473,-0.51379706981,-0.14477215897,-0.157255062713
0.433433433433,-0.0251485228783,0,-0.324178788325,-0.181137390641,-0.179112280364,-0.180125386844,-0.185696365375,-0.324178788325,-0.146581865288,-0.15937231615
0.434434434434,-0.00629745285162,1,0.452225491972,-0.184048023785,-0.181355886641,-0.183019919144,-0.188170702197,0.458522944824,-0.148378936452,-0.161468318085
0.435435435435,0.0103599319272,0,0.450744677478,-0.186968101707,-0.183661906754,-0.185924861465,-0.190713710486,0.450744677478,-0.150238454777,-0.163633410296
0.436436436436,0.023341162568,1,-1.63397316332,-0.18989923648,-0.186029980023,-0.188841861065,-0.193324661466,-1.65731432589,-0.152159455028,-0.165866511759
0.437437437437,0.0299970349213,0,-1.08712288761,-0.192842685654,-0.188259774211,-0.191772269426,-0.195792318833,-1.08712288761,-0.153939358931,-0.167955707896
0.438438438438,0.0295492877796,0,0.625103991674,-0.195799098415,-0.190403539901,-0.194716701185,-0.19815681708,0.625103991674,-0.155632652494,-0.169941766986
0.439439439439,0.0223156839394,1,0.392913194005,-0.198768441623,-0.192625544161,-0.197675154138,-0.200606128418,0.370597510066,-0.157403602784,-0.172012846221
0.44044044044,0.0140520882741,0,-0.279221050754,-0.201750031246,-0.194903484107,-0.20064695195,-0.203116746766,-0.279221050754,-0.159227764629,-0.174142659269
0.441441441441,0.00648654135647,0,-0.243794164346,-0.204743085907,-0.197172741231,-0.203631270773,-0.205611637155,-0.243794164346,-0.161042661809,-0.176256198436
0.442442442442,0.00148109248216,0,-0.591268341989,-0.207746893814,-0.199436758091,-0.206627426501,-0.208095137924,-0.591268341989,-0.162851752245,-0.17835756486
0.443443443443,-0.00147940021702,0,0.413007494649,-0.210760992921,-0.201662179882,-0.209634936488,-0.210526925427,0.413007494649,-0.164621696491,-0.18040663694
0.444444444444,-0.00119511721427,0,0.0878098396904,-0.21378512251,-0.203945326341,-0.212653527125,-0.2130224498,0.0878098396904,-0.166448814284,-0.182519411929
0.445445445445,0.00340242481675,0,-0.898231432055,-0.216819338984,-0.206255024393,-0.215683303408,-0.215545954925,-0.898231432055,-0.168301899546,-0.18465962954
0.446446446446,0.00821508984852,0,0.758015959003,-0.219864118507,-0.208496802535,-0.218724723594,-0.217985340264,0.758015959003,-0.170086411386,-0.186715225039
0.447447447447,0.0110776535833,0,-0.0341154493858,-0.222919962506,-0.210829772876,-0.221778295181,-0.220521366352,-0.0341154493858,-0.171961425522,-0.188867978804
0.448448448448,0.0126374699659,1,2.10595255514,-0.225987188146,-0.21317847463,-0.224844391109,-0.223072142654,2.09331508517,-0.173851501453,-0.1910346938
0.449449449449,0.0116180625834,1,-2.0134563529,-0.229065988956,-0.215748919694,-0.227923155889,-0.225784254547,-2.02507441549,-0.175961480003,-0.193365463404
0.45045045045,0.00337566919426,0,0.101344723398,-0.232156310777,-0.218145351367,-0.231014545042,-0.228334116138,0.101344723398,-0.177895702555,-0.195534928592
0.451451451451,-0.00775084302251,0,-0.0130714906229,-0.235257404939,-0.220570502826,-0.234117834955,-0.230913487436,-0.0130714906229,-0.179857996006,-0.197733491105
0.452452452452,-0.023253182919,0,0.0669296571566,-0.238368244461,-0.223013615253,-0.237231921,-0.233509699968,0.0669296571566,-0.18183755387,-0.1999482843
0.453453453453,-0.0415841363889,1,4.70805799368,-0.24148738069,-0.22548217205,-0.240355345084,-0.236131828525,4.74964213007,-0.18384176379,-0.202188388511
0.454454454454,-0.0596043361153,0,-0.208814540245,-0.24461309182,-0.228421294556,-0.243486383408,-0.238921954273,-0.208814540245,-0.186319672498,-0.204600497127
0.455455455455,-0.0776379996618,0,-0.271514945617,-0.247743684092,-0.231359014061,-0.246623247655,-0.241705232426,-0.271514945617,-0.188795300681,-0.207004867151
0.456456456456,-0.0938710004907,0,0.351474239532,-0.250877460184,-0.234289317566,-0.249764222602,-0.244474220781,0.351474239532,-0.191262635341,-0.209394500431
0.457457457457,-0.10755365557,0,-1.06897401997,-0.254012892621,-0.237271954996,-0.252907780375,-0.247300105549,-1.06897401997,-0.193781411813,-0.211840608468
0.458458458458,-0.115615253506,0,-0.969009064949,-0.257148695263,-0.240170526018,-0.256052550456,-0.250024748463,-0.969009064949,-0.196215215174,-0.214185567777
0.459459459459,-0.119514079093,1,-1.32049036613,-0.2602841184,-0.242994517666,-0.259197791437,-0.252657931848,-1.20097628704,-0.198573491429,-0.216438499701
0.46046046046,-0.11771629506,1,0.328793997915,-0.26341880978,-0.245709911005,-0.262343188432,-0.255168044383,0.446510292975,-0.200833653873,-0.218578277072
0.461461461461,-0.113379322554,0,0.169731442772,-0.266552963047,-0.248474940454,-0.265488898761,-0.257732173946,0.169731442772,-0.203153764339,-0.220784025908
0.462462462462,-0.110520005309,0,0.814553472885,-0.269687016009,-0.251274558861,-0.268635400095,-0.260333593073,0.814553472885,-0.205507475001,-0.223026533378
0.463463463463,-0.111093577221,0,0.803435054016,-0.272821266698,-0.254170837855,-0.271783048282,-0.26303418811,0.803435054016,-0.207956857488,-0.225369152307
0.464464464464,-0.118876191179,0,-0.0350562079623,-0.275955686614,-0.257162762738,-0.274931771535,-0.265833159205,-0.0350562079623,-0.210500897102,-0.227810996517
0.465465465465,-0.133015272149,0,0.155417674038,-0.279089558434,-0.260169798965,-0.278080852844,-0.268645997358,0.155417674038,-0.213059059298,-0.230266019884
0.466466466466,-0.149927916775,0,-0.11710525228,-0.282221558117,-0.26321009492,-0.281228979344,-0.27149447311,-0.11710525228,-0.215649447121,-0.232756165736
0.467467467467,-0.170289289694,0,0.652458326459,-0.285350098654,-0.266257343303,-0.284374477354,-0.274347398678,0.652458326459,-0.218245735671,-0.235249716
0.468468468468,-0.188217224729,0,0.392916391346,-0.28847326463,-0.269384546919,-0.287515389147,-0.27728490275,0.392916391346,-0.220920935278,-0.23782865297
0.469469469469,-0.199723426164,1,-1.96059250011,-0.291589376485,-0.272566154491,-0.290650033584,-0.280282564847,-1.76086907394,-0.223649502558,-0.240467542477
0.47047047047,-0.208405350866,0,-0.630202735408,-0.294697372881,-0.275576519589,-0.293777279378,-0.283117150741,-0.630202735408,-0.226224942212,-0.242954408584
0.471471471471,-0.213692768773,0,-0.420265869752,-0.297796464778,-0.278543453354,-0.296896329718,-0.285896532671,-0.420265869752,-0.228755791013,-0.245385011374
0.472472472472,-0.217956779834,1,0.778228315059,-0.30088618956,-0.281487061353,-0.300006762499,-0.28864513926,0.996185094893,-0.23126210374,-0.247783603953
0.473473473473,-0.223765569907,0,-0.0794167787074,-0.303966182547,-0.284521874978,-0.303108166229,-0.291488562129,-0.0794167787074,-0.233879363485,-0.250294395115
0.474474474474,-0.235328718807,0,-0.26170901245,-0.307035930037,-0.287565078349,-0.306200031301,-0.294341133628,-0.26170901245,-0.236503858699,-0.252813151787
0.475475475475,-0.252367290257,0,0.556577948617,-0.31009436515,-0.290599273656,-0.30928131422,-0.297181662067,0.556577948617,-0.23911819157,-0.255318744279
0.476476476476,-0.276723927132,1,0.264967328088,-0.313139895021,-0.293702990312,-0.312350325695,-0.300098270704,0.541691255219,-0.241800891512,-0.25790067006
0.477477477477,-0.305794085535,0,-0.819141285234,-0.316170224892,-0.29684809555,-0.315404724225,-0.303062265861,-0.819141285234,-0.244550391044,-0.260557376729
0.478478478478,-0.338249874202,0,0.467281783298,-0.319182609077,-0.299930447506,-0.318441724128,-0.305950735368,0.467281783298,-0.247235935755,-0.263137410276
0.479479479479,-0.370423699544,0,-0.511585605168,-0.322173979812,-0.303073558852,-0.3214580972,-0.308906858198,-0.511585605168,-0.249980991059,-0.265784961626
0.48048048048,-0.399038784445,0,-1.37659511254,-0.325141300891,-0.306183381313,-0.32445075594,-0.311822051436,-1.37659511254,-0.25269150868,-0.268389968736
0.481481481481,-0.422986633133,0,0.229948553032,-0.328081883366,-0.309176793437,-0.327416948369,-0.314609637366,0.229948553032,-0.255284315689,-0.270867185004
0.482482482482,-0.444357667594,0,-0.1417046392,-0.330993493156,-0.312207680643,-0.330354332275,-0.31744075349,-0.1417046392,-0.257913192148,-0.273386889409
0.483483483483,-0.461761616324,0,0.169026500819,-0.333874151538,-0.315239998516,-0.333260929057,-0.320273624439,0.169026500819,-0.260542039763,-0.275907106911
0.484484484484,-0.478722102274,0,-0.358632210194,-0.336722269068,-0.318303693778,-0.336135084986,-0.323143508984,-0.358632210194,-0.263200805256,-0.278463305936
0.485485485485,-0.496676752623,0,-0.149751585772,-0.339536306892,-0.321348377835,-0.338975215618,-0.32599067425,-0.149751585772,-0.265839037907,-0.280995100525
0.486486486486,-0.514139474906,0,-0.953278662745,-0.342314638187,-0.324394197905,-0.341779711667,-0.328839470967,-0.953278662745,-0.268476772588,-0.28352710083
0.487487487487,-0.534708454966,0,-0.352229307112,-0.34505569015,-0.327363977156,-0.34454688885,-0.331599861034,-0.352229307112,-0.271036782247,-0.285969003369
0.488488488488,-0.555314414529,0,-0.784952928435,-0.347757597882,-0.33031542717,-0.347274896167,-0.334338711967,-0.784952928435,-0.273576778469,-0.288387694752
0.489489489489,-0.576537380562,0,-0.935891424899,-0.350418498486,-0.333206954314,-0.349961805263,-0.33700718424,-0.935891424899,-0.276055099307,-0.290733996078
0.49049049049,-0.59681534409,0,-1.30049928402,-0.353036475301,-0.336023943273,-0.352605660455,-0.339589303179,-1.30049928402,-0.278456991723,-0.292992146439
0.491491491491,-0.618224092736,0,-0.807299941964,-0.355609708283,-0.338731317725,-0.35520463854,-0.342050788454,-0.807299941964,-0.28074730998,-0.295128374657
0.492492492492,-0.640137942409,0,-1.47366108614,-0.358136274888,-0.341376587877,-0.3577567376,-0.344439905781,-1.47366108614,-0.282973564284,-0.297190048222
0.493493493493,-0.662743367165,0,-0.278507309207,-0.360614209827,-0.343895992925,-0.360260031655,-0.346695010288,-0.278507309207,-0.28507199383,-0.299116807502
0.494494494494,-0.687676155781,0,-1.37919033271,-0.363041486898,-0.346404261571,-0.362712393875,-0.348938353455,-1.37919033271,-0.287157327322,-0.301029396714
0.495495495495,-0.713787926147,0,-0.743786092956,-0.365415861284,-0.348795719519,-0.36511164524,-0.351055166275,-0.743786092956,-0.289123890463,-0.302814354635
0.496496496496,-0.742174309993,1,-1.30106253382,-0.367734978904,-0.351131537251,-0.367455342666,-0.353107253658,-0.55888822383,-0.291032777106,-0.304532077234
0.497497497497,-0.769011047282,1,0.425446050303,-0.369996270848,-0.353358511221,-0.369741008213,-0.355040032339,1.19445709759,-0.292901955241,-0.306203787358
0.498498498498,-0.793036349738,0,-0.601311241785,-0.372197320059,-0.355642648529,-0.371966159864,-0.357037760538,-0.601311241785,-0.294900008274,-0.30799783334
0.499499499499,-0.813235971408,0,-0.386106272346,-0.374335981852,-0.357885481151,-0.374128761192,-0.358987809915,-0.386106272346,-0.296854643712,-0.309741204163
0.500500500501,-0.829465519887,0,-0.949923721787,-0.376410480608,-0.360107807242,-0.376226988552,-0.360914963109,-0.949923721787,-0.298786659708,-0.31145918882
0.501501501502,-0.842324524664,0,-0.925342038479,-0.378419422543,-0.362255577569,-0.378259539405,-0.362756908577,-0.925342038479,-0.300642002311,-0.313089405716
0.502502502503,-0.851437784179,0,-0.142184140815,-0.380361736928,-0.364331281734,-0.38022530742,-0.364516321108,-0.142184140815,-0.302423156403,-0.314634516404
0.503503503504,-0.856224907603,0,-0.9266506439,-0.382236711374,-0.366410178665,-0.3821236038,-0.366281739565,-0.9266506439,-0.304205376048,-0.316183293391
0.504504504505,-0.858258950329,0,0.0363007558921,-0.384044046785,-0.368417069738,-0.383954135311,-0.367965092736,0.0363007558921,-0.305913457758,-0.317647325236
0.505505505506,-0.8556370524,1,-0.564763102313,-0.38578370579,-0.370444541284,-0.385716794991,-0.3696749693,0.290873950087,-0.307639987862,-0.319135656958
0.506506506507,-0.851544195056,0,-1.56994492632,-0.387456095484,-0.372434995185,-0.387412030872,-0.37134285766,-1.56994492632,-0.309409508744,-0.320675991577
0.507507507508,-0.849550725597,0,-0.573969029739,-0.389061762069,-0.374292111278,-0.389040299579,-0.372872589538,-0.573969029739,-0.311043483789,-0.322076634333
0.508508508509,-0.851466779709,0,-0.633514399979,-0.390601048921,-0.376111620116,-0.390601904507,-0.374359696591,-0.633514399979,-0.312637567602,-0.323431526854
0.50950950951,-0.860353344496,0,-0.550591096597,-0.39207392337,-0.377887997789,-0.392096853349,-0.375797767347,-0.550591096597,-0.314186236272,-0.324734334716
0.510510510511,-0.876089660381,0,-1.45700229787,-0.393479682665,-0.379629309978,-0.393524416854,-0.377196648712,-1.45700229787,-0.315697555481,-0.325994720585
0.511511511512,-0.897038541763,1,-0.370758648781,-0.394816965246,-0.381248507494,-0.394883256825,-0.37846612375,0.526279892982,-0.317084476037,-0.327123855108
0.512512512513,-0.921103887128,0,-0.932560719049,-0.396083907009,-0.382849936297,-0.396171637652,-0.379717143604,-0.932560719049,-0.318537458915,-0.328328294178
0.513513513514,-0.9446423558,0,-1.31637947092,-0.397278340678,-0.384379374119,-0.397387467462,-0.380886791646,-1.31637947092,-0.319916096623,-0.329448345993
0.514514514515,-0.962592740939,0,-0.563619816449,-0.398398143749,-0.385799955952,-0.398528741237,-0.381938393287,-0.563619816449,-0.321183373588,-0.330447995419
0.515515515516,-0.970543983542,1,-2.85134739144,-0.399441722771,-0.387184415025,-0.399593952634,-0.38294934437,-1.8808034079,-0.322411942686,-0.331403697536
0.516516516517,-0.970415314282,0,-1.83571901996,-0.400408435253,-0.388313262764,-0.400582534758,-0.383773258439,-1.83571901996,-0.323475486819,-0.332201499382
0.517517517518,-0.963493302388,0,-0.880590972553,-0.401298404267,-0.389284215144,-0.401494577348,-0.384442798093,-0.880590972553,-0.324378573959,-0.332843971632
0.518518518519,-0.947733895919,1,0.0809132994061,-0.402112394253,-0.390189175467,-0.402330781889,-0.385037087721,1.02864719532,-0.325213130882,-0.333408124152
0.51951951952,-0.92285644282,0,-0.485510031838,-0.402852006774,-0.391120559268,-0.403092629993,-0.38566467862,-0.485510031838,-0.326162554849,-0.334086133316
0.520520520521,-0.894782240404,0,-1.30183395706,-0.403519707389,-0.392023975977,-0.403782440599,-0.386261348921,-1.30183395706,-0.327081473564,-0.334729872885
0.521521521522,-0.863213084406,0,-0.721774920495,-0.404118257519,-0.392821455391,-0.40440283524,-0.386742002326,-0.721774920495,-0.327891851204,-0.335255210481
0.522522522523,-0.829308230823,0,-0.30831954491,-0.404650743827,-0.393569222047,-0.404956799894,-0.387164943252,-0.30831954491,-0.328649846683,-0.335719553697
0.523523523524,-0.795473309102,0,0.343946585686,-0.405120468782,-0.394306775579,-0.405447526957,-0.38757736663,0.343946585686,-0.329394899848,-0.336170102122
0.524524524525,-0.76335140178,0,-0.637756705407,-0.40553072241,-0.395096571862,-0.405878235033,-0.388049658119,-0.637756705407,-0.330189406784,-0.336678655262
0.525525525526,-0.731651648058,0,0.442092730126,-0.405884627286,-0.395844308896,-0.406252023114,-0.38847343348,0.442092730126,-0.330939046486,-0.337135197474
0.526526526527,-0.702589444668,0,-0.910666259869,-0.406185264645,-0.396653529085,-0.406571959042,-0.388966184967,-0.910666259869,-0.331747342351,-0.337659079775
0.527527527528,-0.674802555261,0,-0.976659421698,-0.40643546347,-0.397394341653,-0.406840886655,-0.389380448878,-0.976659421698,-0.332484436267,-0.338101197906
0.528528528529,-0.650019163676,1,-0.260604603916,-0.406637932509,-0.39806029531,-0.407061542434,-0.389709306567,0.38941455976,-0.333143939606,-0.338454762135
0.52952952953,-0.628623035294,0,-0.748949016403,-0.406795095154,-0.398720049692,-0.407236382962,-0.390032883715,-0.748949016403,-0.333856943343,-0.338870572601
0.530530530531,-0.613966482459,1,0.0467858768725,-0.406909052905,-0.399326679018,-0.407367545859,-0.390295335241,0.660752359331,-0.334514120354,-0.339221856281
0.531531531532,-0.604451536023,1,-2.63668486507,-0.406981263595,-0.399956529544,-0.407456522943,-0.390586945734,-2.03223332904,-0.335250757207,-0.3396596441
0.532532532533,-0.601195729237,0,-0.276899157748,-0.407012694761,-0.400352075406,-0.407504306897,-0.390695048193,-0.276899157748,-0.33580841461,-0.339932336917
0.533533533534,-0.604065969577,0,-1.43706761342,-0.407003715782,-0.400740037881,-0.407511280037,-0.390796253641,-1.43706761342,-0.336355786958,-0.340194847642
0.534534534535,-0.612010175365,0,-0.247139441437,-0.406954109645,-0.401009267334,-0.407477226323,-0.390770398965,-0.247139441437,-0.336781735967,-0.340328120755
0.535535535536,-0.618912392218,0,0.655253208386,-0.406863172848,-0.40127419225,-0.40740143459,-0.390741502824,0.655253208386,-0.337200710478,-0.340455163443
0.536536536537,-0.624372272987,0,-0.389631509504,-0.406730301135,-0.401621417877,-0.407283294905,-0.390800235936,-0.389631509504,-0.337699295971,-0.340668982837
0.537537537538,-0.628494107683,0,0.490800475536,-0.406555026736,-0.401950625263,-0.40712233447,-0.390839555688,0.490800475536,-0.338177144722,-0.340860023266
0.538538538539,-0.629999609903,0,-0.860805058205,-0.406337007775,-0.402346563788,-0.406918212932,-0.390953037906,-0.860805058205,-0.338719006111,-0.341123799706
0.53953953954,-0.625550629138,0,0.140287571606,-0.406076150555,-0.402679553451,-0.406670841491,-0.390994331251,0.140287571606,-0.339195200138,-0.341312176978
0.540540540541,-0.617541081239,1,-1.27043756412,-0.405772929762,-0.403045594822,-0.406380705884,-0.391075780279,-0.652896482879,-0.339701730081,-0.341538240568
0.541541541542,-0.606707742438,0,-0.787527949492,-0.405428158518,-0.403309255645,-0.406048632071,-0.39104463011,-0.787527949492,-0.34016244986,-0.341711582811
0.542542542543,-0.596424662781,1,0.669463601662,-0.405042917198,-0.403517136593,-0.405675728355,-0.390949378286,1.26588826444,-0.340564678337,-0.341817576521
0.543543543544,-0.585069108378,0,-0.938265131547,-0.404618228554,-0.403809974657,-0.405263028713,-0.39094385768,-0.938265131547,-0.341106392305,-0.342050813883
0.544544544545,-0.575582375989,0,-0.801509379477,-0.404155212519,-0.404034096838,-0.404811680818,-0.390858819273,-0.801509379477,-0.341576644288,-0.342201463715
0.545545545546,-0.567928938724,0,-0.355744009505,-0.403654802793,-0.404202771754,-0.404322641788,-0.390709003528,-0.355744009505,-0.341988702904,-0.342284137292
0.546546546547,-0.560065490777,0,0.738507064229,-0.403117749069,-0.404359001096,-0.403796685205,-0.390545239082,0.738507064229,-0.342385569845,-0.342349646602
0.547547547548,-0.551498317003,0,-0.830195043296,-0.402544812458,-0.404607973586,-0.403234573006,-0.390477243224,-0.830195043296,-0.342872433832,-0.342510330788
0.548548548549,-0.542043164273,0,-0.610962688344,-0.401936812227,-0.404799077952,-0.40263714723,-0.390341663972,-0.610962688344,-0.34329868402,-0.342600309151
0.54954954955,-0.528917956489,0,-0.180917580342,-0.401294642716,-0.404952446747,-0.402005311592,-0.390162663956,-0.180917580342,-0.343684458264,-0.34264362702
0.550550550551,-0.514227759627,0,-1.54023368722,-0.400619539706,-0.405108581043,-0.40134033767,-0.389989643991,-1.54023368722,-0.344070262507,-0.342689957897
0.551551551552,-0.495830390156,1,1.01390476411,-0.399912877603,-0.405137159032,-0.40064363676,-0.389683564644,1.50973515427,-0.344325782546,-0.342601452482
0.552552552553,-0.475157798982,0,0.124421084285,-0.399176374425,-0.405283856989,-0.399916964506,-0.389491858565,0.124421084285,-0.344744328796,-0.34265136075
0.553553553554,-0.454162201837,0,-0.0869856800326,-0.398411953987,-0.405463622499,-0.399162316072,-0.389340656286,-0.0869856800326,-0.345193276704,-0.34273941265
0.554554554555,-0.432898639925,0,-0.554583762537,-0.397621558556,-0.405656117444,-0.398381665451,-0.389206845802,-0.554583762537,-0.34565228815,-0.342842080848
0.555555555556,-0.411985929508,0,-0.0386348530716,-0.396807144228,-0.405815949587,-0.397577021951,-0.389036427364,-0.0386348530716,-0.34607599559,-0.34290497971
0.556556556557,-0.392747165692,0,-0.634384417132,-0.395970622516,-0.405992085262,-0.396750343923,-0.388888019155,-0.634384417132,-0.346513390052,-0.342987230739
0.557557557558,-0.373551538978,0,-1.5745927563,-0.395113734488,-0.40612722877,-0.395903431969,-0.388693344187,-1.5745927563,-0.346907175839,-0.343020103017
0.558558558559,-0.35668151438,0,0.504575127594,-0.394238208833,-0.406131332249,-0.395038060651,-0.388362842645,0.504575127594,-0.347167334583,-0.342915557913
0.55955955956,-0.340126214834,0,-0.938863435123,-0.393345544526,-0.406204250145,-0.394155795188,-0.388109028209,-0.938863435123,-0.347493750227,-0.34288638752
0.560560560561,-0.323849695209,0,-0.970047456405,-0.392437205603,-0.406206752782,-0.393258108689,-0.387775575961,-0.970047456405,-0.347747225499,-0.342774766201
0.561561561562,-0.308660040107,1,-1.04647475452,-0.391514626501,-0.406135295089,-0.392346468647,-0.387358998605,-0.737814714409,-0.347924281414,-0.342577308253
0.562562562563,-0.296772208132,0,-0.586156333085,-0.390579136459,-0.405982589258,-0.391422243959,-0.386851439726,-0.586156333085,-0.348047294972,-0.342318565707
0.563563563564,-0.288161415683,1,-1.94294364204,-0.389631748584,-0.405792672374,-0.390486469904,-0.386302405976,-1.65478222636,-0.348130672131,-0.342015376366
0.564564564565,-0.283148340689,0,-0.115154444906,-0.388673164052,-0.405434899517,-0.389539887571,-0.385594324078,-0.115154444906,-0.34807146604,-0.341568544895
0.565565565566,-0.282886923668,0,-0.56548265178,-0.38770374249,-0.405084458772,-0.388582830518,-0.384898453715,-0.56548265178,-0.348017236303,-0.341131219809
0.566566566567,-0.283060174155,0,-0.43898130586,-0.386723392037,-0.404698140154,-0.387615189493,-0.384162945947,-0.43898130586,-0.347924772935,-0.340651288611
0.567567567568,-0.282604198799,0,-1.37897591365,-0.385731984263,-0.40428812795,-0.38663682964,-0.383402310612,-1.37897591365,-0.347806260223,-0.340143313561
0.568568568569,-0.279624919251,0,0.195927207639,-0.384729455905,-0.403764120382,-0.385647679195,-0.382519467801,0.195927207639,-0.347571396389,-0.339511278276
0.56956956957,-0.27669331035,0,0.627266192866,-0.383715990099,-0.403276975541,-0.384647942137,-0.381682033213,0.627266192866,-0.347371072393,-0.338922699005
0.570570570571,-0.274669736468,0,0.313660165238,-0.382691768822,-0.402867731162,-0.383637761947,-0.380929750135,0.313660165238,-0.347246358841,-0.338418399859
0.571571571572,-0.27258916421,0,0.0876165441806,-0.381656889405,-0.402505528819,-0.382617222774,-0.380234087286,0.0876165441806,-0.347166411136,-0.337968967583
0.572572572573,-0.271213263019,1,-2.26976672449,-0.38061145639,-0.402167971174,-0.381586430756,-0.379571426528,-1.99855346147,-0.34710888069,-0.337550316138
0.573573573574,-0.273289108727,0,-0.885404060446,-0.379555508102,-0.40162853459,-0.380545420886,-0.378734386417,-0.885404060446,-0.346873315056,-0.336967696285
0.574574574575,-0.274319501625,1,1.30518360329,-0.378488752931,-0.401019800922,-0.37949388066,-0.377820001242,1.57950310492,-0.346566259822,-0.336305209573
0.575575575576,-0.274235059521,0,0.245371929062,-0.3774110013,-0.400551917224,-0.378431588402,-0.377031734094,0.245371929062,-0.346424205459,-0.335780463833
0.576576576577,-0.274464876198,0,0.207471500449,-0.376322172719,-0.400123157928,-0.377358442217,-0.376292453346,0.207471500449,-0.346319100887,-0.335302797342
0.577577577578,-0.27304556993,1,0.0978778219904,-0.37522215894,-0.399729667506,-0.376274320041,-0.375598065418,0.370923391921,-0.346247133044,-0.334868082025
0.578578578579,-0.273582071369,0,-0.402698764094,-0.374111012957,-0.399360701439,-0.375179294064,-0.374936782036,-0.402698764094,-0.346223847399,-0.334492810197
0.57957957958,-0.277253582712,1,-4.10914778934,-0.372988603677,-0.398968063873,-0.374073181453,-0.374251669766,-3.83189420663,-0.346174871286,-0.334091151834
0.580580580581,-0.28343097144,0,-0.46998729586,-0.371854503651,-0.398195845772,-0.372955518365,-0.373371670021,-0.46998729586,-0.345770911803,-0.333496348589
0.581581581582,-0.293475598357,0,-0.183101566045,-0.370708050717,-0.397392928651,-0.371825613487,-0.37245958658,-0.183101566045,-0.345334267281,-0.332866976231
0.582582582583,-0.305959890828,0,-0.482931038833,-0.369548218534,-0.396587056776,-0.370682421833,-0.371548478475,-0.482931038833,-0.344892747446,-0.332236222022
0.583583583584,-0.320798422861,0,-0.618662296077,-0.368373754576,-0.395750208348,-0.369524612735,-0.370603931092,-0.618662296077,-0.344418363012,-0.331569463311
0.584584584585,-0.336507160209,0,-0.663426201852,-0.367183189135,-0.394869343571,-0.368350637158,-0.369610244242,-0.663426201852,-0.343898074183,-0.330851065038
0.585585585586,-0.354245689952,1,-0.936478219076,-0.365974978205,-0.39393991682,-0.367158889605,-0.368561932322,-0.582232529125,-0.343327361042,-0.33007565808
0.586586586587,-0.371784897531,0,-0.332922919583,-0.364747392547,-0.392935622354,-0.365947590151,-0.367429117762,-0.332922919583,-0.342713950871,-0.329252354792
0.587587587588,-0.387811681938,0,-0.193437914133,-0.363498731658,-0.391914346839,-0.364714942369,-0.366279502583,-0.193437914133,-0.34208172302,-0.328409922445
0.588588588589,-0.39923694667,0,0.453704059068,-0.362227449016,-0.390889304048,-0.363459309017,-0.365128966536,0.453704059068,-0.341443891264,-0.327564303892
0.58958958959,-0.406808491935,0,0.468238551033,-0.360932448014,-0.389922603298,-0.3621795356,-0.364045725157,0.468238551033,-0.340862564919,-0.326784917048
0.590590590591,-0.411409826336,0,-0.455823132989,-0.359613009536,-0.389015569899,-0.360874894888,-0.363031045446,-0.455823132989,-0.34033907841,-0.326073037616
0.591591591592,-0.412379261329,0,-1.27281544255,-0.358268706352,-0.388079357056,-0.359544886232,-0.361984638537,-1.27281544255,-0.339784594055,-0.32532709214
0.592592592593,-0.410441917681,0,0.156897589049,-0.356899465463,-0.387035520608,-0.358189389942,-0.36082082667,0.156897589049,-0.339120667694,-0.324462150182
0.593593593594,-0.410278271399,0,-0.836812384183,-0.35550549702,-0.386021425458,-0.356808623447,-0.359694678968,-0.836812384183,-0.338484664229,-0.323633246972
0.594594594595,-0.412513609056,0,0.183939576248,-0.354086843747,-0.384941079117,-0.355402608703,-0.358493729086,0.183939576248,-0.337780572897,-0.322727566192
0.595595595596,-0.417252256323,0,-0.684522137105,-0.352643320048,-0.383891723955,-0.35397109191,-0.357333112463,-0.684522137105,-0.337105617794,-0.321860600045
0.596596596597,-0.425353491268,0,-0.174160397249,-0.351174501859,-0.382790071907,-0.352513614861,-0.356114434975,-0.174160397249,-0.336376510855,-0.320933239985
0.597597597598,-0.436509992562,0,-1.17160605141,-0.349679644455,-0.381685328351,-0.351029416142,-0.354896575077,-1.17160605141,-0.335642457457,-0.320004632748
0.598598598599,-0.448582149297,0,-1.49013414711,-0.348157712632,-0.38048185515,-0.34951735641,-0.353570229002,-1.49013414711,-0.334807819464,-0.318966127116
0.5995995996,-0.462699428525,0,-0.368823071591,-0.346607587169,-0.379149034147,-0.347976244288,-0.352108801515,-0.368823071591,-0.33384197872,-0.317791530212
0.600600600601,-0.478762735374,0,-1.11905862753,-0.345027957193,-0.377794488966,-0.346404752866,-0.350625505754,-1.11905862753,-0.332852558847,-0.316592811527
0.601601601602,-0.494966101285,0,-1.14692714351,-0.343417329988,-0.376346200074,-0.344801265214,-0.349038302528,-1.14692714351,-0.331767540313,-0.315288620737
0.602602602603,-0.513366871841,0,-1.06281661902,-0.341774204133,-0.374801256981,-0.343164200315,-0.347344438118,-1.06281661902,-0.330583989305,-0.313876324774
0.603603603604,-0.534467722573,1,0.24260134776,-0.340096871408,-0.373166855615,-0.341491832016,-0.345551573562,0.777069070333,-0.329309048356,-0.312363304426
0.604604604605,-0.556644431317,1,3.12785511495,-0.338383367773,-0.371567610838,-0.339782059611,-0.343804032492,3.68449954627,-0.328118610748,-0.310943490098
0.605605605606,-0.57919789289,0,-0.449809211923,-0.336631628675,-0.370280417085,-0.338032760331,-0.34221127992,-0.449809211923,-0.327291699861,-0.30968125425
0.606606606607,-0.604636947821,0,-0.601275673489,-0.334839555901,-0.368962009422,-0.336241805301,-0.340586199497,-0.601275673489,-0.326431602367,-0.308384678907
0.607607607608,-0.627051416931,0,-0.884473133789,-0.333004776701,-0.367598055858,-0.334406703257,-0.338911198796,-0.884473133789,-0.325523963233,-0.307036265904
0.608608608609,-0.647719065006,0,-0.39821319488,-0.331125210796,-0.366161294302,-0.332525383955,-0.337155151012,-0.39821319488,-0.324541508288,-0.305604835448
0.60960960961,-0.664936092817,0,-0.537926858872,-0.329198947066,-0.364697110421,-0.330595891517,-0.335372333462,-0.537926858872,-0.323529599913,-0.304144789897
0.610610610611,-0.680057094708,0,-0.10817861141,-0.327224406284,-0.363190864389,-0.32861659812,-0.333546319977,-0.10817861141,-0.322473574995,-0.302639672594
0.611611611612,-0.692803667598,0,0.0966056034449,-0.325200210405,-0.361684026947,-0.326586166077,-0.331727437914,0.0966056034449,-0.321414904278,-0.301139626266
0.612612612613,-0.700008060386,0,-1.89575429558,-0.323125208725,-0.360196499305,-0.324503373259,-0.329938634534,-1.89575429558,-0.320373475097,-0.299668290745
0.613613613614,-0.703510942508,0,-1.18712570967,-0.320998781766,-0.358537384956,-0.32236767592,-0.327989275926,-1.18712570967,-0.319158341161,-0.298036123696
0.614614614615,-0.701856208087,0,-0.817880089038,-0.318820665035,-0.356774827321,-0.320178713005,-0.325929018251,-0.817880089038,-0.317837595566,-0.296291622973
0.615615615616,-0.697077277298,0,-0.199823027551,-0.316591089377,-0.354944679864,-0.317936785401,-0.323794653374,-0.199823027551,-0.316447056512,-0.294471477513
0.616616616617,-0.689578466722,0,-0.868055377626,-0.314310586711,-0.35310716861,-0.315642344928,-0.321657527809,-0.868055377626,-0.31504690888,-0.292646517717
0.617617617618,-0.680870293784,0,-1.81222552924,-0.311979951941,-0.351198505387,-0.313296222928,-0.319441437588,-1.81222552924,-0.313573324665,-0.290741053731
0.618618618619,-0.671292365096,0,-0.332686204576,-0.309600097682,-0.34912816254,-0.310899271245,-0.31707023971,-0.332686204576,-0.311935756652,-0.288680097098
0.61961961962,-0.662511980622,0,-0.930769731861,-0.307172020647,-0.347038301271,-0.308452524358,-0.314680779851,-0.930769731861,-0.310276366039,-0.286599003344
0.620620620621,-0.655132785781,0,-1.44095105911,-0.304696640108,-0.34487166887,-0.305956829373,-0.312206299331,-1.44095105911,-0.308537900119,-0.284431333781
0.621621621622,-0.648473834723,0,-0.805404176452,-0.302174738284,-0.342579360426,-0.303413047042,-0.309600806686,-0.805404176452,-0.306671453979,-0.282131797023
0.622622622623,-0.639260287709,0,-1.08888721879,-0.299607024319,-0.34022230599,-0.300821785627,-0.30692327175,-1.08888721879,-0.304737957671,-0.279758682747
0.623623623624,-0.629643752476,0,-1.03029410395,-0.296994447674,-0.337773044107,-0.298184089546,-0.304144422312,-1.03029410395,-0.30270994974,-0.277282835187
0.624624624625,-0.619298997135,0,-0.911827356172,-0.294337991113,-0.335236979887,-0.295500857308,-0.301269504806,-0.911827356172,-0.300592835295,-0.274709828466
0.625625625626,-0.605683189096,0,-1.35797281212,-0.291638701995,-0.332625329966,-0.292773217355,-0.298310405718,-1.35797281212,-0.298397830974,-0.272050952807
0.626626626627,-0.595266119669,0,0.4949168321,-0.288897936559,-0.329895160437,-0.290002475973,-0.295225731816,0.4949168321,-0.296082002869,-0.269265904448
0.627627627628,-0.584643775696,1,-0.606515336234,-0.286116739103,-0.327224084703,-0.287189699192,-0.292212304351,-0.0218715605377,-0.293822964382,-0.266551014409
0.628628628629,-0.574552015583,0,0.16986892699,-0.283296168934,-0.324506057231,-0.284336010672,-0.289147127605,0.16986892699,-0.291570795333,-0.263850656602
0.62962962963,-0.564798580265,0,-0.0793187503771,-0.280437229558,-0.321815528718,-0.281442344489,-0.286119304768,-0.0793187503771,-0.289343823761,-0.261186442736
0.630630630631,-0.557528191901,0,-0.264266972809,-0.277540886933,-0.319128459897,-0.278509770204,-0.283100677553,-0.264266972809,-0.287118013086,-0.258529625025
0.631631631632,-0.551407932349,1,-0.891778119716,-0.274607863392,-0.316426997739,-0.275538978172,-0.28006937321,-0.340370187367,-0.284875510282,-0.255858534896
0.632632632633,-0.54572443295,0,0.462764479685,-0.271638765105,-0.313650831283,-0.272530573449,-0.276954095831,0.462764479685,-0.282608939124,-0.253163702962
0.633633633634,-0.541760353815,0,-0.118405367028,-0.26863415001,-0.310930062348,-0.269485217336,-0.273906239583,-0.118405367028,-0.280395466695,-0.250535129597
0.634634634635,-0.536561825283,0,-0.292337098728,-0.265594404483,-0.308209009351,-0.266403236408,-0.270862565767,-0.292337098728,-0.278179411411,-0.247909020595
0.635635635636,-0.531539957966,0,-0.83579770396,-0.262520027005,-0.305470887575,-0.263285166611,-0.267802238214,-0.83579770396,-0.275943988556,-0.245264689527
0.636636636637,-0.524268192174,0,0.76388994954,-0.259411493057,-0.302663411646,-0.260131577547,-0.264663547764,0.76388994954,-0.273636912753,-0.242540626346
0.637637637638,-0.512610948766,0,-0.628529375226,-0.256269488958,-0.2999400272,-0.256943106228,-0.261619051405,-0.628529375226,-0.271411629642,-0.239909787866
0.638638638639,-0.494366705092,0,-1.60814575011,-0.253095118413,-0.297166962998,-0.253720906716,-0.258518330318,-1.60814575011,-0.26913436798,-0.237221425911
0.63963963964,-0.470637132125,0,0.298397591285,-0.249890115768,-0.294250192437,-0.250466835197,-0.255273299499,0.298397591285,-0.266711101168,-0.234388105846
0.640640640641,-0.441722234485,0,-0.905147252301,-0.246656742529,-0.291372788781,-0.247183158556,-0.252078594224,-0.905147252301,-0.264324902467,-0.231603751965
0.641641641642,-0.411629797034,1,-4.29343735919,-0.24339776051,-0.288419389418,-0.243872707882,-0.248798001087,-3.88180756216,-0.261860409266,-0.22873234232
0.642642642643,-0.382935091121,0,0.0233303699044,-0.240116048315,-0.285064793484,-0.240538533191,-0.245328248894,0.0233303699044,-0.259031936846,-0.225672719844
0.643643643644,-0.355842802251,0,-1.0882303971,-0.236814354355,-0.281723368608,-0.237183464479,-0.241878883492,-1.0882303971,-0.256214330654,-0.222631837835
0.644644644645,-0.334450251872,0,-1.46486599666,-0.233495276405,-0.278288877893,-0.233810156092,-0.238326434082,-1.46486599666,-0.25330134181,-0.219486768429
0.645645645646,-0.315925512293,0,0.119916693886,-0.230160866862,-0.274725633508,-0.230420781419,-0.234640620432,0.119916693886,-0.250257282215,-0.216207633199
0.646646646647,-0.303557086893,0,0.217345100137,-0.226812903126,-0.271185459707,-0.227017246073,-0.230986151693,0.217345100137,-0.24723398633,-0.212958310101
0.647647647648,-0.292894824469,0,0.22236635273,-0.223452570681,-0.267677519606,-0.223600735594,-0.22737375486,0.22236635273,-0.244240621793,-0.209749456413
0.648648648649,-0.284344800354,1,-8.90981759098,-0.220080889385,-0.264202308463,-0.22017230827,-0.223803819436,-8.62547279062,-0.241277683862,-0.206581455947
0.64964964965,-0.27573011747,0,-0.0225733327939,-0.216698674173,-0.259882937094,-0.21673288751,-0.220046850795,-0.0225733327939,-0.237495580236,-0.203226998553
0.650650650651,-0.270231087318,0,0.113617954868,-0.213306744476,-0.255572555866,-0.213283358045,-0.2163046869,0.113617954868,-0.233720164399,-0.199885706933
0.651651651652,-0.265899970622,0,-1.13013709761,-0.209905620109,-0.251284397666,-0.209824209834,-0.212593031602,-1.13013709761,-0.229964665668,-0.196573129953
0.652652652653,-0.264345821213,0,-0.447163547105,-0.206495709631,-0.246899223534,-0.206355885075,-0.208775034065,-0.447163547105,-0.226109841511,-0.193153042789
0.653653653654,-0.263727023288,0,-0.534930659828,-0.203077157189,-0.242482794991,-0.20287861846,-0.204921979698,-0.534930659828,-0.222221463669,-0.189696373423
0.654654654655,-0.260457301484,0,0.0593345351072,-0.199650020182,-0.238026666282,-0.199392487989,-0.201023538549,0.0593345351072,-0.218291085942,-0.186192805275
0.655655655656,-0.256718735459,0,-1.54087800354,-0.19621461423,-0.233587752205,-0.195897780299,-0.197149069818,-1.54087800354,-0.214375612466,-0.182711490708
0.656656656657,-0.248919421785,0,1.08172500295,-0.192771304017,-0.22901265932,-0.192394900761,-0.193137364075,1.08172500295,-0.210321661004,-0.179092247819
0.657657657658,-0.238305089963,0,0.550878809694,-0.189320847885,-0.224552965301,-0.188884722318,-0.189247256547,0.550878809694,-0.206380831897,-0.175593536195
0.658658658659,-0.225627573725,0,0.312975086895,-0.185864277845,-0.220157437716,-0.185368328451,-0.185434898253,0.312975086895,-0.202501904183,-0.172171014459
0.65965965966,-0.214669499612,0,0.272302957317,-0.182402827064,-0.215803278725,-0.18184696566,-0.181675622016,0.272302957317,-0.198662080021,-0.168799875484
0.660660660661,-0.20593946997,0,-0.0694263113398,-0.178937566943,-0.211486528937,-0.1783217735,-0.177964849934,-0.0694263113398,-0.194857400019,-0.165475679086
0.661661661662,-0.199937956581,0,0.495818348715,-0.175469358286,-0.207174419246,-0.174793733983,-0.174263254907,0.495818348715,-0.191055095073,-0.162159004838
0.662662662663,-0.197046163835,1,-1.06810383627,-0.171998803207,-0.202921336287,-0.171263484135,-0.170633966179,-0.871057672433,-0.187309551815,-0.158912910729
0.663663663664,-0.191713175714,1,0.706139267516,-0.168526208363,-0.198577210732,-0.167731308831,-0.166904768951,0.897852443231,-0.183489617201,-0.155584143818
0.664664664665,-0.182889076292,0,-0.395946607937,-0.165052117201,-0.194312414239,-0.164197794164,-0.163268298574,-0.395946607937,-0.179765150924,-0.1523631784
0.665665665666,-0.167164479227,0,-0.935430085076,-0.161577410089,-0.190021568481,-0.160663942618,-0.159602760323,-0.935430085076,-0.176012384674,-0.149111486296
0.666666666667,-0.14519415073,0,0.890801072745,-0.158103631353,-0.185653282105,-0.157131377497,-0.155850202357,0.890801072745,-0.172179941434,-0.145771395486
0.667667667668,-0.11616541855,0,-0.873241746719,-0.154632926513,-0.181382919072,-0.153602288001,-0.152207151727,-0.873241746719,-0.168443185161,-0.142539326704
0.668668668669,-0.0829959556494,0,1.4289087999,-0.151168120426,-0.177040995594,-0.150079625122,-0.148483217628,1.4289087999,-0.16463263207,-0.139224971783
0.66966966967,-0.0478822442791,0,-1.63350462333,-0.147712437704,-0.172848531752,-0.146566824276,-0.144904218178,-1.63350462333,-0.160969314667,-0.136054218166
0.670670670671,-0.0138535064679,0,0.0452878023838,-0.144269292472,-0.168511592464,-0.143067444357,-0.141186238195,0.0452878023838,-0.157159310293,-0.132743578494
0.671671671672,0.0166093119989,0,0.191442323723,-0.140841998279,-0.164191336559,-0.139584866991,-0.137491851815,0.191442323723,-0.153363777777,-0.129454767207
0.672672672673,0.0377323134411,0,-0.334401038748,-0.137433530578,-0.159901800772,-0.136122175796,-0.133837840752,-0.334401038748,-0.149596717423,-0.126204362168
0.673673673674,0.0499504381925,0,-0.726541378852,-0.134045972464,-0.155592498551,-0.132681615767,-0.130162208229,-0.726541378852,-0.145807606247,-0.122930633384
0.674674674675,0.0534424206251,0,-0.47481904772,-0.130680555798,-0.151225724949,-0.129264451732,-0.126420858753,-0.47481904772,-0.141958739301,-0.119589717592
0.675675675676,0.0484970002231,0,0.66839236368,-0.127337677722,-0.146825603734,-0.125871050123,-0.122641275541,0.66839236368,-0.138074240355,-0.116208827072
0.676676676677,0.0409988535127,0,-0.0284352566953,-0.124016927757,-0.142501908403,-0.122501032361,-0.118952081372,-0.0284352566953,-0.134263882903,-0.11291647513
0.677677677678,0.0315528528815,0,0.235753086575,-0.120717652032,-0.13818764471,-0.119153812042,-0.115276779968,0.235753086575,-0.130460631699,-0.109636161134
0.678678678679,0.0239991161934,1,-0.840145046411,-0.117439010985,-0.133908269013,-0.115828464025,-0.111645863556,-0.864144162605,-0.126689860373,-0.106398382962
0.67967967968,0.0203519165157,0,-1.42785157917,-0.11418034795,-0.129560597768,-0.112524293395,-0.107937238618,-1.42785157917,-0.122846039767,-0.103078834748
0.680680680681,0.0199291609563,0,-0.102982805476,-0.110941382772,-0.125088201138,-0.109241107976,-0.1041027995,-0.102982805476,-0.118875043941,-0.0996321180368
0.681681681682,0.0223221367458,0,-0.109303206848,-0.107722146338,-0.12061828977,-0.105978927601,-0.100273194771,-0.109303206848,-0.11490408354,-0.0961883427471
0.682682682683,0.0276330766796,0,-0.26241340324,-0.104522941088,-0.116150454835,-0.102737995775,-0.0964476712187,-0.26241340324,-0.110932749736,-0.0927466735202
0.683683683684,0.0376421822949,0,-0.309799908629,-0.101344350355,-0.111670204016,-0.0995189766753,-0.0926080521373,-0.309799908629,-0.106946550212,-0.0892890678369
0.684684684685,0.0509393383108,0,0.916268795882,-0.0981874083241,-0.107172929236,-0.0963229847539,-0.0887485135948,0.916268795882,-0.102940876892,-0.085809824342
0.685685685686,0.0675480154203,0,1.25935182508,-0.0950534638817,-0.102776405585,-0.0931513021184,-0.0850019025434,1.25935182508,-0.0990335054679,-0.0824415833227
0.686686686687,0.0877554417911,1,-0.434519786139,-0.0919441821182,-0.0985140833478,-0.0900056909774,-0.0813941831375,-0.52227522793,-0.0952578530332,-0.0792101194777
0.687687687688,0.107916260379,0,1.62936506019,-0.08886157136,-0.0942236185197,-0.086888279796,-0.077753015473,1.62936506019,-0.0914431150886,-0.075933515867
0.688688688689,0.125174462822,0,0.066200452357,-0.0858076328279,-0.090102895956,-0.0838010027595,-0.074270763785,0.066200452357,-0.0877955987035,-0.0728138876995
0.68968968969,0.139529140801,0,0.171763415703,-0.0827840861423,-0.0860017434247,-0.0807456657491,-0.0708135578857,0.171763415703,-0.084165131646,-0.0697173035732
0.690690690691,0.150663395717,0,0.326141881398,-0.0797923692454,-0.0819303362649,-0.0777238000282,-0.0673936999797,0.326141881398,-0.0805618871129,-0.0666560721676
0.691691691692,0.160010267176,1,-0.160714830526,-0.0768336083201,-0.077903524522,-0.0747364225963,-0.0640288156235,-0.320725097702,-0.0770007130074,-0.0636478133103
0.692692692693,0.16563795078,0,0.492922036845,-0.0739087561858,-0.0738745672866,-0.0717845974022,-0.0606615914584,0.492922036845,-0.0734195075571,-0.0606165957649
0.693693693694,0.171711601394,0,1.03946103788,-0.0710184075738,-0.0699061818647,-0.0688689170136,-0.0573672636231,1.03946103788,-0.069896348931,-0.0576563249118
0.694694694695,0.176523173872,0,-0.496598424907,-0.0681631992899,-0.0660508278231,-0.0659899314784,-0.0541969957758,-0.496598424907,-0.0664836966957,-0.0548179423457
0.695695695696,0.183756545781,0,0.608849396638,-0.0653436462738,-0.0621611092331,-0.063148293477,-0.0509855635037,0.608849396638,-0.0630341549228,-0.0519365326227
0.696696696697,0.195228682345,0,-0.289019625686,-0.0625604951303,-0.0583431721492,-0.0603446349684,-0.047859201907,-0.289019625686,-0.0596538696664,-0.0491382913923
0.697697697698,0.211271829095,1,-4.7655023383,-0.0598148977743,-0.0545108198502,-0.0575801516512,-0.0447152859142,-4.9767741674,-0.0562566442056,-0.0463205294602
0.698698698699,0.227423862753,1,2.11139157845,-0.0571084418076,-0.0502343802595,-0.0548564880372,-0.0414042161193,1.8839677157,-0.0523925245304,-0.0433339115094
0.6996996997,0.248422241302,1,0.306901622493,-0.0544427206764,-0.0461743019039,-0.0521751162704,-0.0382712371957,0.0584793811913,-0.0487204073715,-0.0405166546737
0.700700700701,0.26834392267,0,0.211910133582,-0.0518197870651,-0.0421575111266,-0.0495382353148,-0.0351919732109,0.211910133582,-0.0450652009155,-0.0377218948056
0.701701701702,0.286426646081,0,0.0535868816744,-0.0492415826693,-0.0381748206536,-0.0469476258988,-0.0321552128928,0.0535868816744,-0.0414415651173,-0.0349676431467
0.702702702703,0.298984981287,0,0.34731671513,-0.0467098637961,-0.034211026848,-0.0444051584976,-0.0291421044905,0.34731671513,-0.0378342963401,-0.0322350254195
0.703703703704,0.306399847643,1,0.862315465436,-0.044225847108,-0.0302943821256,-0.0419119132336,-0.0261868735799,0.555915617793,-0.0342716469997,-0.0295580786775
0.704704704705,0.308890792358,0,0.493153211978,-0.0417902458237,-0.0264747681584,-0.0394686726874,-0.0233423719243,0.493153211978,-0.0307740886101,-0.0269596551064
0.705705705706,0.3090131408,0,0.464086798527,-0.0394032910169,-0.0227171138693,-0.0370755776179,-0.0205719201445,0.464086798527,-0.0273359682361,-0.0244329638116
0.706706706707,0.309177603857,1,-0.372306162212,-0.0370649776649,-0.0190179414198,-0.0347326569841,-0.0178721047992,-0.681483766069,-0.0239538110791,-0.0219747403084
0.707707707708,0.309655629169,0,0.611950548199,-0.0347752970036,-0.0152963805861,-0.0324398309159,-0.015145395552,0.611950548199,-0.0205170691418,-0.0194542030137
0.708708708709,0.308607936255,0,0.29844804076,-0.0325342639479,-0.0116469617485,-0.0301971425595,-0.0125049266035,0.29844804076,-0.0171499536174,-0.0170177153599
0.70970970971,0.308309078555,0,1.44137175731,-0.0303417421233,-0.00803941115786,-0.0280043643153,-0.00991576160899,1.44137175731,-0.0138221907564,-0.0146304721667
0.710710710711,0.306460071318,0,-0.415351674891,-0.0281976640663,-0.00458328830615,-0.025861485461,-0.00747983035343,-0.415351674891,-0.0106433515243,-0.0123939616282
0.711711711712,0.303729309589,0,-0.648418865174,-0.0261018122741,-0.00110029321326,-0.023768152773,-0.00501166916134,-0.648418865174,-0.00743515871485,-0.0101232883508
0.712712712713,0.298732908536,0,-0.0182444917563,-0.0240538846943,0.00243195710336,-0.021724161423,-0.00248623928644,-0.0182444917563,-0.00417524064614,-0.00779356450687
0.713713713714,0.295570235588,0,0.120765655266,-0.0220533621655,0.00595284123297,-0.0197288248376,2.52444314148e-05,0.120765655266,-0.000924218728926,-0.00547577047278
0.714714714715,0.291919009066,0,0.702047341195,-0.0200999015082,0.00944873333203,-0.0177819057861,0.00250610115394,0.702047341195,0.00230428119325,-0.00318679025791
0.715715715716,0.289457964872,0,0.418051768789,-0.0181931118831,0.0128636320569,-0.0158828645861,0.00489167456587,0.418051768789,0.00545425777675,-0.000990788587111
0.716716716717,0.288982997368,1,-0.292290857095,-0.0163327151753,0.0162247085336,-0.0140314263822,0.00721216201076,-0.581273854463,0.00855288214757,0.00114201568614
0.717717717718,0.290872958137,1,1.46722755265,-0.0145186223384,0.0196001112143,-0.0122275141083,0.00955055403833,1.17635459451,0.0116960449037,0.00332659068526
0.718718718719,0.292864342711,1,-1.32117273997,-0.0127509699845,0.0228207684311,-0.0104711217041,0.0117328448293,-1.61403708268,0.0147148558121,0.0053763977088
0.71971971972,0.295032601576,0,-1.08114602241,-0.0110299036563,0.0261541990147,-0.00876246813876,0.0140277529186,-1.08114602241,0.0178770248747,0.00755714293997
0.720720720721,0.295095609891,0,0.695541840477,-0.00935558677661,0.0295776229158,-0.00710161110825,0.0164182479051,0.695541840477,0.021131638117,0.00983539907536
0.721721721722,0.294204457362,0,1.1517357172,-0.00772798322838,0.0329207923045,-0.0054884460436,0.0187139371091,1.1517357172,0.0243084285359,0.012020908136
0.722722722723,0.291824965539,1,7.22580173435,-0.00614696907017,0.0361398501311,-0.00392290840917,0.020874109152,6.93397676881,0.0273635415176,0.0140733345856
0.723723723724,0.286413462352,0,-0.0380718202985,-0.00461228243044,0.0386515586911,-0.00240461310282,0.0228367292185,-0.0380718202985,0.0297417358421,0.0159310416698
0.724724724725,0.279915992562,0,0.18679271238,-0.00312337576124,0.0411531596541,-0.000932965235269,0.0247869102324,0.18679271238,0.0321122172832,0.0177783295589
0.725725725726,0.271309912351,0,0.943921381737,-0.00167960227402,0.0436227514378,0.00049264333401,0.0266981844442,0.943921381737,0.0344530964973,0.019588351872
0.726726726727,0.261708399135,0,-0.270259198856,-0.000280117015036,0.045987419885,0.00187314776627,0.0284901460315,-0.270259198856,0.0366914715664,0.0212813979805
0.727727727728,0.252677105278,0,0.391495668141,0.00107601745792,0.048363674953,0.00320955878243,0.0302968565878,0.391495668141,0.0389438451678,0.0229909488512
0.728728728729,0.240474594755,0,0.431089976806,0.00238968221308,0.0506880751794,0.00450275671088,0.0320410507212,0.431089976806,0.0411467685589,0.0246397667837
0.72972972973,0.229550097002,0,0.608591334436,0.00366206251087,0.0529567790464,0.00575394720149,0.0337182339914,0.608591334436,0.0432964256561,0.0262236581546
0.730730730731,0.217594180314,0,0.427270992305,0.00489422175992,0.0551526267279,0.00696431345656,0.0353091906029,0.427270992305,0.045375682067,0.0277232596617
0.731731731732,0.203894280511,0,0.819930370129,0.00608732382703,0.057293145385,0.00813505257067,0.0368338071535,0.819930370129,0.0474020649528,0.0291584068538
0.732732732733,0.189084430095,0,0.179593419234,0.00724270194239,0.0593406613514,0.00926750866123,0.0382509672871,0.179593419234,0.0493379006471,0.0304883222129
0.733733733734,0.175034181653,0,0.182006086817,0.00836179856073,0.0613569197021,0.0103631788468,0.0396307667428,0.182006086817,0.0512449657323,0.0317826717927
0.734734734735,0.161841614842,0,0.242234915933,0.00944598665976,0.0633418280214,0.0114235439263,0.0409730241169,0.242234915933,0.0531231993,0.0330412486741
0.735735735736,0.147902079271,1,0.949421680534,0.010496561011,0.0652895664113,0.0124499382345,0.0422706693258,0.801519601263,0.0549667814521,0.0342570209187
0.736736736737,0.132904819041,0,-0.583727169416,0.0115148930734,0.0671319060524,0.0134437761159,0.0434492561118,-0.583727169416,0.0567217115429,0.0353697448894
0.737737737738,0.115203711123,0,1.47214927408,0.0125024610881,0.0690156524269,0.014406574568,0.0446779302145,1.47214927408,0.0585206262559,0.0365342072843
0.738738738739,0.0975656167786,0,-0.457627387018,0.0134610078627,0.0707435330829,0.0153401548761,0.0457489155222,-0.457627387018,0.0601662531392,0.0375435399042
0.73973973974,0.0794962935313,0,1.7068298953,0.0143922747308,0.0725009217704,0.0162463541356,0.0468566822195,1.7068298953,0.0618439659427,0.0385913651272
0.740740740741,0.0600725918416,0,0.526163692481,0.0152980480011,0.0740802013437,0.0171270054366,0.0477947818839,0.526163692481,0.0633461475209,0.0394722512259
0.741741741742,0.0415965944664,0,0.149249786491,0.0161802465533,0.0755949357926,0.0179840884347,0.0486567225309,0.149249786491,0.0647863618634,0.0402789370943
0.742742742743,0.0260529888778,0,-0.224636779402,0.0170407002879,0.0770814742608,0.0188194765687,0.0494859722698,-0.224636779402,0.0662009581141,0.0410546672027
0.743743743744,0.0115827674108,0,0.160045785911,0.0178809594876,0.0785758309432,0.0196347828934,0.050326627095,0.160045785911,0.0676259504677,0.0418435673938
0.744744744745,0.00207746929981,0,-0.685113476512,0.0187024736425,0.0800414383002,0.0204315365197,0.0511337813485,-0.685113476512,0.0690248041862,0.0426007643815
0.745745745746,-0.00626206903579,0,-0.168385579513,0.019506218655,0.0815596698268,0.0212107367633,0.0520026565,-0.168385579513,0.0704789255658,0.04342143445
0.746746746747,-0.0155828411228,0,-0.70172551483,0.0202930623159,0.0830808670428,0.0219732880981,0.0528770431622,-0.70172551483,0.0719386561264,0.044249416912
0.747747747748,-0.0246322128666,0,0.447228487774,0.0210639710809,0.0846560579243,0.0227201747918,0.0538147894212,0.447228487774,0.0734549867979,0.0451424300063
0.748748748749,-0.0346879753186,0,0.675048079436,0.0218198902948,0.0861748108128,0.0234523665725,0.0546859938257,0.675048079436,0.0749173750511,0.0459706249458
0.74974974975,-0.0436085164053,0,-0.566580816069,0.0225618670155,0.087615285617,0.0241709427372,0.0554660356542,-0.566580816069,0.0763039069702,0.046709448112
0.750750750751,-0.049159387673,1,1.30560970748,0.0232908445614,0.0890969528526,0.0248768889929,0.056296070326,1.35476909515,0.0777340863338,0.0474997341628
0.751751751752,-0.0523685846787,0,-0.231614601301,0.0240074517402,0.0904403293742,0.0255708515926,0.0569804658719,-0.231614601301,0.0790237439963,0.0481432779353
0.752752752753,-0.0506748746517,1,1.34859154267,0.0247121012315,0.0917925524937,0.0262532451155,0.0576781822404,1.39926641732,0.0803247639172,0.04880164837
0.753753753754,-0.0440131115338,0,-1.04102696086,0.0254047394307,0.0930013900967,0.0269240193932,0.0582271157967,-1.04102696086,0.0814800766171,0.0493101427279
0.754754754755,-0.0333064474119,0,-0.165360802784,0.0260848398558,0.0942961321696,0.0275826191297,0.0588692336117,-0.165360802784,0.0827238368319,0.0499134489244
0.755755755756,-0.0182956411501,0,-0.680024700339,0.0267514918638,0.0955925681252,0.0282281259638,0.0595165537434,-0.680024700339,0.0839718567077,0.0505234685667
0.756756756757,-0.00247661295104,0,-0.105011064788,0.027403375745,0.0969399916002,0.0288591910178,0.0602249353349,-0.105011064788,0.0852733704744,0.0511960244904
0.757757757758,0.0131729562327,0,-0.213254900926,0.028039098412,0.0982833499582,0.0294744072817,0.0609315724946,-0.213254900926,0.0865732612331,0.0518681518491
0.758758758759,0.0293978497684,0,-0.329775571642,0.028657287905,0.0996332377199,0.0300723796353,0.0616493090781,-0.329775571642,0.0878821413822,0.0525527138625
0.75975975976,0.0473898928755,0,0.857854286484,0.029256522978,0.101000827943,0.0306516472764,0.0623915301376,0.857854286484,0.0892111839795,0.0532631032404
0.760760760761,0.0654680891864,0,0.590627181387,0.0298352199012,0.102272054224,0.0312105983285,0.0630246899927,0.590627181387,0.0904463226213,0.0538661744044
0.761761761762,0.0859218531866,0,-0.144209410494,0.0303917947822,0.10347265957,0.031747615681,0.0635759590529,-0.144209410494,0.0916133003159,0.0543889409612
0.762762762763,0.111252438189,1,1.92541025546,0.0309244440257,0.104673268136,0.0322608469673,0.0641305201843,1.81415781727,0.0927826551013,0.054916244751
0.763763763764,0.139515237614,0,-0.164039804861,0.0314309035193,0.105675300473,0.0327479968319,0.0645069708739,-0.164039804861,0.0937664015637,0.0552718885245
0.764764764765,0.17161953498,0,0.776644529671,0.0319086338428,0.106679603649,0.033206478164,0.0648893722067,0.776644529671,0.0947547066211,0.0556346257594
0.765765765766,0.207484201325,0,-0.00885289514112,0.0323547305884,0.107596005464,0.033633340624,0.0651710970105,-0.00885289514112,0.0956573980753,0.0558981855891
0.766766766767,0.244519064598,1,-1.91934936338,0.0327659289942,0.108500071796,0.0340252881105,0.0654407196054,-2.16386842798,0.0965499486304,0.0561507807919
0.767767767768,0.279457802528,0,0.0591520175812,0.033138849684,0.109575544625,0.0343789175762,0.065850640383,0.0591520175812,0.0976394807403,0.056551624942
0.768768768769,0.312731434365,0,0.401925862318,0.0334703101032,0.110632635068,0.0346910330239,0.066240693532,0.401925862318,0.0987127318776,0.0569337343171
0.76976976977,0.341434295823,0,0.917306169671,0.0337572815296,0.11163836557,0.0349586186279,0.0665706302449,0.917306169671,0.0997366335056,0.0572568763407
0.770770770771,0.366575204939,0,1.31070254174,0.0339971666302,0.112543239867,0.0351791068809,0.0667865532735,1.31070254174,0.100661598378,0.0574673663338
0.771771771772,0.384052122253,0,0.519452785009,0.0341877019417,0.113309560215,0.0353502743492,0.0668565982548,0.519452785009,0.101449928754,0.0575336250338
0.772772772773,0.393515293193,0,1.60606776908,0.0343273515769,0.11401374926,0.0354706225028,0.0668535418751,1.60606776908,0.102178061263,0.057527907939
0.773773773774,0.392266640364,0,0.101816167047,0.0344153405202,0.114552091312,0.0355394006797,0.0666873008588,0.101816167047,0.102742294203,0.0573608569081
0.774774774775,0.381613315376,1,1.74180632699,0.0344519135809,0.115069086717,0.0355568568209,0.0664968021937,1.36019301162,0.103287143906,0.0571705145903
0.775775775776,0.36454832875,0,0.123455599132,0.0344382106653,0.115407218953,0.035524112484,0.0661365174837,0.123455599132,0.103691744422,0.0568332491978
0.776776776777,0.340248625325,1,0.477208602021,0.0343759804186,0.115721762159,0.0354428891087,0.0657491871152,0.136959976695,0.104074735305,0.0564699252178
0.777777777778,0.312478982985,1,1.16177497935,0.0342676603761,0.115978520572,0.0353155923599,0.0652935289446,0.849295996367,0.104434600665,0.0560787657059
0.778778778779,0.281260587511,0,0.667980956258,0.0341160170326,0.116111697523,0.0351449671755,0.0647033264664,0.667980956258,0.10470289424,0.0555816855534
0.77977977978,0.248573001847,0,0.572343350049,0.0339241451639,0.116168791761,0.034934097524,0.0640241599761,0.572343350049,0.104897054633,0.0549967988485
0.780780780781,0.214633322169,0,0.477400295453,0.0336952791366,0.11615908971,0.0346862220496,0.063266315972,0.477400295453,0.105026305868,0.0543342746147
0.781781781782,0.179913025204,0,-0.617299638737,0.0334327735883,0.116091784602,0.0344047134758,0.0624402940895,-0.617299638737,0.105099782237,0.0536044786812
0.782782782783,0.14745738796,0,-0.310141772616,0.0331400595753,0.116072245059,0.0340930327382,0.0616714129018,-0.310141772616,0.105222735392,0.0529324268515
0.783783783784,0.118248863674,1,-0.654443217457,0.0328203534605,0.116071306976,0.0337544413446,0.0609267349088,-0.772692081131,0.105365943204,0.0522852605104
0.784784784785,0.0937884502702,1,0.784497709813,0.0324765642192,0.116122159419,0.0333918868417,0.0602431962325,0.690709259543,0.105573946538,0.0517113921161
0.785785785786,0.0751327213446,1,2.03687664101,0.0321111508895,0.116086781414,0.0330078608522,0.0594595189874,1.96174391966,0.10570637624,0.0510478027276
0.786786786787,0.0606913355446,0,-0.77005872105,0.0317260218435,0.115844883545,0.0326042971231,0.0584957746151,-0.77005872105,0.105641151958,0.0502082176039
0.787787787788,0.0480703737775,0,-1.11068698053,0.0313226873363,0.115665943583,0.0321827276721,0.0576044806297,-1.11068698053,0.105640538778,0.0494418384337
0.788788788789,0.0373381778114,0,0.506210301945,0.0309024888724,0.11558268561,0.0317445146053,0.0568144403806,0.506210301945,0.105737260784,0.0487774438011
0.78978978979,0.0282058451464,1,0.333999260538,0.0304665919435,0.115439776849,0.0312908261856,0.0559534925879,0.305793415391,0.105775976869,0.0480429797757
0.790790790791,0.0208458154875,0,-0.199959599151,0.0300160123337,0.115253715246,0.0308226953155,0.0550411064292,-0.199959599151,0.10577588439,0.0472611330325
0.791791791792,0.0172732046202,1,-1.40639246823,0.0295515980135,0.115075936021,0.0303409768781,0.0541404291266,-1.42366567285,0.105785651544,0.0464915531803
0.792792792793,0.0180079716525,0,-0.854289585146,0.0290738344687,0.115022479713,0.0298461584681,0.0533606296825,-0.854289585146,0.105922917803,0.0458446728728
0.793793793794,0.0203959554334,0,-0.438381393648,0.0285827940392,0.115040315096,0.0293383040625,0.0526614375114,-0.438381393648,0.106132936468,0.045278979599
0.794794794795,0.0239932557666,0,-0.49292864762,0.0280783900761,0.115089451511,0.0288173293152,0.0520011574571,-0.49292864762,0.106375659624,0.0447526279217
0.795795795796,0.0286358656325,0,-0.0575545846064,0.0275604191381,0.115175305924,0.0282830135843,0.0513858385616,-0.0575545846064,0.106656504238,0.0442717189921
0.796796796797,0.0319738317251,0,-0.230731931176,0.0270285767119,0.115256338307,0.0277350348669,0.0507660653775,-0.230731931176,0.106933930282,0.0437868396829
0.797797797798,0.0376438269841,0,-0.337437654463,0.0264826822335,0.115349130906,0.0271732110012,0.0501620973835,-0.337437654463,0.10722452,0.0433182824985
0.798798798799,0.0461786625546,0,-0.795449356644,0.0259223294589,0.115463977587,0.0265971098478,0.0495861689358,-0.795449356644,0.107538567259,0.0428782694326
0.7997997998,0.0590789288909,0,-0.582084987592,0.0253468350187,0.115645112748,0.0260060341273,0.0490861512368,-0.582084987592,0.107920306459,0.0425147409776
0.800800800801,0.0792227531187,1,-1.05187329058,0.0247550938989,0.115872098966,0.0253988547881,0.0486411064305,-1.1310960437,0.108349300174,0.0422067339868
0.801801801802,0.107006082481,1,-3.08337425849,0.0241453030369,0.116190177504,0.0247737331441,0.0482942233917,-3.19038034097,0.108878394992,0.0420035604265
0.802802802803,0.141093401917,0,0.00105494388111,0.0235149231321,0.116794336932,0.02412809874,0.0481082682531,0.00105494388111,0.109705199062,0.0419626996471
0.803803803804,0.177293720986,0,-0.678256935364,0.0228608064893,0.117388242775,0.0234587534858,0.0479110810245,-0.678256935364,0.110523041915,0.0419110400212
0.804804804805,0.216065854283,0,1.64417594646,0.0221795995057,0.118037112665,0.0227623039848,0.0477785826589,1.64417594646,0.11139712529,0.041924539586
0.805805805806,0.25170794442,0,0.236532565914,0.0214676990131,0.118518091773,0.0220351272497,0.0474830848527,0.236532565914,0.112104594356,0.0417760145396
0.806806806807,0.283185003022,0,-0.125878658463,0.020721800187,0.118966410511,0.0212739050005,0.0471486104512,-0.125878658463,0.112780679527,0.0415889616274
0.807807807808,0.307256608103,1,-3.47987823797,0.0199389967346,0.119416888798,0.0204757543299,0.0468181909351,-3.78713484607,0.113460180896,0.0414063615605
0.808808808809,0.320391754664,0,0.466154041768,0.0191170926842,0.120191721616,0.0196385093034,0.0466501625497,0.466154041768,0.114494770022,0.0413873738123
0.80980980981,0.325117276609,0,0.118431733023,0.0182549418344,0.120912167901,0.0187610589003,0.046417029376,0.118431733023,0.115476186276,0.0413037328342
0.810810810811,0.320823519402,0,1.51044714615,0.0173522055031,0.121611552673,0.0178430713791,0.046159158507,1.51044714615,0.116437731511,0.0411957247825
0.811811811812,0.310724888081,0,-0.53375916233,0.0164094109058,0.122156410579,0.0168850628046,0.0457459854759,-0.53375916233,0.117245940375,0.0409331973187
0.812812812813,0.297949606324,0,0.089285466751,0.0154276422628,0.122743151577,0.0158881084233,0.0453835513228,0.089285466751,0.118097193195,0.0407217513953
0.813813813814,0.281444704496,0,0.000675018033486,0.0144082408355,0.123312185906,0.0148535469599,0.0450004454391,0.000675018033486,0.118931870579,0.0404899501533
0.814814814815,0.265081152848,0,-0.32529924457,0.0133529068989,0.123872396812,0.0137830816962,0.0446075816107,-0.32529924457,0.11975882811,0.0402486904105
0.815815815816,0.24540194934,0,0.447497149533,0.0122633294316,0.124455374931,0.0126783931453,0.0442433687619,0.447497149533,0.12060962876,0.0400363873236
0.816816816817,0.225625218509,0,-0.525731225352,0.0111415196801,0.124987080423,0.011541461449,0.0438174440699,-0.525731225352,0.12141023269,0.0397627606667
0.817817817818,0.204470039809,0,-0.176481205979,0.00998950320313,0.125561042151,0.010374321646,0.0434425706815,-0.176481205979,0.122254168762,0.0395404846808
0.818818818819,0.183585108715,0,0.873985914916,0.008809442922,0.126143848847,0.0091791647576,0.0430795365402,0.873985914916,0.123108025708,0.039330351746
0.81981981982,0.162774750964,0,0.491704612455,0.00760348017809,0.12663485308,0.00795813416957,0.0426108258195,0.491704612455,0.123871156097,0.0390150190694
0.820820820821,0.144054486507,1,5.47168530894,0.00637375231632,0.127070852204,0.00671334969487,0.0420759060758,5.32763082243,0.124580313411,0.0386338554224
0.821821821822,0.128068934835,0,0.692351344932,0.00512219835671,0.126973743508,0.00544677757432,0.0413478206871,0.692351344932,0.124771180187,0.038060307615
0.822822822823,0.116180996452,0,1.59430797325,0.00385049602149,0.126802336826,0.00416012658288,0.0405320254663,1.59430797325,0.124888737138,0.0373993406264
0.823823823824,0.103274856348,0,1.24043046974,0.00255992985094,0.126470262617,0.00285468295251,0.0395584964724,1.24043046974,0.124846588686,0.0365810803779
0.824824824825,0.0932580355382,1,-1.19684111942,0.00125188222193,0.126011853274,0.00153180910775,0.0384495284633,-1.29009915496,0.124679041189,0.0356277622697
0.825825825826,0.0816557663399,0,0.0795433686079,-7.25416000871e-05,0.12566114485,0.0001926491346,0.0374527726901,0.0795433686079,0.124629057064,0.0347931328158
0.826826826827,0.0706897354788,1,0.79194407308,-0.0014120836326,0.125295452195,-0.00116152377449,0.036438132233,0.721254337601,0.124564972128,0.0339408297104
0.827827827828,0.0566180818993,0,0.82873165042,-0.0027655457411,0.124846437819,-0.00252953284179,0.0353263725642,0.82873165042,0.124425235051,0.0329987187435
0.828828828829,0.0406726123591,0,-0.155319934007,-0.00413142949755,0.124310702417,-0.003909861611,0.0341140861408,-0.155319934007,0.124199634156,0.0319562348943
0.82982982983,0.0187441144591,0,-0.139077662152,-0.00550805337822,0.123782808854,-0.00530078613764,0.03291217396,-0.139077662152,0.123982706095,0.0309241220904
0.830830830831,-0.00651023855684,1,1.89588367213,-0.00689315707454,0.123261652439,-0.00670003229283,0.0317187427497,1.90239391069,0.123773319561,0.0299006403265
0.831831831832,-0.0353786968178,0,-0.635963235401,-0.0082841556981,0.122552486069,-0.0081050210208,0.0303563466164,-0.635963235401,0.123376075857,0.0287083218734
0.832832832833,-0.0617728733527,0,-0.551721395019,-0.00967811171595,0.121898629094,-0.00951273728661,0.0290586555298,-0.551721395019,0.123034919311,0.0275807509473
0.833833833834,-0.0858721501177,0,-0.150072067141,-0.0110723192609,0.121292086777,-0.0109204484549,0.0278170149438,-0.150072067141,0.122741855187,0.0265092330022
0.834834834835,-0.104401086472,0,-0.0498712990352,-0.0124642869962,0.120694549672,-0.0123256790479,0.0265861615306,-0.0498712990352,0.122458574038,0.0254486782084
0.835835835836,-0.11985471789,0,-0.52211109462,-0.013852052819,0.120096843141,-0.0137264297164,0.0253546564074,-0.52211109462,0.122175840509,0.024387547347
0.836836836837,-0.129547526562,0,0.104594944745,-0.0152339445291,0.119544611781,-0.015121002933,0.0241768631269,0.104594944745,0.121939204474,0.0233801101365
0.837837837838,-0.13749483608,0,-0.358523362935,-0.016608838103,0.118977928613,-0.0165083060243,0.0229805055419,-0.358523362935,0.121688642763,0.0223539290377
0.838838838839,-0.145563799498,0,0.332061614071,-0.0179757729065,0.118441386014,-0.0178873830844,0.0218200106348,0.332061614071,0.121468685562,0.0213635330174
0.83983983984,-0.153869868509,0,-0.514458700419,-0.019333773775,0.117868645839,-0.019257230812,0.020614201473,-0.514458700419,0.121212994726,0.0203276725435
0.840840840841,-0.164687448288,0,0.138821154063,-0.0206818419285,0.117340926434,-0.0206168568323,0.019461217353,0.138821154063,0.121002788602,0.0193445498144
0.841841841842,-0.175099761409,0,0.0149086665357,-0.0220187381418,0.116795537289,-0.0219650647969,0.0182855779632,0.0149086665357,0.120775376681,0.0183385918069
0.842842842843,-0.183385677156,0,-0.249689404722,-0.0233432642033,0.116244572257,-0.0233006207783,0.0171019435796,-0.249689404722,0.120542852815,0.0173245175917
0.843843843844,-0.190359587846,1,7.91420120701,-0.0246544293197,0.115713631628,-0.0246225284237,0.0159417523419,8.10456079485,0.120330817295,0.0163338246885
0.844844844845,-0.196233578622,0,0.22005209642,-0.025951371851,0.114419296375,-0.0259299630481,0.0145947931338,0.22005209642,0.119337576717,0.0151561719726
0.845845845846,-0.202723339488,0,-0.636377949501,-0.0272333379155,0.113100580974,-0.0272221754514,0.0132164359343,-0.636377949501,0.118320419934,0.0139470460805
0.846846846847,-0.20964284262,0,-0.235101796849,-0.028499514708,0.111839922214,-0.0284983289158,0.0119051837072,-0.235101796849,0.117361783734,0.012804846196
0.847847847848,-0.219216071594,0,-1.14525171494,-0.0297490461555,0.110598943925,-0.029757569779,0.0106167561472,-1.14525171494,0.116423291948,0.0116854028908
0.848848848849,-0.227091218905,0,0.489705013815,-0.0309808177474,0.109465072952,-0.0309988292667,0.00944131617157,0.489705013815,0.115592371418,0.0106787305941
0.84984984985,-0.234239235354,0,-0.068361618481,-0.0321938732758,0.108281455833,-0.0322211363074,0.00820405551713,-0.068361618481,0.114712168685,0.0096102570519
0.850850850851,-0.239368296513,0,-0.15570864391,-0.0333873215288,0.107101843817,-0.0334235929269,0.00697017369351,-0.15570864391,0.113836434998,0.00854499219429
0.851851851852,-0.24294690169,1,2.34871633202,-0.0345604606056,0.105934965759,-0.0346055024349,0.00575032086972,2.59166323371,0.11297389921,0.0074936914255
0.852852852853,-0.244082683267,1,0.907105205549,-0.0357127336513,0.104540874234,-0.0357663542426,0.00435571654473,1.15118788882,0.111861291182,0.00626375315731
0.853853853854,-0.24249871864,0,-0.543003344406,-0.0368438152035,0.103058299604,-0.0369058081359,0.00285872662016,-0.543003344406,0.11063723224,0.004911210603
0.854854854855,-0.241367841529,0,0.561831952497,-0.0379536377488,0.101626568897,-0.0380237956174,0.00142088039993,0.561831952497,0.109464429855,0.00361759906854
0.855855855856,-0.240696551951,0,-0.981846402351,-0.0390420866798,0.10013940484,-0.0391202039624,-8.50794570971e-05,-0.981846402351,0.108236502007,0.00225561728865
0.856856856857,-0.242000432757,0,0.623479692261,-0.0401089990846,0.0987447979342,-0.0401949169949,-0.00148955450811,0.623479692261,0.107101385761,0.000995034803393
0.857857857858,-0.242499106076,0,0.618770201278,-0.0411540173526,0.097289291421,-0.0412475745104,-0.00296851608823,0.618770201278,0.105905564754,-0.00034024073684
0.858858858859,-0.242562677057,1,13.9025350648,-0.0421768553532,0.0957741303207,-0.0422778846594,-0.00452101698035,14.1450977418,0.104650224401,-0.0017493791067
0.85985985986,-0.239305409457,0,-0.334957146101,-0.0431772631061,0.0929244030735,-0.043285598771,-0.00625492628314,-0.334957146101,0.102037167313,-0.00334034828568
0.860860860861,-0.237622730179,0,-1.09363230704,-0.044155304739,0.0901072207849,-0.0442708203528,-0.00795146914034,-1.09363230704,0.0994567904248,-0.0048940491234
0.861861861862,-0.232795550086,0,-0.252728718457,-0.0451108898946,0.0873957096914,-0.0452334781164,-0.00953506921861,-0.252728718457,0.0969822199737,-0.00633523786297
0.862862862863,-0.228299850167,1,0.251355249977,-0.0460442283529,0.0847092672148,-0.0461737795855,-0.0110905787444,0.479655100145,0.0945328533813,-0.00774835502895
0.863863863864,-0.223569082107,0,-0.322084739985,-0.0469554983267,0.0819996412867,-0.0470919134468,-0.0126775166266,-0.322084739985,0.092038521969,-0.00921890245508
0.864864864865,-0.21737169935,1,-4.9337471297,-0.0478449026549,0.0793222174907,-0.0479880816434,-0.0142279001017,-4.71637543035,0.0895765279306,-0.0106531795968
0.865865865866,-0.211166166733,1,-3.02014046826,-0.048712788605,0.0771199783093,-0.0488626732377,-0.0155985421654,-2.80897430153,0.0875689862324,-0.0119080934786
0.866866866867,-0.203780146579,1,-0.303134195031,-0.0495595088642,0.0752093010681,-0.0497160617729,-0.0167910963052,-0.0993540484521,0.0858328165106,-0.0129868670848
0.867867867868,-0.193134074079,0,-1.49710130817,-0.0503855341267,0.0733295177297,-0.0505487227902,-0.0179484388464,-1.49710130817,0.0841080063643,-0.0140546974771
0.868868868869,-0.179456499529,0,-0.298219413459,-0.0511916523806,0.0715956070547,-0.05136145369,-0.0189637618836,-0.298219413459,0.0825290972915,-0.0149810595621
0.86986986987,-0.162195082083,0,-0.682185313084,-0.0519789462173,0.0698927944984,-0.0521553606695,-0.019943899033,-0.682185313084,0.0809813147476,-0.0158724536741
0.870870870871,-0.143352657101,0,0.707320189334,-0.0527488445181,0.0682582958852,-0.0529318880197,-0.0208462975677,0.707320189334,0.079501874557,-0.016686426386
0.871871871872,-0.123883305722,0,-0.0915162702186,-0.0535029285526,0.0665591394903,-0.0536926760922,-0.0218271909815,-0.0915162702186,0.0779578049949,-0.0175792381303
0.872872872873,-0.103351424892,0,0.886589962108,-0.0542428387683,0.064872259402,-0.0544393991262,-0.0227962076136,0.886589962108,0.0764260401496,-0.0184604418128
0.873873873874,-0.0823267515091,0,-0.0986880126546,-0.0549703155223,0.0631039954457,-0.0551738289528,-0.0238600642176,-0.0986880126546,0.0748129198465,-0.0194369291631
0.874874874875,-0.060613197544,0,1.41293153329,-0.0556871442319,0.0613492584471,-0.0558977839778,-0.0249106930018,1.41293153329,0.0732133549111,-0.0204003900605
0.875875875876,-0.0389246478418,0,-0.296595138329,-0.0563951744392,0.0594633429269,-0.0566131623475,-0.0260940273472,-0.296595138329,0.0714826398646,-0.0214971026289
0.876876876877,-0.0170009031226,0,1.39859734735,-0.0570962524528,0.0576108467469,-0.0573218349332,-0.0272398501442,1.39859734735,0.0697853725683,-0.0225565537994
0.877877877878,0.00575651712003,0,1.06395860768,-0.0577922477531,0.0556292793056,-0.05802573998,-0.0285165815765,1.06395860768,0.0679590624209,-0.0237474840368
0.878878878879,0.0280380719474,1,1.4884593093,-0.0584851117061,0.0535508593434,-0.0587268753602,-0.0299010271704,1.46042123736,0.0660358720375,-0.025046631298
0.87987987988,0.0508030397851,0,1.03432489746,-0.0591767532312,0.0513350345782,-0.0594271893363,-0.0314206714769,1.03432489746,0.063977884644,-0.0264801671915
0.880880880881,0.0713410582886,0,0.639826092511,-0.0598691318304,0.049025541234,-0.0601286711215,-0.0330448218305,0.639826092511,0.0618261448309,-0.0280188116915
0.881881881882,0.0932905298865,0,-0.0144143353627,-0.0605639979499,0.0466602603429,-0.0608331022017,-0.0347375095348,-0.0144143353627,0.059618477784,-0.0296265507171
0.882882882883,0.114682847952,0,-0.39554764753,-0.0612632421908,0.0443019912653,-0.0615423933222,-0.0364249569906,-0.39554764753,0.0574175740823,-0.0312295887413
0.883883883884,0.133941721501,0,0.564829248047,-0.0619687063005,0.0419873889949,-0.0622583991895,-0.0380625788194,0.564829248047,0.055260035785,-0.0327834091405
0.884884884885,0.150917751459,0,1.48167032723,-0.0626820318802,0.0396243762799,-0.0629828013248,-0.03976090405,1.48167032723,0.0530537856402,-0.0343986735743
0.885885885886,0.163286622656,0,-0.132493474705,-0.0634046458222,0.0371251063452,-0.0637170399296,-0.041592687722,-0.132493474705,0.0507109768726,-0.0361483509419
0.886886886887,0.168373554595,0,0.595712295408,-0.0641375371662,0.0346447334039,-0.0644621031827,-0.0434047665662,0.595712295408,0.0483867636956,-0.0378788658752
0.887887887888,0.166420556207,0,-0.161617979676,-0.0648810002792,0.0321133441687,-0.0652182842945,-0.0452801691638,-0.161617979676,0.0460112328219,-0.0396734402788
0.888888888889,0.157485201382,0,-0.419882334561,-0.0656346580517,0.0296036222524,-0.0659852138468,-0.0471325315287,-0.419882334561,0.0436570678641,-0.0414455513407
0.88988988989,0.142008585445,0,0.283046275288,-0.0663974679453,0.0271406105666,-0.0667618358498,-0.0489319011933,0.283046275288,0.0413493117338,-0.0431652858043
0.890890890891,0.123586057908,0,-1.24920942977,-0.0671677646005,0.0246569525268,-0.0675465192572,-0.050760331575,-1.24920942977,0.0390206078467,-0.0449147056915
0.891891891892,0.103289725924,0,-0.0186031025812,-0.0679436048644,0.0222999030036,-0.0683373338259,-0.052457061939,-0.0186031025812,0.0368182110732,-0.0465332188935
0.892892892893,0.0858636035426,0,-0.0474647674116,-0.0687228705853,0.0199520611024,-0.0691321530527,-0.0541470383625,-0.0474647674116,0.0346246810027,-0.0481456297121
0.893893893894,0.0708925813641,0,-0.0697039361219,-0.0695037235309,0.0176169129487,-0.06992912664,-0.0558265176622,-0.0697039361219,0.0324434642444,-0.0497480755117
0.894894894895,0.0591804476362,1,-0.105254319539,-0.0702845656829,0.0152967865748,-0.0707266495341,-0.0574928126785,-0.164434767175,0.0302768438196,-0.0513378906911
0.895895895896,0.0471188556994,1,2.17299334327,-0.0710641164655,0.0129953071762,-0.0715234139715,-0.0591416310414,2.12587448757,0.02813408119,-0.0529039133471
0.896896896897,0.0349358155888,0,-0.828094154858,-0.0718410663752,0.0104940635043,-0.0723181354417,-0.0609449071417,-0.828094154858,0.0257956072034,-0.0546246194864
0.897897897898,0.0218468953135,0,0.223481525499,-0.0726140993033,0.00808127534238,-0.07310950112,-0.062650364431,0.223481525499,0.0235451182692,-0.056248170603
0.898898898899,0.00594827616103,0,0.292836023333,-0.0733818177815,0.00565610047834,-0.0738960946626,-0.0643762761963,0.292836023333,0.0212817721752,-0.0578929110323
0.8998998999,-0.0139165294194,0,-0.0163009405376,-0.0741425608484,0.00321284162842,-0.0746762348487,-0.0661303117175,-0.0163009405376,0.0189998443409,-0.0595664411336
0.900900900901,-0.0371940877099,1,-1.79984561912,-0.0748942933862,0.00078203571317,-0.0754478594477,-0.0678764895078,-1.76265153141,0.0167298443898,-0.061232659111
0.901901901902,-0.0613990167497,0,-0.0115594361473,-0.0756346593897,-0.00146511061801,-0.0762085600534,-0.0694572264391,-0.0115594361473,0.0146394083676,-0.0627362038552
0.902902902903,-0.0874384881674,0,-0.678554221474,-0.0763612200198,-0.00370009200367,-0.0769558932605,-0.071030460985,-0.678554221474,0.0125606122396,-0.0642328511742
0.903903903904,-0.11106230185,1,1.02813383409,-0.0770713652938,-0.00585862199954,-0.077687219635,-0.0725200959484,1.13919613594,0.0105577424499,-0.0656465598222
0.904904904905,-0.13504244744,0,-0.0505778356236,-0.0777627208414,-0.00810446357643,-0.0784001212258,-0.074108746882,-0.0505778356236,0.00845637413221,-0.0671685537937
0.905905905906,-0.157032667761,0,-0.630478223989,-0.0784328810275,-0.0103341046548,-0.0790921511234,-0.0756850962086,-0.630478223989,0.00637068126165,-0.0686788106774
0.906906906907,-0.179275013995,0,-0.267424138792,-0.0790796336587,-0.012491716483,-0.0797610646071,-0.0771828189392,-0.267424138792,0.00435649258983,-0.0701110571813
0.907907907908,-0.201589157809,0,-1.05405778436,-0.0797007447325,-0.0146120653877,-0.080404577606,-0.0786426553268,-1.05405778436,0.00237904179021,-0.0715060907224
0.908908908909,-0.225037185931,0,-0.801176206653,-0.0802939761655,-0.0166197711432,-0.0810204224422,-0.0799832858904,-0.801176206653,0.000513709088292,-0.0727827264469
0.90990990991,-0.24912284772,0,-0.321030206173,-0.0808569842229,-0.0185391069936,-0.0816062460269,-0.081228059526,-0.321030206173,-0.00126377875984,-0.0739641770396
0.910910910911,-0.271443376736,0,-0.792864691362,-0.0813873670778,-0.020416214161,-0.0821596224172,-0.0824291223852,-0.792864691362,-0.00299956297634,-0.0751025310976
0.911911911912,-0.292466162775,0,-0.719965074399,-0.0818828946326,-0.0222058455514,-0.0826782969168,-0.0835353279257,-0.719965074399,-0.00464839646719,-0.0761468114452
0.912912912913,-0.308318304397,0,-0.36234580117,-0.0823414626011,-0.0239150089012,-0.0831601445183,-0.0845541329709,-0.36234580117,-0.00621728696881,-0.0771043549599
0.913913913914,-0.318783969723,0,-1.20304213374,-0.0827614630357,-0.0255779865998,-0.0836035432998,-0.0855247128788,-1.20304213374,-0.00774053578701,-0.078014271306
0.914914914915,-0.32620992412,0,-0.0283016080257,-0.0831418045924,-0.0271140080868,-0.0840073933916,-0.0863642988764,-0.0283016080257,-0.00913740968177,-0.0787941192815
0.915915915916,-0.33081546257,0,-0.00972772167946,-0.0834816877584,-0.0286359119718,-0.0843708807243,-0.0871948661071,-0.00972772167946,-0.0105207656671,-0.079565614809
0.916916916917,-0.334573704286,0,-0.103987331877,-0.0837805847341,-0.0301453551758,-0.0846934617477,-0.0880185254861,-0.103987331877,-0.011892260664,-0.0803308867349
0.917917917918,-0.339052117899,0,0.296386500541,-0.084038051473,-0.031633211653,-0.0849746802886,-0.0888241176864,0.296386500541,-0.0132427686267,-0.0810787295945
0.918918918919,-0.346459928344,0,-0.775953668357,-0.0842535787074,-0.0331378881104,-0.0852140126357,-0.0896581827558,-0.775953668357,-0.0146106962622,-0.0818556620673
0.91991991992,-0.355718435508,0,0.518095054976,-0.0844263813124,-0.0345564431827,-0.0854106700383,-0.090399112281,0.518095054976,-0.0158931022051,-0.0825402701881
0.920920920921,-0.36682580509,0,-0.850541374533,-0.0845555028203,-0.0360130769951,-0.0855636868102,-0.0911924611193,-0.850541374533,-0.0172142141644,-0.083278042076
0.921921921922,-0.379501016459,1,0.579530612446,-0.0846398159929,-0.0373763756517,-0.0856719270091,-0.0918853201302,0.959031628905,-0.0184426732566,-0.0839162225379
0.922922922923,-0.39287717541,0,0.363478763061,-0.0846780499048,-0.0387838170294,-0.0857341156633,-0.0926371155841,0.363478763061,-0.019752416594,-0.08464892935
0.923923923924,-0.403038554318,0,0.325471088204,-0.0846688724059,-0.0402147047374,-0.0857489187055,-0.093425092368,0.325471088204,-0.0210863159796,-0.085418597273
0.924924924925,-0.412859016955,0,-0.1563485096,-0.0846112646925,-0.0416652781952,-0.0857153138603,-0.0942450077886,-0.1563485096,-0.0224406108328,-0.0862208948782
0.925925925926,-0.420198542649,0,0.204222038199,-0.0845042441874,-0.0430891182061,-0.085632315924,-0.0950408165805,0.204222038199,-0.023768881957,-0.0869997858047
0.926926926927,-0.427128662643,1,-0.206970973635,-0.0843470688027,-0.0445208282376,-0.0854991770862,-0.0958547297218,0.220157689008,-0.02510575578,-0.0877975208284
0.927927927928,-0.43458573656,1,-2.45493099613,-0.0841390374508,-0.0459209513514,-0.0853151907496,-0.0966386626481,-2.02034525957,-0.026452802347,-0.0886159971794
0.928928928929,-0.44125799189,0,0.206265842739,-0.0838794000886,-0.0470735601865,-0.0850796027104,-0.0972366769575,0.206265842739,-0.0275948101705,-0.0892606860365
0.92992992993,-0.44571821956,0,0.645753865332,-0.0835674839877,-0.0482339368389,-0.0847917289876,-0.0978526674995,0.645753865332,-0.0287453391457,-0.0899241733857
0.930930930931,-0.445976060156,0,-0.064841964838,-0.0832028314343,-0.0494440968883,-0.0844510991105,-0.0985334597947,-0.064841964838,-0.0299464025483,-0.0906533295046
0.931931931932,-0.440663426428,0,-0.657225542764,-0.0827853912789,-0.0506357808328,-0.084057644698,-0.0992004755293,-0.657225542764,-0.0311297408764,-0.0913694743977
0.932932932933,-0.42707604024,0,-0.483057121238,-0.0823156504353,-0.0517520666296,-0.0836118240728,-0.0997860238711,-0.483057121238,-0.0322384320874,-0.0920050696819
0.933933933934,-0.405275668661,0,0.259754510297,-0.0817948933187,-0.0528096658399,-0.0831148795406,-0.100309126126,0.259754510297,-0.0332891996494,-0.0925790839199
0.934934934935,-0.380024142507,0,-0.896650596779,-0.0812251955694,-0.0538799015144,-0.0825688304131,-0.100856167307,-0.896650596779,-0.0343533785205,-0.0931778643802
0.935935935936,-0.35206763466,1,-3.56061985695,-0.0806089664665,-0.0548518161003,-0.0819760337458,-0.101297737269,-3.20855222229,-0.035320011148,-0.0936722463263
0.936936936937,-0.327038358798,0,-0.397306691623,-0.0799488768357,-0.0554698891209,-0.081339133105,-0.101544595955,-0.397306691623,-0.0359673752774,-0.0939746989075
0.937937937938,-0.305021388961,0,0.243992746335,-0.0792473181066,-0.0560379971333,-0.08066049235,-0.101739174124,0.243992746335,-0.036565554551,-0.0942257621855
0.938938938939,-0.290086789941,0,0.435977138619,-0.0785063936629,-0.0566179510161,-0.0799421790002,-0.101956554968,0.435977138619,-0.0371763651549,-0.0945004810883
0.93993993994,-0.282054158764,0,0.151039827126,-0.0777275273725,-0.0572282865204,-0.0791855851477,-0.10221800431,0.151039827126,-0.03781834284,-0.0948201397274
0.940940940941,-0.2784890783,0,-0.348092791274,-0.076911479973,-0.0578416626293,-0.0783914853711,-0.102491750209,-0.348092791274,-0.0384641465895,-0.0951529302132
0.941941941942,-0.279380926338,0,-0.143265288206,-0.0760585817873,-0.0584102571311,-0.0775602009533,-0.102719396437,-0.143265288206,-0.0390659541917,-0.0954404921869
0.942942942943,-0.280136545764,0,-0.36542755541,-0.0751687327043,-0.0589536917041,-0.0766916166307,-0.102924895021,-0.36542755541,-0.039643371964,-0.0957067394124
0.943943943944,-0.279658302061,0,0.267975043972,-0.074241841712,-0.0594506364922,-0.0757856250299,-0.103082243405,0.267975043972,-0.0401750546895,-0.0959256938923
0.944944944945,-0.275439680236,0,-0.440080757551,-0.073277931234,-0.0599619876322,-0.0748421763892,-0.103265441513,-0.440080757551,-0.0407218985049,-0.0961713419599
0.945945945946,-0.266179462588,0,-0.619430960877,-0.072277377143,-0.0604197266592,-0.0738616383579,-0.103391970926,-0.619430960877,-0.0412159179484,-0.0963612151387
0.946946946947,-0.249273916311,0,0.499887455738,-0.0712410336092,-0.0608064483893,-0.0728448897541,-0.103441773809,0.499887455738,-0.041639777226,-0.0964754324889
0.947947947948,-0.225938185893,0,-0.472095168927,-0.0701704841377,-0.0612294929008,-0.0717935162776,-0.103542313186,-0.472095168927,-0.0421008528035,-0.0966413545043
0.948948948949,-0.196844783807,0,-0.289342674467,-0.0690679265784,-0.0615949673866,-0.0707097153651,-0.103581954813,-0.289342674467,-0.0425052315918,-0.0967474332777
0.94994994995,-0.162819516934,0,-1.24310222442,-0.0679361100879,-0.0619198489331,-0.069596188018,-0.103581428094,-1.24310222442,-0.0428698485626,-0.0968142909118
0.950950950951,-0.126664963413,0,0.0410379718946,-0.066778257364,-0.0621128739673,-0.068456265716,-0.103445766387,0.0410379718946,-0.043103439919,-0.096747348322
0.951951951952,-0.0899974250419,0,0.0964674870847,-0.0655977966213,-0.0622976050613,-0.0672934380687,-0.103309219133,0.0964674870847,-0.0433295898415,-0.0966804217416
0.952952952953,-0.0563407791326,0,-0.611128327416,-0.0643982067601,-0.0624791383578,-0.0661112488698,-0.103178133213,-0.611128327416,-0.0435534421378,-0.0966198798981
0.953953953954,-0.0230504995672,0,0.779960787693,-0.0631826792316,-0.062589741848,-0.0649128586216,-0.102970674139,0.779960787693,-0.0437073605592,-0.0964840088559
0.954954954955,0.00576762710242,0,-0.116328759461,-0.0619543719274,-0.0627633824351,-0.0637015580483,-0.102841240371,-0.116328759461,-0.0439253786611,-0.0964272156116
0.955955955956,0.0316614560512,1,6.79735845277,-0.0607160151993,-0.0629139697344,-0.0624801375077,-0.102692415602,6.76569699672,-0.0441214246162,-0.0963520112645
0.956956956957,0.0525836108434,0,-0.70545417381,-0.059470060937,-0.0637052062165,-0.0612510804147,-0.102703950451,-0.70545417381,-0.0449561614197,-0.096438719432
0.957957957958,0.0686545071262,0,-0.454675207474,-0.0582184867724,-0.0644168841891,-0.0600163126137,-0.102629310207,-0.454675207474,-0.0457124354443,-0.096440388221
0.958958958959,0.0810614476609,0,0.2682614821,-0.056962808115,-0.0650731166323,-0.0587774529369,-0.102495924765,0.2682614821,-0.0464143742597,-0.0963843809834
0.95995995996,0.0877021280445,0,-0.887882666203,-0.0557041918236,-0.0657434144381,-0.0575356887442,-0.102388265689,-0.887882666203,-0.0471315297872,-0.0963551331117
0.960960960961,0.0917318958949,0,0.479072025091,-0.0544432533654,-0.0663170656553,-0.0562916014667,-0.102176523316,0.479072025091,-0.0477532311056,-0.0962231218166
0.961961961962,0.0928159761774,0,0.110196568214,-0.0531803585387,-0.0669253924982,-0.0550455070677,-0.102013925562,0.110196568214,-0.048410800429,-0.0961413580423
0.962962962963,0.094858449548,0,-0.429618454299,-0.0519155899513,-0.0675327604755,-0.0537975603777,-0.101858969521,-0.429618454299,-0.0490686032662,-0.0960683201649
0.963963963964,0.0956682852178,0,-0.879251754908,-0.0506491201396,-0.0680871785501,-0.0525479397594,-0.101648025954,-0.879251754908,-0.04967464858,-0.0959404574774
0.964964964965,0.0944136789182,0,-0.422679762294,-0.0493810002853,-0.0685454296077,-0.0512966158041,-0.10133322449,-0.422679762294,-0.0501857192562,-0.0957100963234
0.965965965966,0.0897012644264,0,-0.417704405635,-0.0481110801437,-0.0689513842389,-0.0500434370453,-0.100963083024,-0.417704405635,-0.0506456858853,-0.0954255990388
0.966966966967,0.0799630805801,0,-0.00121965928947,-0.0468388740284,-0.0693056570337,-0.0487879560317,-0.100538252905,-0.00121965928947,-0.0510552083975,-0.095087664875
0.967967967968,0.0667270162959,0,-1.12231418504,-0.0455634104879,-0.0696483755186,-0.0475291812307,-0.100107842605,-1.12231418504,-0.0514544319172,-0.094745346269
0.968968968969,0.0500690912892,0,0.444175001425,-0.0442833796101,-0.0698727901868,-0.046265665553,-0.0995522903563,0.444175001425,-0.0517365994147,-0.0942793598366
0.96996996997,0.0279130055577,0,0.720789710711,-0.0429971407384,-0.0701299182482,-0.0449957940632,-0.0990423788038,0.720789710711,-0.0520527202044,-0.0938601313797
0.970970970971,0.00319029453849,0,-0.0528053929388,-0.0417025236574,-0.0704460258857,-0.043717355759,-0.0986057544778,-0.0528053929388,-0.0524290826366,-0.0935153976346
0.971971971972,-0.0253742803466,1,-1.65170776773,-0.0403971105872,-0.070746753818,-0.0424278394094,-0.0981574688365,-1.62633348738,-0.0527914285002,-0.0931602912529
0.972972972973,-0.0579167713709,0,0.634326671749,-0.0390781143792,-0.0708786568572,-0.0411242940128,-0.0975482351944,0.634326671749,-0.0529887993071,-0.0926474473221
0.973973973974,-0.0916386128862,0,-0.816905108092,-0.0377423663166,-0.071061715681,-0.0398035381645,-0.0970039619298,-0.816905108092,-0.0532387118087,-0.0922009322453
0.974974974975,-0.127491002285,1,-2.8029976341,-0.0363865851925,-0.0711570957643,-0.0384621965564,-0.0963619029368,-2.67550663181,-0.0534023034649,-0.0916582335173
0.975975975976,-0.164613195319,0,0.697989660962,-0.0350072860304,-0.0709740316456,-0.0370965855839,-0.0955281525022,0.697989660962,-0.0533010478526,-0.0909272783138
0.976976976977,-0.200890067775,1,-0.40192602233,-0.033600862304,-0.0708486409232,-0.0357030179151,-0.0947655263189,-0.201035954555,-0.0532588235317,-0.0902688172246
0.977977977978,-0.235054411679,0,0.748762705608,-0.0321637880015,-0.0706754709064,-0.0342779282861,-0.0939500473025,0.748762705608,-0.0531894631037,-0.0895824371421
0.978978978979,-0.264938486084,1,-1.5224409871,-0.0306927383442,-0.0705650551011,-0.0328178738467,-0.0932107449593,-1.25750250101,-0.0531842620424,-0.0889736523947
0.97997997998,-0.290970861851,0,0.229874217445,-0.0291847965168,-0.0702993426493,-0.0313198145549,-0.092317745883,0.229874217445,-0.0530506506411,-0.0882305992443
0.980980980981,-0.310699041183,0,-0.862340481958,-0.0276374109765,-0.0700466322245,-0.0297812593347,-0.0914463797646,-0.862340481958,-0.052931493682,-0.0875107012925
0.981981981982,-0.323300462394,0,-0.0620928919476,-0.0260486297535,-0.0697021532566,-0.0282001934111,-0.0904729756102,-0.0620928919476,-0.0527220720727,-0.0866905132374
0.982982982983,-0.328203968575,1,2.99639729203,-0.0244171782271,-0.0693430704389,-0.0265752342099,-0.0894871220417,3.32460126061,-0.0524996558629,-0.0858594402211
0.983983983984,-0.326198263702,0,-1.51908018863,-0.0227425127859,-0.0692633624749,-0.0249059361577,-0.0886633270263,-1.51908018863,-0.0525897849638,-0.0851932440591
0.984984984985,-0.319541267257,0,0.933881146346,-0.0210247446531,-0.069029430223,-0.0231923279066,-0.087686718396,0.933881146346,-0.0525273529048,-0.0843761506027
0.985985985986,-0.309246685654,1,-4.97805419803,-0.0192644235555,-0.0688764898498,-0.0214348949505,-0.0868032315803,-4.66880751238,-0.0525476379797,-0.0836537825385
0.986986986987,-0.30036400691,0,-0.037819284928,-0.0174624409562,-0.0682369052644,-0.0196346212544,-0.0857250977542,-0.037819284928,-0.0521128038875,-0.0827391624907
0.987987987988,-0.295198674379,0,-0.329058083223,-0.015619545979,-0.067584974074,-0.0177920967865,-0.0846376132483,-0.329058083223,-0.0516675110099,-0.0818168225917
0.988988988989,-0.293881883115,0,0.407222820892,-0.0137361247871,-0.0668927262716,-0.0159077932067,-0.0835061446623,0.407222820892,-0.0511837893396,-0.0808523246923
0.98998998999,-0.299763512544,0,-0.366684163807,-0.0118121885306,-0.0662308967583,-0.0139816950031,-0.0824166806108,-0.366684163807,-0.0507324420878,-0.0799315480765
0.990990990991,-0.308799512023,0,0.431778697934,-0.00984705185001,-0.0655253163915,-0.0120130042671,-0.0812788115868,0.431778697934,-0.0502394378372,-0.0789644148911
0.991991991992,-0.32062099573,0,-0.81354028149,-0.00783972067133,-0.0648527112396,-0.0100008559921,-0.0801857101173,-0.81354028149,-0.0497815720719,-0.0780440770495
0.992992992993,-0.332440665884,0,-0.20312123757,-0.00578892746291,-0.0640933681896,-0.00794379747634,-0.0789955497389,-0.20312123757,-0.049239131679,-0.0770288814153
0.993993993994,-0.341684028546,1,2.21859930073,-0.00369339912059,-0.063305677647,-0.00584070542279,-0.0777757763716,2.56028332928,-0.0486705070639,-0.0759861474709
0.994994994995,-0.348305196921,0,-1.38820575222,-0.00155210438816,-0.062722128064,-0.0036904222824,-0.0767107315776,-1.38820575222,-0.0483409880832,-0.0751051914499
0.995995995996,-0.353134884726,0,-1.28684676092,0.000635741073524,-0.0619964784993,-0.00149224791719,-0.0755010829512,-1.28684676092,-0.0478715323911,-0.0740819242808
0.996996996997,-0.356272872202,1,-2.55226692255,0.00287075353944,-0.061138287174,0.000754496220301,-0.0741536714073,-2.19599405035,-0.0472717748373,-0.0729233285439
0.997997997998,-0.356863753878,0,0.291674587124,0.00515339041619,-0.0600257801601,0.00305023746738,-0.0726193431442,0.291674587124,-0.0464542200445,-0.0715871711785
0.998998998999,-0.354006648425,0,-0.150719650903,0.00748386767602,-0.058931710056,0.00539520888176,-0.07111331604,-0.150719650903,-0.0456574186888,-0.0702814587852
1,-0.346492671098,1,2.02890013346,0.00986207276375,-0.057813507468,0.00778929317293,-0.0695833129283,2.37539280455,-0.0448388013767,-0.0689539888737
